county,vendor_name,instructor_names,website_url,phone,email,city,state,source_url,source_type
alpine,California Online CCW,,https://californiaonlineccw.com/alpine-county-so,530-694-2231,,Markleeville,CA,https://permitium-downloads.s3.us-east-1.amazonaws.com/Alpine+PD/CCW_Instructors.pdf,pdf
alpine,Case Defensive Training Group,,https://casedefensivetraininggroup.com,209-665-5541,,Angels Camp,CA,https://permitium-downloads.s3.us-east-1.amazonaws.com/Alpine+PD/CCW_Instructors.pdf,pdf
alpine,Dynamic CCW Academy,,https://calaverasccw.com,209-770-5550,,Arnold,CA,https://permitium-downloads.s3.us-east-1.amazonaws.com/Alpine+PD/CCW_Instructors.pdf,pdf
alpine,Northern Firearms Instruction,,https://countyccw.com,530-776-4855,,Several Northern California Counties,CA,https://permitium-downloads.s3.us-east-1.amazonaws.com/Alpine+PD/CCW_Instructors.pdf,pdf
alpine,Sierra CCW Firearms Training,,,530-563-6397,,Truckee,CA,https://permitium-downloads.s3.us-east-1.amazonaws.com/Alpine+PD/CCW_Instructors.pdf,pdf
amador,Accuracy Firearm Training,,,916-316-6996,Exglock@gmail.com,Rocklin,CA,https://cdn.prod.website-files.com/654e71019f991190fc202044/694054907e63abf37ed1430b_10-23-25-AmadorSO_Approved-CCW-Vendor-list-Rev-101624-(1)-a844f5.pdf,pdf
amador,All American Safety LLC,Rick Tran,,916-267-3882,AllAmericanSafetyLLC@gmail.com,El Dorado Hills,CA,https://cdn.prod.website-files.com/654e71019f991190fc202044/694054907e63abf37ed1430b_10-23-25-AmadorSO_Approved-CCW-Vendor-list-Rev-101624-(1)-a844f5.pdf,pdf
amador,Amador CCW Instruction,Mike Neff,,209-304-1420,mikeneff@volcano.net,Fiddletown,CA,https://cdn.prod.website-files.com/654e71019f991190fc202044/694054907e63abf37ed1430b_10-23-25-AmadorSO_Approved-CCW-Vendor-list-Rev-101624-(1)-a844f5.pdf,pdf
amador,Applied Firearms Training LLC,Don Sozzi,,209-981-7325,,Plymouth,CA,https://cdn.prod.website-files.com/654e71019f991190fc202044/694054907e63abf37ed1430b_10-23-25-AmadorSO_Approved-CCW-Vendor-list-Rev-101624-(1)-a844f5.pdf,pdf
amador,Archer CCW,Kevin Archer,,559-760-0746,kma_4040@hotmail.com,Amador County,CA,https://cdn.prod.website-files.com/654e71019f991190fc202044/694054907e63abf37ed1430b_10-23-25-AmadorSO_Approved-CCW-Vendor-list-Rev-101624-(1)-a844f5.pdf,pdf
amador,Basic Firearms Training,Philip Webster,https://www.basicfirearmstraining.net,916-718-0976,,Sacramento,CA,https://cdn.prod.website-files.com/654e71019f991190fc202044/694054907e63abf37ed1430b_10-23-25-AmadorSO_Approved-CCW-Vendor-list-Rev-101624-(1)-a844f5.pdf,pdf
amador,Bellicose Family Safety Solutions,,,530-272-2465,,Grass Valley,CA,https://cdn.prod.website-files.com/654e71019f991190fc202044/694054907e63abf37ed1430b_10-23-25-AmadorSO_Approved-CCW-Vendor-list-Rev-101624-(1)-a844f5.pdf,pdf
amador,Cali Gunlady,Erica Mitchell,,209-637-7085,CaliGunLady@gmail.com,Sloughhouse,CA,https://cdn.prod.website-files.com/654e71019f991190fc202044/694054907e63abf37ed1430b_10-23-25-AmadorSO_Approved-CCW-Vendor-list-Rev-101624-(1)-a844f5.pdf,pdf
amador,Conway Defense,,,209-762-7862,NTConway@comcast.net,Amador County,CA,https://cdn.prod.website-files.com/654e71019f991190fc202044/694054907e63abf37ed1430b_10-23-25-AmadorSO_Approved-CCW-Vendor-list-Rev-101624-(1)-a844f5.pdf,pdf
amador,Defensive Accuracy,,https://www.daccw.com,408-687-3791,,Lodi,CA,https://cdn.prod.website-files.com/654e71019f991190fc202044/694054907e63abf37ed1430b_10-23-25-AmadorSO_Approved-CCW-Vendor-list-Rev-101624-(1)-a844f5.pdf,pdf
amador,Delta Romeo Firearms Training,Darren Riddiough,https://www.deltaromeoft.com,,,Fair Oaks,CA,https://cdn.prod.website-files.com/654e71019f991190fc202044/694054907e63abf37ed1430b_10-23-25-AmadorSO_Approved-CCW-Vendor-list-Rev-101624-(1)-a844f5.pdf,pdf
amador,Forensic Consultant Services,Michael Oliveira,,209-795-0985,,Arnold,CA,https://cdn.prod.website-files.com/654e71019f991190fc202044/694054907e63abf37ed1430b_10-23-25-AmadorSO_Approved-CCW-Vendor-list-Rev-101624-(1)-a844f5.pdf,pdf
amador,Gold Country Firearms,Joe Dirickx,https://www.gcfguns.com,209-223-0000,ccwtrainer@live.com,Jackson,CA,https://cdn.prod.website-files.com/654e71019f991190fc202044/694054907e63abf37ed1430b_10-23-25-AmadorSO_Approved-CCW-Vendor-list-Rev-101624-(1)-a844f5.pdf,pdf
amador,Lagomarsino's Firearm,Wesley Lagomarsino,https://www.lfiguns.com,209-401-0907,,Sloughhouse,CA,https://cdn.prod.website-files.com/654e71019f991190fc202044/694054907e63abf37ed1430b_10-23-25-AmadorSO_Approved-CCW-Vendor-list-Rev-101624-(1)-a844f5.pdf,pdf
amador,Make Ready Firearms Training,Samuel Paredes,,916-717-0908,,Folsom,CA,https://cdn.prod.website-files.com/654e71019f991190fc202044/694054907e63abf37ed1430b_10-23-25-AmadorSO_Approved-CCW-Vendor-list-Rev-101624-(1)-a844f5.pdf,pdf
amador,Morgan Training Center,Donald Morgan,,916-296-7873,MorganTrainingCenter@gmail.com,Elk Grove,CA,https://cdn.prod.website-files.com/654e71019f991190fc202044/694054907e63abf37ed1430b_10-23-25-AmadorSO_Approved-CCW-Vendor-list-Rev-101624-(1)-a844f5.pdf,pdf
amador,New Man's Karate,,,530-622-2330,,Placerville,CA,https://cdn.prod.website-files.com/654e71019f991190fc202044/694054907e63abf37ed1430b_10-23-25-AmadorSO_Approved-CCW-Vendor-list-Rev-101624-(1)-a844f5.pdf,pdf
amador,NTS Next Threat Solutions,,https://www.nextthreatsolutions.com,916-306-7959,info@nextthreatsolutions.com,El Dorado Hills,CA,https://cdn.prod.website-files.com/654e71019f991190fc202044/694054907e63abf37ed1430b_10-23-25-AmadorSO_Approved-CCW-Vendor-list-Rev-101624-(1)-a844f5.pdf,pdf
amador,One on One Firearm Instruction,Joseph Truesdale,https://www.calcarry.com,916-494-9663,,Rocklin,CA,https://cdn.prod.website-files.com/654e71019f991190fc202044/694054907e63abf37ed1430b_10-23-25-AmadorSO_Approved-CCW-Vendor-list-Rev-101624-(1)-a844f5.pdf,pdf
amador,Peabody's Gun Range,,https://www.peabodygsunrange.com,916-644-0991,geofpeabody@gmail.com,Placerville,CA,https://cdn.prod.website-files.com/654e71019f991190fc202044/694054907e63abf37ed1430b_10-23-25-AmadorSO_Approved-CCW-Vendor-list-Rev-101624-(1)-a844f5.pdf,pdf
amador,Peoples Firearms Training,,,530-919-3964,,Placerville,CA,https://cdn.prod.website-files.com/654e71019f991190fc202044/694054907e63abf37ed1430b_10-23-25-AmadorSO_Approved-CCW-Vendor-list-Rev-101624-(1)-a844f5.pdf,pdf
amador,Pistols In The Pines,Laura Parker,,916-647-7632,,Ione,CA,https://cdn.prod.website-files.com/654e71019f991190fc202044/694054907e63abf37ed1430b_10-23-25-AmadorSO_Approved-CCW-Vendor-list-Rev-101624-(1)-a844f5.pdf,pdf
amador,Protection Plus Tactics,Shawn Way,https://www.protectionplustactics.com,916-577-2522,,Loomis,CA,https://cdn.prod.website-files.com/654e71019f991190fc202044/694054907e63abf37ed1430b_10-23-25-AmadorSO_Approved-CCW-Vendor-list-Rev-101624-(1)-a844f5.pdf,pdf
amador,ROZO Tactical,,https://www.rozotactical.com,209-916-5113,,Copperopolis,CA,https://cdn.prod.website-files.com/654e71019f991190fc202044/694054907e63abf37ed1430b_10-23-25-AmadorSO_Approved-CCW-Vendor-list-Rev-101624-(1)-a844f5.pdf,pdf
amador,RMC Firearms Instruction,Robert Cristoni,,916-747-3817,ccwinstr@gmail.com,Foresthill,CA,https://cdn.prod.website-files.com/654e71019f991190fc202044/694054907e63abf37ed1430b_10-23-25-AmadorSO_Approved-CCW-Vendor-list-Rev-101624-(1)-a844f5.pdf,pdf
amador,Security Academy at McClellan,,,916-333-5308,,McClellan,CA,https://cdn.prod.website-files.com/654e71019f991190fc202044/694054907e63abf37ed1430b_10-23-25-AmadorSO_Approved-CCW-Vendor-list-Rev-101624-(1)-a844f5.pdf,pdf
amador,SAFETraining.us,,,,,El Dorado,CA,https://cdn.prod.website-files.com/654e71019f991190fc202044/694054907e63abf37ed1430b_10-23-25-AmadorSO_Approved-CCW-Vendor-list-Rev-101624-(1)-a844f5.pdf,pdf
amador,"Solution Six:8, Inc",,https://www.solution68.com,916-753-1865,mrayfield@solution68.com,Elk Grove,CA,https://cdn.prod.website-files.com/654e71019f991190fc202044/694054907e63abf37ed1430b_10-23-25-AmadorSO_Approved-CCW-Vendor-list-Rev-101624-(1)-a844f5.pdf,pdf
amador,Spartan Defense,,,209-202-8283,,Valley Springs,CA,https://cdn.prod.website-files.com/654e71019f991190fc202044/694054907e63abf37ed1430b_10-23-25-AmadorSO_Approved-CCW-Vendor-list-Rev-101624-(1)-a844f5.pdf,pdf
amador,Total Training Solutions Group,Fidel Taylor,,855-550-8755,,Lake Havasu,AZ,https://cdn.prod.website-files.com/654e71019f991190fc202044/694054907e63abf37ed1430b_10-23-25-AmadorSO_Approved-CCW-Vendor-list-Rev-101624-(1)-a844f5.pdf,pdf
amador,Vandagriff Consulting,Erik Vandagriff,,530-320-8858,evandagriff@sebastiancorp.net,Foresthill,CA,https://cdn.prod.website-files.com/654e71019f991190fc202044/694054907e63abf37ed1430b_10-23-25-AmadorSO_Approved-CCW-Vendor-list-Rev-101624-(1)-a844f5.pdf,pdf
amador,Weapons Training School,,https://www.weaponstrainingschool.com,209-532-6677,,Jamestown,CA,https://cdn.prod.website-files.com/654e71019f991190fc202044/694054907e63abf37ed1430b_10-23-25-AmadorSO_Approved-CCW-Vendor-list-Rev-101624-(1)-a844f5.pdf,pdf
amador,West Point Concealed Weapons Training,G.L Young,,209-293-4527,,West Point,CA,https://cdn.prod.website-files.com/654e71019f991190fc202044/694054907e63abf37ed1430b_10-23-25-AmadorSO_Approved-CCW-Vendor-list-Rev-101624-(1)-a844f5.pdf,pdf
amador,Safely Carry,,https://www.safelycarry.com,916-296-4076,safelycarry@gmail.com,Eldorado Hills,CA,https://cdn.prod.website-files.com/654e71019f991190fc202044/694054907e63abf37ed1430b_10-23-25-AmadorSO_Approved-CCW-Vendor-list-Rev-101624-(1)-a844f5.pdf,pdf
butte,Angel's Firearm Instruction,,https://www.angelsfirearmsinstruction.com,(530) 990-1807,djtdangel@sbcglobal.net,Chico,CA,https://www.buttecounty.net/DocumentCenter/View/15396/CCW-Providers-04-14-25,pdf
butte,AFI Crossed Star Firearms,,https://www.crossedstarfirearms.com,(530) 790-5187,crossedstarfirearms@yahoo.com,Chico,CA,https://www.buttecounty.net/DocumentCenter/View/15396/CCW-Providers-04-14-25,pdf
butte,Armed Safety Firearms Instruction,,,(530) 300-8000,armedsafety@yahoo.com,Oroville,CA,https://www.buttecounty.net/DocumentCenter/View/15396/CCW-Providers-04-14-25,pdf
butte,Down Range Indoor Training Center,,https://www.downrangechico.com,(530) 896-1992,info@DownRangeChico.com,Chico,CA,https://www.buttecounty.net/DocumentCenter/View/15396/CCW-Providers-04-14-25,pdf
butte,Azevedo Firearms Training,,,(530) 518-9210,azevedofirearms@sbcglobal.net,Biggs,CA,https://www.buttecounty.net/DocumentCenter/View/15396/CCW-Providers-04-14-25,pdf
butte,Echo Whiskey Tactical,,https://www.echowhiskeytactical.com,(530) 690-5599,info@echowhiskeytactical.com,Durham,CA,https://www.buttecounty.net/DocumentCenter/View/15396/CCW-Providers-04-14-25,pdf
butte,"Black Oak Training, Inc.",,https://www.blackoaktraining.com,(530) 624-1562,info@blackoaktraining.com,Magalia,CA,https://www.buttecounty.net/DocumentCenter/View/15396/CCW-Providers-04-14-25,pdf
butte,Hammer Down,,https://www.hammerdowntactical.com,(530) 712-5432,info@hammerdowntactical.com,Oroville,CA,https://www.buttecounty.net/DocumentCenter/View/15396/CCW-Providers-04-14-25,pdf
butte,Miladi Defense,,https://www.miladidefense.com,(530) 713-5139,staff@miladidefence.com,Chico,CA,https://www.buttecounty.net/DocumentCenter/View/15396/CCW-Providers-04-14-25,pdf
butte,Chico Rod & Gun Club,,https://www.chicogunclub.org,(530) 715-0145,chicogunclub@gmail.com,Chico,CA,https://www.buttecounty.net/DocumentCenter/View/15396/CCW-Providers-04-14-25,pdf
butte,Monty's Combat Arms,,,(530) 531-5150,montyscombatarms@gmail.com,Gridley,CA,https://www.buttecounty.net/DocumentCenter/View/15396/CCW-Providers-04-14-25,pdf
butte,Jim's Sporting Goods,,,(530) 632-1462,jhrogers@comcast.net,Biggs,CA,https://www.buttecounty.net/DocumentCenter/View/15396/CCW-Providers-04-14-25,pdf
butte,Northern Firearms Instruction,,https://www.usgunpro.com,(530) 999-1822,Ted@usgunpro.com,Chico,CA,https://www.buttecounty.net/DocumentCenter/View/15396/CCW-Providers-04-14-25,pdf
butte,Red Dot Self Defense,,https://www.facebook.com/reddotselfdefense,(209) 920-7162,RedDotSelfDefense@gmail.com,Chico,CA,https://www.buttecounty.net/DocumentCenter/View/15396/CCW-Providers-04-14-25,pdf
butte,Vandagriff Consulting,,,(530) 320-8858,erikvandagriff@gmail.com,Richvale,CA,https://www.buttecounty.net/DocumentCenter/View/15396/CCW-Providers-04-14-25,pdf
butte,Patrick Benedict Firearms Training,,,(916) 704-4963,pbenedict74@gmail.com,Oroville,CA,https://www.buttecounty.net/DocumentCenter/View/15396/CCW-Providers-04-14-25,pdf
calaveras,Baxter Firearms Training,Michael Baxter,,(916) 729-8377,mike@alwaysBtraining.com,Sloughhouse,CA,https://sheriff.calaverasgov.us/Records-Civil/CCW,webpage
calaveras,Bear Arms Defense,Seth Yeadon,,(209) 768-8378,seth-yeadon@hotmail.com,Angels Camp,CA,https://sheriff.calaverasgov.us/Records-Civil/CCW,webpage
calaveras,Bellicose Family Safety Solutions,Karen Cose,,(530) 272-2465,kjcbellicose@gmail.com,Grass Valley,CA,https://sheriff.calaverasgov.us/Records-Civil/CCW,webpage
calaveras,Bill Tidwell,Bill Tidwell,,(510) 552-4742,bill@train2besafe.com,Jamestown,CA,https://sheriff.calaverasgov.us/Records-Civil/CCW,webpage
calaveras,Called2Arms Gun Range,,https://sintexsecurity.com,(209) 5757-4867,Sintex2@aol.com,Modesto,CA,https://sheriff.calaverasgov.us/Records-Civil/CCW,webpage
calaveras,Capito Frye Private Eye,Jason Frye,,(209) 770-6283,forenspsych@ymail.com,Columbia,CA,https://sheriff.calaverasgov.us/Records-Civil/CCW,webpage
calaveras,Case Defensive Training Group,Chad P. Case,https://casedefensivetraininggroup.com,(209) 665-5541,,Angels Camp,CA,https://sheriff.calaverasgov.us/Records-Civil/CCW,webpage
calaveras,CJ'S World,,https://www.cjsworld.net,(209) 905-8615,info@cjsworld.net,Stockton,CA,https://sheriff.calaverasgov.us/Records-Civil/CCW,webpage
calaveras,Coco Firearm Training,Timothy Trickel,https://cocofirearmtraining.com,(925) 384-1920,tim@cocofirearmtraining.com,Sloughhouse,CA,https://sheriff.calaverasgov.us/Records-Civil/CCW,webpage
calaveras,Concealed Coalition,,https://www.concealedcoalition.com,(800) 805-2238,info@concealedcoalition.com,Manteca,CA,https://sheriff.calaverasgov.us/Records-Civil/CCW,webpage
calaveras,"Defensive Accuracy, LLC",,https://www.daccw.com,(408) 687-3791,,Linden,CA,https://sheriff.calaverasgov.us/Records-Civil/CCW,webpage
calaveras,Defensive Weapons School,Dan Souza,,(925) 549-0480,dan_souza05@yahoo.com,Valley Springs,CA,https://sheriff.calaverasgov.us/Records-Civil/CCW,webpage
calaveras,Dobbs Firearms Training,Charles Dobbs,,(888) 486-0250,cdobbs@dobbsfirearmtraining.com,Sloughhouse,CA,https://sheriff.calaverasgov.us/Records-Civil/CCW,webpage
calaveras,Dynamic CCW Academy,Tim Muetterties,https://www.calaverasccw.com,(209) 770-5550,tim@skibear.com,Angels Camp,CA,https://sheriff.calaverasgov.us/Records-Civil/CCW,webpage
calaveras,"First Response, Firearms & Tactical Training",,https://firstresponsetrng.com,(209) 625-8016,,Linden,CA,https://sheriff.calaverasgov.us/Records-Civil/CCW,webpage
calaveras,Forensic Consultant Services,Michael Oliveira,,(925) 872-9764,michael@forensicconsultantservices.com,Angels Camp,CA,https://sheriff.calaverasgov.us/Records-Civil/CCW,webpage
calaveras,Fred's Firearms,,https://www.fredsfirearms.net,(209) 840-2126,Fredsfirearms@gmail.com,Oakdale,CA,https://sheriff.calaverasgov.us/Records-Civil/CCW,webpage
calaveras,Grover Group,,https://ggccw.biz,(510) 676-6076,anoop@grovergroup.biz,Tracy,CA,https://sheriff.calaverasgov.us/Records-Civil/CCW,webpage
calaveras,Gunlady Defensive Firearms Training,Erica Mitchell,,(209) 637-7085,caligunlady@gmail.com,Sloughhouse,CA,https://sheriff.calaverasgov.us/Records-Civil/CCW,webpage
calaveras,"Kiwi's Custom Guns, Inc.",,https://www.kiwiscustomguns.com,(209) 863-2355,info@kiwiscustomguns.com,Riverbank,CA,https://sheriff.calaverasgov.us/Records-Civil/CCW,webpage
calaveras,KW Defense,Chuck Fields,https://www.kwdefense.com,(209) 451-4111,info@kwdefense.com,Stockton,CA,https://sheriff.calaverasgov.us/Records-Civil/CCW,webpage
calaveras,Lagomarsino's Firearms Institute,,https://www.lfiguns.com,(209) 401-0907,ccwtrainer@live.com,Sacramento,CA,https://sheriff.calaverasgov.us/Records-Civil/CCW,webpage
calaveras,Loyal Arms,,,(916) 680-9888,emilio@loyalarms.com,Folsom,CA,https://sheriff.calaverasgov.us/Records-Civil/CCW,webpage
calaveras,"Madison Society Foundation, Inc.",,,(209) 318-5730,Registration@madisonsocietyfoundation.org,,CA,https://sheriff.calaverasgov.us/Records-Civil/CCW,webpage
calaveras,Northern Firearms Instruction,Seth Stout,https://countyccw.com,(530) 999-1822,sstout@usgunpro.com,Calaveras,CA,https://sheriff.calaverasgov.us/Records-Civil/CCW,webpage
calaveras,Red Dot Self Defense,,,(209) 920-7162,reddotselfdefense@gmail.com,Sloughhouse,CA,https://sheriff.calaverasgov.us/Records-Civil/CCW,webpage
calaveras,RMC Firearms Instruction,,,(916) 747-3817,ccwinstr@gmail.com,Foresthill,CA,https://sheriff.calaverasgov.us/Records-Civil/CCW,webpage
calaveras,Rosengarten Firearm Training,Marcelo; Richard,,(209) 610-1425,rosengartenfirearmtraining@gmail.com,Ripon,CA,https://sheriff.calaverasgov.us/Records-Civil/CCW,webpage
calaveras,"ROZO Tactical, LLC",Ryan Oatts,,(209) 916-5113,rozotactical@gmail.com,Copperopolis,CA,https://sheriff.calaverasgov.us/Records-Civil/CCW,webpage
calaveras,Security & Firearms Training Academy,,,(916) 500-1442,Sherryann@safta-inc.com,North Highlands,CA,https://sheriff.calaverasgov.us/Records-Civil/CCW,webpage
calaveras,Shooters on the Line,,,(916) 337-1753,shootersontheline@yahoo.com,Sloughhouse,CA,https://sheriff.calaverasgov.us/Records-Civil/CCW,webpage
calaveras,Sierra Shield Firearms Training,,,(530) 387-0110,store@sierrashield.com,Placerville,CA,https://sheriff.calaverasgov.us/Records-Civil/CCW,webpage
calaveras,Spartan Defense of California,Fidel Taylor,https://www.trainwithspartan.com,(209) 202-8283,,Valley Springs,CA,https://sheriff.calaverasgov.us/Records-Civil/CCW,webpage
calaveras,Vandagriff Consulting,Eric Vandagriff,,(530) 320-8858,evandagriff@sebastiancorp.net,Foresthill,CA,https://sheriff.calaverasgov.us/Records-Civil/CCW,webpage
calaveras,Weapons Training School,,https://www.weaponstrainingschool.com,(209) 532-6677,,Jamestown,CA,https://sheriff.calaverasgov.us/Records-Civil/CCW,webpage
calaveras,West Point Concealed Weapons Training,G. L. Young,,(209) 293-4527,wpcwt@pacbell.net,West Point,CA,https://sheriff.calaverasgov.us/Records-Civil/CCW,webpage
el-dorado,Armed and Hammered,,,(916) 871-6007,Armedandhammered2022@gmail.com,El Dorado Hills,CA,https://eldoradoca.permitium.com/ccw/start,portal
el-dorado,Best Handgun Training,,https://www.besthandguntraining.com,(916) 744-6969,,Lincoln,CA,https://eldoradoca.permitium.com/ccw/start,portal
el-dorado,Big Horn Gun Shop,,https://bighornfirearms.com,(530) 642-1892,,El Dorado,CA,https://eldoradoca.permitium.com/ccw/start,portal
el-dorado,Dead Eye CCW,,,(408) 234-4903,Deadyeyeccw@hotmail.com,El Dorado Hills,CA,https://eldoradoca.permitium.com/ccw/start,portal
el-dorado,Defense Shot,,https://defenseshot.com,(530) 206-6377,,El Dorado Hills,CA,https://eldoradoca.permitium.com/ccw/start,portal
el-dorado,Defense Triad,,https://www.defensivetriad.com,(916) 765-5661,,Rocklin,CA,https://eldoradoca.permitium.com/ccw/start,portal
el-dorado,Hangtown Range,,https://www.hangtownrange.net,(530) 497-5443,,Placerville,CA,https://eldoradoca.permitium.com/ccw/start,portal
el-dorado,Lagomarsino's Firearm Institute Inc,,https://www.lfiguns.com,(209) 401-0907,,Sacramento,CA,https://eldoradoca.permitium.com/ccw/start,portal
el-dorado,Lock-n-Load,,https://www.locknloadconcealedcarry.com,(916) 705-2258,,El Dorado Hills,CA,https://eldoradoca.permitium.com/ccw/start,portal
el-dorado,Loyal Arms,,https://www.loyalarms.com,(916) 680-9888,,Folsom,CA,https://eldoradoca.permitium.com/ccw/start,portal
el-dorado,New Man's Karate,Scott Neuman,https://newmanskarate.com,530-622-2330,,Placerville,CA,https://eldoradoca.permitium.com/ccw/start,portal
el-dorado,Next Threat Solutions,,https://www.nextthreatsoulutions.com,916-306-7959,,El Dorado Hills,CA,https://eldoradoca.permitium.com/ccw/start,portal
el-dorado,Northern Firearms Instruction,,https://countyccw.com,530-999-1822,,Rocklin,CA,https://eldoradoca.permitium.com/ccw/start,portal
el-dorado,One on One Firearms Instruction LLC,,https://www.oneononefirearms.com,(916) 494-9663,,Sacramento,CA,https://eldoradoca.permitium.com/ccw/start,portal
el-dorado,Personalized Armed Defense,,,530-409-2346,Cjeremica@gmail.com,Rescue,CA,https://eldoradoca.permitium.com/ccw/start,portal
el-dorado,Personal Defense Weapons,,,530-919-3964,Pdweldoradocounty@gmail.com,El Dorado Hills,CA,https://eldoradoca.permitium.com/ccw/start,portal
el-dorado,Sacramento Gun Range,,,916-246-2010,c.schager@sgrange.us,Sacramento,CA,https://eldoradoca.permitium.com/ccw/start,portal
el-dorado,Safely Carry,,https://www.safelycarry.com,916-296-4076,,El Dorado Hills,CA,https://eldoradoca.permitium.com/ccw/start,portal
el-dorado,Shoot Don't Shoot,,https://sdsshootdontshoot.com,(530) 409-4211,,Placerville,CA,https://eldoradoca.permitium.com/ccw/start,portal
el-dorado,Sierra Mountain Firearms,,https://sierramountainfirearms.com,(530) 387-0110,,Shingle Springs,CA,https://eldoradoca.permitium.com/ccw/start,portal
el-dorado,AAO,,https://aao-co.com,(707) 400-3677,Bryan@aao-co.com,,,https://eldoradoca.permitium.com/ccw/start,portal
el-dorado,Northern Firearms Instruction,,https://californiaonlineccw.com/northern-firearms-instruction#available-course,(530) 999-1822,sstout@usgunpro.com,,,https://eldoradoca.permitium.com/ccw/start,portal
el-dorado,Safe Insight,,https://safeinsight.myshopify.com/collections/non-resident-ccw,,Admin@Safeinsight.net,,,https://eldoradoca.permitium.com/ccw/start,portal
fresno,Jim Bernardi Firearms Consulting,Jim Bernardi,,(559) 683-5869,BernardiFirearms@gmail.com,,,https://www.fresnosheriff.org/images/pdfs/01052026%20CCW%20Instructor%20List.pdf,pdf
fresno,Aggy's Firearms Training,Tony Aguilar,,(559) 907-0350,snakedogsert@yahoo.com,,,https://www.fresnosheriff.org/images/pdfs/01052026%20CCW%20Instructor%20List.pdf,pdf
fresno,Freedom Firearms Accessories & CCW Training,Rick Field,,(559) 999-2939,field.rick@att.net,Fresno,CA,https://www.fresnosheriff.org/images/pdfs/01052026%20CCW%20Instructor%20List.pdf,pdf
fresno,Kings Gun Center,Todd Cotta; Mark Evans; Patrick Fowler; Christopher Pietroforte; Austin Traylor; Christopher Costello; Shannon Cernosek,,(559) 585-2000,Info@KingsGunCenter.com,Hanford,CA,https://www.fresnosheriff.org/images/pdfs/01052026%20CCW%20Instructor%20List.pdf,pdf
fresno,Advanced Combat Evolutions,Matt Alexander,,,info@advancedcombatevolutions.com,,,https://www.fresnosheriff.org/images/pdfs/01052026%20CCW%20Instructor%20List.pdf,pdf
fresno,Private Instructor,Justin Williamson,,,jwccwcertification@gmail.com,,,https://www.fresnosheriff.org/images/pdfs/01052026%20CCW%20Instructor%20List.pdf,pdf
fresno,Madera Regional Training Facility,Donald Wallace,,(559) 822-6400,ccw@maderafirearms.com,,,https://www.fresnosheriff.org/images/pdfs/01052026%20CCW%20Instructor%20List.pdf,pdf
fresno,Fresno Rifle & Pistol Club,Atif Rana,,(559) 299-6365,frpcstaff@yahoo.com,Clovis,CA,https://www.fresnosheriff.org/images/pdfs/01052026%20CCW%20Instructor%20List.pdf,pdf
fresno,Next Step Training,Jeffery Watkins,,(559) 707-3250,jeff@nextsteptraining4me.com,,,https://www.fresnosheriff.org/images/pdfs/01052026%20CCW%20Instructor%20List.pdf,pdf
fresno,On Target Firearms Instruction,"Gilbert ""Andy"" Washington",,(559) 307-4254,chiefrangemaster1@gmail.com,,,https://www.fresnosheriff.org/images/pdfs/01052026%20CCW%20Instructor%20List.pdf,pdf
fresno,Hard Focus Firearms Training. LLC,Matthew Haywood,,(209) 564-0332,hardfocustraining@gmail.com,,,https://www.fresnosheriff.org/images/pdfs/01052026%20CCW%20Instructor%20List.pdf,pdf
fresno,Concealed Coalition,Terry Scharfe; Alton Swayne; Anthony Bauer; Brian Chesmore; Nhon Nguyen; Jesse Blanpied; Michael Velasquez,https://www.concealedcoalition.com,(800) 805-2236,info@concealedcoalition.com,,,https://www.fresnosheriff.org/images/pdfs/01052026%20CCW%20Instructor%20List.pdf,pdf
fresno,JLPFI - John Lewis Professional Firearms Instruction,John Lewis,https://www.jlpfi.com,(559) 349-3833,johnlpfi@gmail.com,Clovis,,https://www.fresnosheriff.org/images/pdfs/01052026%20CCW%20Instructor%20List.pdf,pdf
fresno,Tactical 360,Chris Martinez,,(661) 497-3089,tactical360training@gmail.com,,,https://www.fresnosheriff.org/images/pdfs/01052026%20CCW%20Instructor%20List.pdf,pdf
fresno,All Amercian Firearms Training,Manuel Duran,,(559) 352-9722,manuel.duranjr@icloud.com,,,https://www.fresnosheriff.org/images/pdfs/01052026%20CCW%20Instructor%20List.pdf,pdf
fresno,High Caliber Tactical,Donald Penner,,(559) 903-7547,varminator@comcast.net,,,https://www.fresnosheriff.org/images/pdfs/01052026%20CCW%20Instructor%20List.pdf,pdf
fresno,Operational Strategic Innovations Group,Ron J. Pierini,,(559) 417-9494,osig.official@gmail.com,,,https://www.fresnosheriff.org/images/pdfs/01052026%20CCW%20Instructor%20List.pdf,pdf
fresno,Foothill Training,Steve Collins; Matt Alexander,https://www.foothilltraining.com,(559) 355-3818,stevesea58@gmail.com,,,https://www.fresnosheriff.org/images/pdfs/01052026%20CCW%20Instructor%20List.pdf,pdf
fresno,Premier Tactical Training Services,Matthew Pimentel,,(559) 779-7742,premiertacticaltraining@hotmail.com,Fresno,,https://www.fresnosheriff.org/images/pdfs/01052026%20CCW%20Instructor%20List.pdf,pdf
fresno,Elite Training Solutions,Eric Olson,,(559) 765-7702,jetsgt91@gmail.com,,,https://www.fresnosheriff.org/images/pdfs/01052026%20CCW%20Instructor%20List.pdf,pdf
fresno,Marshall Security Training Academy,Edmon Muradyan,,(818) 822-2525,e.muradyan@yahoo.com,Fresno,CA,https://www.fresnosheriff.org/images/pdfs/01052026%20CCW%20Instructor%20List.pdf,pdf
fresno,Pinnacle Firearms Training,Devon Fullner,,(559) 259-3204,dfullner19@gmail.com,Selma,CA,https://www.fresnosheriff.org/images/pdfs/01052026%20CCW%20Instructor%20List.pdf,pdf
fresno,Instinct Defense,Jack Mulroy,,(559) 917-8266,info@instinct-defense.com,,,https://www.fresnosheriff.org/images/pdfs/01052026%20CCW%20Instructor%20List.pdf,pdf
fresno,Polar Bear Firearms & Training,Thomas K Cribbs,,(559) 333-0905,tkcribbs@att.net,,,https://www.fresnosheriff.org/images/pdfs/01052026%20CCW%20Instructor%20List.pdf,pdf
fresno,California CCP Training Inc.,Eddie Reynoso,,(559) 679-8463,eddie@CACCPTraining.com,Exeter,,https://www.fresnosheriff.org/images/pdfs/01052026%20CCW%20Instructor%20List.pdf,pdf
fresno,Godspede Firearms & Training,Albert Chan,,(559) 972-6537,sertmarine.ac@outlook.com,,,https://www.fresnosheriff.org/images/pdfs/01052026%20CCW%20Instructor%20List.pdf,pdf
fresno,Valley Firearms Training,Kevin Carnes,,(559) 972-5007,Kevin@Carnes.us.com,,,https://www.fresnosheriff.org/images/pdfs/01052026%20CCW%20Instructor%20List.pdf,pdf
fresno,Aegis International,John Bawcom,,,,,,https://www.fresnosheriff.org/images/pdfs/01052026%20CCW%20Instructor%20List.pdf,pdf
fresno,Garcia's Firearms Training,Ralph Garcia,,(559) 469-7692,gft.safety@gmail.com,Coalinga,CA,https://www.fresnosheriff.org/images/pdfs/01052026%20CCW%20Instructor%20List.pdf,pdf
fresno,Vigilance Plus Training & Development,Curtis Bloch,,(559) 949-7359,curtisbloch@vigilanceplus.life,,,https://www.fresnosheriff.org/images/pdfs/01052026%20CCW%20Instructor%20List.pdf,pdf
fresno,Police Science Institute & Range Pistol Club,"John Mikkelson; Chris Desmond; Gerald ""Marty"" True; Robert Simpson; Pedro ""Pete"" Marin; Curtis Hamett; John Shantz; Aaron Simpson; Brian Sanchez; Teddie Chao; Greg Delacerda; Jeffery Hanna",https://policescience.com,(559) 276-9800,,Fresno,CA,https://www.fresnosheriff.org/images/pdfs/01052026%20CCW%20Instructor%20List.pdf,pdf
fresno,Zaks Guns,Rohi Zacharia,,(559) 673-4525,sales@zaksguns.com,Madera,CA,https://www.fresnosheriff.org/images/pdfs/01052026%20CCW%20Instructor%20List.pdf,pdf
fresno,Sun Mountain Gun Club,"Tory ""Doc"" Schmeiser",,(559) 683-3669,doc@sunmountaingunclub.com,,,https://www.fresnosheriff.org/images/pdfs/01052026%20CCW%20Instructor%20List.pdf,pdf
fresno,Exeter Gunslingers,Nickoles Alvarez,,(559) 786-4570,nick@exetergunslingers.com,,,https://www.fresnosheriff.org/images/pdfs/01052026%20CCW%20Instructor%20List.pdf,pdf
fresno,Legacy Pistol Training,Arnold Serna,,(559) 393-9740,arnold@legacy-ptcw.com,,,https://www.fresnosheriff.org/images/pdfs/01052026%20CCW%20Instructor%20List.pdf,pdf
fresno,"Eclipse Firearms and Training, LLC",Sunny Le,,(209) 710-8554,EclipseFNT@Gmail.com,Los Banos,CA,https://www.fresnosheriff.org/images/pdfs/01052026%20CCW%20Instructor%20List.pdf,pdf
fresno,Chavez Firearms 209,Chris Chavez,,(209) 308-9800,chavezfirearms209@gmail.com,,,https://www.fresnosheriff.org/images/pdfs/01052026%20CCW%20Instructor%20List.pdf,pdf
fresno,Rainey Mays Gun Shop,Rainey Chad Mays,https://maysgunshop.com,(310) 591-6193,Maysrainey@gmail.com,Merced Co. area,CA,https://www.fresnosheriff.org/images/pdfs/01052026%20CCW%20Instructor%20List.pdf,pdf
fresno,Central Valley Defensive Training,Paul Holt,,(559) 797-1975,instructor@cvdefensivetraining.com,,,https://www.fresnosheriff.org/images/pdfs/01052026%20CCW%20Instructor%20List.pdf,pdf
fresno,Estrada's Firearm Training,Greg Estrada,,(559) 804-1973,gonehuntin76@yahoo.com,Coalinga,CA,https://www.fresnosheriff.org/images/pdfs/01052026%20CCW%20Instructor%20List.pdf,pdf
fresno,Acam Society LLC,Alvin Moore Jr,,(559) 797-1958,training@acamsociety.com,Fresno & Madera counties,CA,https://www.fresnosheriff.org/images/pdfs/01052026%20CCW%20Instructor%20List.pdf,pdf
fresno,Amerrickan-CCW,Donald R. Merrick,,(559) 287-9258,donaldrmerrick@gmail.com,Fresno & Madera counties,CA,https://www.fresnosheriff.org/images/pdfs/01052026%20CCW%20Instructor%20List.pdf,pdf
fresno,Duck & Cover Tactical,Robert Leon Orndoff,,(559) 421-8789,DACTactical@gmail.com,Fresno/Clovis/Madera,CA,https://www.fresnosheriff.org/images/pdfs/01052026%20CCW%20Instructor%20List.pdf,pdf
fresno,The Firing Line,Jake Belemjian; Chris Stearns; Jacob Frazier,https://www.californiaonlineccw.com,(559) 294-9400,thefiringlineclovis@gmail.com,Clovis,CA,https://www.fresnosheriff.org/images/pdfs/01052026%20CCW%20Instructor%20List.pdf,pdf
fresno,Matt Lopez Firearms Training,Matthew Lopez,,(559) 472-8416,1040mblopez1036@gmail.com,,,https://www.fresnosheriff.org/images/pdfs/01052026%20CCW%20Instructor%20List.pdf,pdf
fresno,Hartman's Sporting Goods,Bruce Hartman,,(559) 253-3100,Hartmansguns@comcast.net,,,https://www.fresnosheriff.org/images/pdfs/01052026%20CCW%20Instructor%20List.pdf,pdf
fresno,Ethos Protection Services,Sam Carter,,(559) 245-4300,sam@ethosprotectionservices.com,,,https://www.fresnosheriff.org/images/pdfs/01052026%20CCW%20Instructor%20List.pdf,pdf
fresno,Practical Training Solutions LLC,Jeremy McMillan,https://www.practicaltrainingsolutionsllc.com,(559) 784-6451,info@practicaltrainingsolutionsllc.com,,,https://www.fresnosheriff.org/images/pdfs/01052026%20CCW%20Instructor%20List.pdf,pdf
fresno,Shooter Ready,Maria Diaz; Gavin Conely; James Loyd,,(559) 254-7722,,Visalia,CA,https://www.fresnosheriff.org/images/pdfs/01052026%20CCW%20Instructor%20List.pdf,pdf
fresno,Hold The Line,Rob Corley,,(559) 799-5850,pnrcorley@att.net,Fresno,CA,https://www.fresnosheriff.org/images/pdfs/01052026%20CCW%20Instructor%20List.pdf,pdf
fresno,DRT Tactical,Rodolfo Tabares,,(559) 916-7812,,,,https://www.fresnosheriff.org/images/pdfs/01052026%20CCW%20Instructor%20List.pdf,pdf
fresno,Gemini Training Systems,Justin Bowerman,,(559) 706-5843,Geminitraining78@icloud.com,,,https://www.fresnosheriff.org/images/pdfs/01052026%20CCW%20Instructor%20List.pdf,pdf
fresno,Defensive Weapons School,Dan Souza,,(209) 660-3908,defensive_weapons_school@yahoo.com,Fresno/Clovis,CA,https://www.fresnosheriff.org/images/pdfs/01052026%20CCW%20Instructor%20List.pdf,pdf
fresno,Firearm & Personal Security Consultants,Richard Mendoza,,(559) 310-0090,fpsc1262@gmail.com,,,https://www.fresnosheriff.org/images/pdfs/01052026%20CCW%20Instructor%20List.pdf,pdf
fresno,April Skye Defense Tactics,April Skye-Parsons,,(559) 679-6578,asdefensetactics@yahoo.com,,,https://www.fresnosheriff.org/images/pdfs/01052026%20CCW%20Instructor%20List.pdf,pdf
fresno,Sovereign Protection Service,Steven Carrillo,,(559) 206-5657,Steve@sovereign-protection.com,Fresno / Madera,CA,https://www.fresnosheriff.org/images/pdfs/01052026%20CCW%20Instructor%20List.pdf,pdf
fresno,"Blue Whale Security, Inc.",Mary Mitchell,,(559) 324-1700,info@bluewhalesecurityinc.com,Fresno County,CA,https://www.fresnosheriff.org/images/pdfs/01052026%20CCW%20Instructor%20List.pdf,pdf
fresno,S McPhetridge Firearms Training,Steven McPhetridge,,(559) 991-9818,SMcphetridgefirearmstraining@yahoo.com,,,https://www.fresnosheriff.org/images/pdfs/01052026%20CCW%20Instructor%20List.pdf,pdf
fresno,Central Valley CCW,Vance Wedeking,,(559) 457-9335,CentralValleyCCW@Gmail.com,Madera/Fresno/Tulare/Kings counties,CA,https://www.fresnosheriff.org/images/pdfs/01052026%20CCW%20Instructor%20List.pdf,pdf
glenn,Azevedo Firearms Training,Dan Azevedo,,530-518-9210,azevedofirearms@sbcglobal.net,Biggs,CA,https://www.countyofglenn.net/sites/default/files/resources/2026_01_Instructors%2001.2026.pdf,pdf
glenn,Bellicose Firearms Instruction,Karen Cose,,530-570-2746,bellicosefss@gmail.com,Grass Valley,CA,https://www.countyofglenn.net/sites/default/files/resources/2026_01_Instructors%2001.2026.pdf,pdf
glenn,CCW Shooters,Michael Cordisco,,916-207-7350,mike@ccwshooters.com,Yuba City,CA,https://www.countyofglenn.net/sites/default/files/resources/2026_01_Instructors%2001.2026.pdf,pdf
glenn,Chico Rod and Gun Club,Tanya LeDonne,,530-715-0145,chicogunclub@gmail.com,Chico,CA,https://www.countyofglenn.net/sites/default/files/resources/2026_01_Instructors%2001.2026.pdf,pdf
glenn,Angel's Firearm Instruction,Dan Angel,,530-990-1807,djtdangel@sbcglobal.net,Chico,CA,https://www.countyofglenn.net/sites/default/files/resources/2026_01_Instructors%2001.2026.pdf,pdf
glenn,Down Range,Brian Gonsalves,,530-896-1992,brian@downrangechico.com,Chico,CA,https://www.countyofglenn.net/sites/default/files/resources/2026_01_Instructors%2001.2026.pdf,pdf
glenn,Echo Whiskey Tactical,Eric Forsberg,,530-567-5094,forsberg148@yahoo.com,Red Bluff,CA,https://www.countyofglenn.net/sites/default/files/resources/2026_01_Instructors%2001.2026.pdf,pdf
glenn,Norcal Defense,Todd Hansen,,530-945-6430,ncadefense@gmail.com,,,https://www.countyofglenn.net/sites/default/files/resources/2026_01_Instructors%2001.2026.pdf,pdf
glenn,Northern Firearms Instruction,Seth Stout,https://countyccw.com,530-999-1822,,Redding,CA,https://www.countyofglenn.net/sites/default/files/resources/2026_01_Instructors%2001.2026.pdf,pdf
glenn,State of Jefferson Firearms Training,Frank Caltabiano,,530-227-9224,guntrainer1911@gmail.com,Red Bluff,CA,https://www.countyofglenn.net/sites/default/files/resources/2026_01_Instructors%2001.2026.pdf,pdf
glenn,Protection Solutions,Robert Johnson,,978-888-4536,bob_49er@hotmail.com,Elk Creek,CA,https://www.countyofglenn.net/sites/default/files/resources/2026_01_Instructors%2001.2026.pdf,pdf
glenn,Crossed Star Firearms,Morgan Dant,,530-790-5187,crossedstarfirearms@yahoo.com,Marysville,CA,https://www.countyofglenn.net/sites/default/files/resources/2026_01_Instructors%2001.2026.pdf,pdf
glenn,Michigan Firearm and CPL Training,"John ""Mark"" Harrop",,586-419-8088,mark@mifcpl.com,Corning,CA,https://www.countyofglenn.net/sites/default/files/resources/2026_01_Instructors%2001.2026.pdf,pdf
glenn,NorCal Tactical,Jose L Chavez,,530-713-7470,norcaltacticalsales@gmail.com,Sutter,CA,https://www.countyofglenn.net/sites/default/files/resources/2026_01_Instructors%2001.2026.pdf,pdf
glenn,Armed Safety Firearms Instruction,Kevin P. Johnston,,530-300-8000,armedsafety@yahoo.com,Cottonwood,CA,https://www.countyofglenn.net/sites/default/files/resources/2026_01_Instructors%2001.2026.pdf,pdf
glenn,"Black Oak Training, Inc.",Anne Barrett,,530-624-1562,info@blackoaktraining.com,Magalia,CA,https://www.countyofglenn.net/sites/default/files/resources/2026_01_Instructors%2001.2026.pdf,pdf
glenn,AAO Training,Bryan Kinney,,707-400-3677,info@aao-co.com,Petaluma,CA,https://www.countyofglenn.net/sites/default/files/resources/2026_01_Instructors%2001.2026.pdf,pdf
glenn,Tactagar,Alex Garlock,,530-415-8315,tactagar110@gmail.com,Arbuckle,CA,https://www.countyofglenn.net/sites/default/files/resources/2026_01_Instructors%2001.2026.pdf,pdf
glenn,Bigfoot Firearms Training,Aaron Ostrom,,844-926-6566,info@bigfootaa.com,Corning,CA,https://www.countyofglenn.net/sites/default/files/resources/2026_01_Instructors%2001.2026.pdf,pdf
glenn,Dee Adams Fire Arms Safety Training,Dee Adams,,916-838-4926,DAFASTraining@gmail.com,Rio Oso,CA,https://www.countyofglenn.net/sites/default/files/resources/2026_01_Instructors%2001.2026.pdf,pdf
glenn,Concealed Coalition,Terry Scharfe,,310-986-2296,scheduling@concealedcoalition.com,,,https://www.countyofglenn.net/sites/default/files/resources/2026_01_Instructors%2001.2026.pdf,pdf
humboldt,Black Spot Firearms,Dan Kistler,,(707) 599-3516,,,,https://humboldtgov.org/342/Concealed-Weapons-Permit,webpage
humboldt,Kevin Christie Enterprises,Kevin Christie,,(707) 498-7312,,,,https://humboldtgov.org/342/Concealed-Weapons-Permit,webpage
humboldt,Broese's Tactical,Andy Broese Van Groenou; Jason Daniels,,(707) 845-2651,,,,https://humboldtgov.org/342/Concealed-Weapons-Permit,webpage
humboldt,Dynamic Firearms Training,Heidi Hanscome,,(207) 313-9903,,,,https://humboldtgov.org/342/Concealed-Weapons-Permit,webpage
humboldt,Fortuna Pistol Club,Mike Johnson,,(707) 496-0018,,Fortuna,CA,https://humboldtgov.org/342/Concealed-Weapons-Permit,webpage
humboldt,Pacific Outfitters/Bigfoot AA,Cole Greene; Aaron Ostrom; Roy Williams,,(707) 443-6328,,Eureka,CA,https://humboldtgov.org/342/Concealed-Weapons-Permit,webpage
humboldt,Redwood Firearms Collective LLC,Andrew Evans,,(707) 497-9138,,Arcata,CA,https://humboldtgov.org/342/Concealed-Weapons-Permit,webpage
humboldt,Well Armed Firearms,Kelly O'Day,,(707) 499-0682,,Eureka,CA,https://humboldtgov.org/342/Concealed-Weapons-Permit,webpage
humboldt,[Business Name Pending],Kevin Kaldveer,,(707) 499-6312,,,,https://humboldtgov.org/342/Concealed-Weapons-Permit,webpage
imperial,Bushido Training Group,Donnie Wharton,https://www.bushidotraining.com,(760) 427-3244,flyhelos@gmail.com,,,https://permitium-downloads.s3.amazonaws.com/Imperial+Sheriff/Imperial_Instructors.pdf,pdf
imperial,Indigenous Weapons Training,Robert R. Boas,,(760) 791-0698,rrboas1015@gmail.com,,,https://permitium-downloads.s3.amazonaws.com/Imperial+Sheriff/Imperial_Instructors.pdf,pdf
imperial,Three Tier Training Group,,,(760) 457-0345,3tiertraininggroup@gmail.com,,,https://permitium-downloads.s3.amazonaws.com/Imperial+Sheriff/Imperial_Instructors.pdf,pdf
imperial,Northern Firearms Instruction,,https://www.countyccw.com,(530) 999-1822,,,,https://permitium-downloads.s3.amazonaws.com/Imperial+Sheriff/Imperial_Instructors.pdf,pdf
imperial,AAO,,https://www.californiaccwcourses.com,(707) 400-3677,,,,https://permitium-downloads.s3.amazonaws.com/Imperial+Sheriff/Imperial_Instructors.pdf,pdf
inyo,Powers Firearms Training,,https://www.powersfirearmstraining.com,(661) 871-7273,,,,https://www.inyocounty.us/sites/default/files/2025-04/2025%20CCW%20TRAINING%20AND%20TRAINERS_0.pdf,pdf
inyo,STTARR – Sierra Tactical Training,,https://www.sttarr.net,(760) 784-0699,,,,https://www.inyocounty.us/sites/default/files/2025-04/2025%20CCW%20TRAINING%20AND%20TRAINERS_0.pdf,pdf
inyo,GUNS4US Inc.,,https://www.guns4us.com,(760) 375-1004,,,,https://www.inyocounty.us/sites/default/files/2025-04/2025%20CCW%20TRAINING%20AND%20TRAINERS_0.pdf,pdf
kings,April Skye-Parsons Defense Tactics,April Skye-Parsons,,(559) 679-6578,,,,https://www.countyofkingsca.gov/home/showpublisheddocument/37203/638792056595470000,pdf
kings,Armed Response Training,,,(559) 799-3858,,,,https://www.countyofkingsca.gov/home/showpublisheddocument/37203/638792056595470000,pdf
kings,Arnold Serna Legacy Pistol Training,Arnold Serna,,(559) 393-9740,arnold@legacy-ptcw.com,,,https://www.countyofkingsca.gov/home/showpublisheddocument/37203/638792056595470000,pdf
kings,Ben Liu Firearms Instructor,Ben Liu,,(510) 468-1428,,,,https://www.countyofkingsca.gov/home/showpublisheddocument/37203/638792056595470000,pdf
kings,Brogan Firearms Training,,,(559) 331-1778,jonbrog@hotmail.com,,,https://www.countyofkingsca.gov/home/showpublisheddocument/37203/638792056595470000,pdf
kings,California Concealed Carry Permit Training Inc,Eddie Reynoso,,(559) 679-8463,,,,https://www.countyofkingsca.gov/home/showpublisheddocument/37203/638792056595470000,pdf
kings,Central Valley CCW,Vance Wedeking,,(559) 512-0845,CentralValleyCCW@Gmail.com,,,https://www.countyofkingsca.gov/home/showpublisheddocument/37203/638792056595470000,pdf
kings,Concealed Coalition,Terry Scharfe,https://www.concealedcoalition.com,(800) 805-2236,,,,https://www.countyofkingsca.gov/home/showpublisheddocument/37203/638792056595470000,pdf
kings,D.B. Firearms Training,,,(559) 294-0976,,,,https://www.countyofkingsca.gov/home/showpublisheddocument/37203/638792056595470000,pdf
kings,Doyle Brothers Firearms Training,,,(559) 779-2042 or (559) 318-6877,,,,https://www.countyofkingsca.gov/home/showpublisheddocument/37203/638792056595470000,pdf
kings,Elite Training Solutions,Eric Olson,,(559) 765-7702,jetsgti91@gmail.com,,,https://www.countyofkingsca.gov/home/showpublisheddocument/37203/638792056595470000,pdf
kings,Estrada's Firearm Training,,,(559) 804-1973,,,,https://www.countyofkingsca.gov/home/showpublisheddocument/37203/638792056595470000,pdf
kings,"Firearm & Personal Security Consultants, LLC",Richard Mendoza,,(559) 310-0090,,,,https://www.countyofkingsca.gov/home/showpublisheddocument/37203/638792056595470000,pdf
kings,"Francisco ""Paco"" Villarreal",Francisco Villarreal,https://www.sangerfirearmsacademy.com,(559) 790-3071,,,,https://www.countyofkingsca.gov/home/showpublisheddocument/37203/638792056595470000,pdf
kings,Foothill Training,,,(559) 355-3818,,,,https://www.countyofkingsca.gov/home/showpublisheddocument/37203/638792056595470000,pdf
kings,Fortis Self Reliance,,,(559)-903-3609,,,,https://www.countyofkingsca.gov/home/showpublisheddocument/37203/638792056595470000,pdf
kings,Freedom Firearms and Firearms Training,Rick Field,,(559) 999-2939,,,,https://www.countyofkingsca.gov/home/showpublisheddocument/37203/638792056595470000,pdf
kings,Front Sight Firearms Training Institute,,,800-987-7719 or (702) 837-7433,,,,https://www.countyofkingsca.gov/home/showpublisheddocument/37203/638792056595470000,pdf
kings,Gallardo Firearms Training,,,(559) 788-7265,gfirearmsraining@gmail.com,,,https://www.countyofkingsca.gov/home/showpublisheddocument/37203/638792056595470000,pdf
kings,Garcia's Firearm Training,Ralph Garcia,,(559) 469-7692,,,,https://www.countyofkingsca.gov/home/showpublisheddocument/37203/638792056595470000,pdf
kings,GH Guns & CCW Instruction,Gary Harron,,(559) 226-6189,,,,https://www.countyofkingsca.gov/home/showpublisheddocument/37203/638792056595470000,pdf
kings,Godspede Firearms & Training,Albert Chan,,(559) 972-6537,,,,https://www.countyofkingsca.gov/home/showpublisheddocument/37203/638792056595470000,pdf
kings,"Hard Focus Firearms Training, LLC",Matthew Haywood,,(209) 564-0332,,,,https://www.countyofkingsca.gov/home/showpublisheddocument/37203/638792056595470000,pdf
kings,Hold The Line,Rob Corley,,(559) 799-5850,prcorley@att.net,,,https://www.countyofkingsca.gov/home/showpublisheddocument/37203/638792056595470000,pdf
kings,John Lewis Professional Firearm Instruction,John Lewis,,(559) 349-3833,,,,https://www.countyofkingsca.gov/home/showpublisheddocument/37203/638792056595470000,pdf
kings,Keith Dixon,Keith Dixon,,(559) 905-2968,,,,https://www.countyofkingsca.gov/home/showpublisheddocument/37203/638792056595470000,pdf
kings,Kings Gun Center,Todd Cotta,,(559) 585-2000,,,,https://www.countyofkingsca.gov/home/showpublisheddocument/37203/638792056595470000,pdf
kings,Lock & Load Firearms Instruction,,,(559) 443-9040,,,,https://www.countyofkingsca.gov/home/showpublisheddocument/37203/638792056595470000,pdf
kings,Mike Huddleston Heads Up Defense,Mike Huddleston,,(559) 772-9853,,,,https://www.countyofkingsca.gov/home/showpublisheddocument/37203/638792056595470000,pdf
kings,Next Step Training LLC,Jeffery Watkins; Marni Watkins,,(559) 707-3249,,,,https://www.countyofkingsca.gov/home/showpublisheddocument/37203/638792056595470000,pdf
kings,Northern Firearms Instruction,Ted Lidie,,(530) 999-1822,,,,https://www.countyofkingsca.gov/home/showpublisheddocument/37203/638792056595470000,pdf
kings,Pinnacle Firearms Training,Devon Fullner,,(559) 259-3204,dfullner19@gmail.com,,,https://www.countyofkingsca.gov/home/showpublisheddocument/37203/638792056595470000,pdf
kings,Police Science Institute,,,(559) 276-9800,,,,https://www.countyofkingsca.gov/home/showpublisheddocument/37203/638792056595470000,pdf
kings,Practical Training Solutions,Jeremy McMillan,,(559) 493-8825,info@practicaltrainingsolutionsLLC.com,,,https://www.countyofkingsca.gov/home/showpublisheddocument/37203/638792056595470000,pdf
kings,Rankin Field Weapons Range,Samuel Cui,,(559) 684-8853,,,,https://www.countyofkingsca.gov/home/showpublisheddocument/37203/638792056595470000,pdf
kings,"Ron Koetsier, TK Firearms",Ron Koetsier,,(559) 901-6455,,,,https://www.countyofkingsca.gov/home/showpublisheddocument/37203/638792056595470000,pdf
kings,Scott R. James II,Scott R. James II,,(559) 352-6982,,,,https://www.countyofkingsca.gov/home/showpublisheddocument/37203/638792056595470000,pdf
kings,Sher Beard,Sher Beard,,(559) 288-1778,,,,https://www.countyofkingsca.gov/home/showpublisheddocument/37203/638792056595470000,pdf
kings,Sierra Technical Advisory Group,,,(505) 417-8106,,,,https://www.countyofkingsca.gov/home/showpublisheddocument/37203/638792056595470000,pdf
kings,Tactical 360 Firearms Defensive Tactical,Chris Martinez,,(661) 497-3089,,,,https://www.countyofkingsca.gov/home/showpublisheddocument/37203/638792056595470000,pdf
kings,The Firing Line,Chris Stearns,,(559) 294-9400,,,,https://www.countyofkingsca.gov/home/showpublisheddocument/37203/638792056595470000,pdf
kings,Vandagriff Consulting,Erik Vandagriff,,(530) 320-8858,,,,https://www.countyofkingsca.gov/home/showpublisheddocument/37203/638792056595470000,pdf
kings,Vigilance Plus Training & Development,,,(559) 949-7359,curtisbloch@vigilanceplus.life,,,https://www.countyofkingsca.gov/home/showpublisheddocument/37203/638792056595470000,pdf
kings,Wade Roberts Firearms Training,Wade Roberts,,(559) 303-2848,,,,https://www.countyofkingsca.gov/home/showpublisheddocument/37203/638792056595470000,pdf
kings,Wilson Tactical Operations and Training LLC,Eric Wilson,,(931) 542-7702,,,,https://www.countyofkingsca.gov/home/showpublisheddocument/37203/638792056595470000,pdf
kings,W&S Firearms Training Lemoore Sportsman's Club,,,(559) 380-8597 or (559) 816-0709,,,,https://www.countyofkingsca.gov/home/showpublisheddocument/37203/638792056595470000,pdf
lassen,AAO,Bryan Kinney; Kristin McNelis; Michael Phennicie; Sarah Wrathall; Kevin Giannone; Annette Phillips; Barry Bond,,(707) 400-3677,info@californiaccwcourses.com,,,https://www.lassencounty.org/sites/default/files/Approved%20CCW%20Instructor%20List%208_15_25.pdf,pdf
lassen,Armed Safety Firearm Instruction,Kevin Johnston,,(530) 300-8000,armedsafety@yahoo.com,Cottonwood,,https://www.lassencounty.org/sites/default/files/Approved%20CCW%20Instructor%20List%208_15_25.pdf,pdf
lassen,Bellicose,Karen Cose,,(530) 272-2465,bellicosefs@gmail.com,Grass Valley,,https://www.lassencounty.org/sites/default/files/Approved%20CCW%20Instructor%20List%208_15_25.pdf,pdf
lassen,Cap Off Firearms,Mike Pickens; Christopher Mancebo; Jefferey Holtzclaw,,(530) 254-4626,mrmpickens@yahoo.com,Susanville/Lassen Co,,https://www.lassencounty.org/sites/default/files/Approved%20CCW%20Instructor%20List%208_15_25.pdf,pdf
lassen,Chris McNally,Chris McNally,,(530) 260-7553,chrismcnally@rocketmail.com,Susanville/Lassen Co,,https://www.lassencounty.org/sites/default/files/Approved%20CCW%20Instructor%20List%208_15_25.pdf,pdf
lassen,Concealed Coalition,Terry Scharfe,,(985) 634-0296,,Riverside County,,https://www.lassencounty.org/sites/default/files/Approved%20CCW%20Instructor%20List%208_15_25.pdf,pdf
lassen,Crossed Star Firearms,Morgan Dant,https://www.crossedstarfirearms.com,(530) 790-5187,crossedstarfirearms@yahoo.com,"Susanville/Lassen Co, Loma Rica, Chico, Lincoln, Online",,https://www.lassencounty.org/sites/default/files/Approved%20CCW%20Instructor%20List%208_15_25.pdf,pdf
lassen,Dave Adams,Dave Adams,,(707) 689-0172,dave@brcarms.com,Nubieber/Lassen Co,,https://www.lassencounty.org/sites/default/files/Approved%20CCW%20Instructor%20List%208_15_25.pdf,pdf
lassen,Distinguished Firearms,Rick Deruyter,,(530) 524-7594,rick_deruyter@hotmail.com,Redding,,https://www.lassencounty.org/sites/default/files/Approved%20CCW%20Instructor%20List%208_15_25.pdf,pdf
lassen,Down Range,Rhiley Harrison; Stephen Dyke; Sean Evans; Brian Gonsalves,,(530) 896-1992,Registration@DownRangeChico.com,Chico,,https://www.lassencounty.org/sites/default/files/Approved%20CCW%20Instructor%20List%208_15_25.pdf,pdf
lassen,Echo Whiskey Tactical Training,Jeff Wallace,https://www.echowhiskeytactical.com,(530) 690-5599,,Redding,,https://www.lassencounty.org/sites/default/files/Approved%20CCW%20Instructor%20List%208_15_25.pdf,pdf
lassen,Firearms Training International,Robert Cristoni,,(530) 388-6148,ccwinstr@gmail.com,Foothills Auburn,,https://www.lassencounty.org/sites/default/files/Approved%20CCW%20Instructor%20List%208_15_25.pdf,pdf
lassen,L7 Adventures,Minh-Thi O'Callaghan,,(408) 858-3077,L&AdventuresInc@gmail.com,Alturas,,https://www.lassencounty.org/sites/default/files/Approved%20CCW%20Instructor%20List%208_15_25.pdf,pdf
lassen,Lassen Community College,Dean Growdon; Terra Avilla,,(530) 251-8801,tdowning@lassencollege.edu,Susanville/Lassen Co,,https://www.lassencounty.org/sites/default/files/Approved%20CCW%20Instructor%20List%208_15_25.pdf,pdf
lassen,Michael Mai,Michael Mai,,,Elevatedtactical@gmail.com,Susanville/Lassen Co,,https://www.lassencounty.org/sites/default/files/Approved%20CCW%20Instructor%20List%208_15_25.pdf,pdf
lassen,Northern Firearm Instruction,Seth Stout; Theodore Lidie; Emily Booth,https://www.countyccw.com,(530) 999-1822,strout@usgunpro.com,"Redding, Online",,https://www.lassencounty.org/sites/default/files/Approved%20CCW%20Instructor%20List%208_15_25.pdf,pdf
lassen,Nice Shot Indoor Shooting Range,Michael Rynearson; Andrew Torres; Andrew Hackett; Fred Mowrey,,(530) 241-6486,niceshotrange@gmail.com,Redding,,https://www.lassencounty.org/sites/default/files/Approved%20CCW%20Instructor%20List%208_15_25.pdf,pdf
lassen,One on One Firearms,Ryan Harrigan; Brandon Cammara,,(916) 494-9663,joe@oneononefirearms.com,Sacramento,,https://www.lassencounty.org/sites/default/files/Approved%20CCW%20Instructor%20List%208_15_25.pdf,pdf
lassen,Safe Insight,Aaron Miller,https://www.safeinsight.net,(877) 217-7233,,Online,,https://www.lassencounty.org/sites/default/files/Approved%20CCW%20Instructor%20List%208_15_25.pdf,pdf
los-angeles,TRB Training,,https://www.trbtraining.com,(949) 566-7263,info@trbtraining.com,Stanton,CA,https://permitium-downloads.s3.amazonaws.com/LASD/LASD_AUTHORIZED_TRAINING_PROVIDERS.pdf,pdf
los-angeles,MV Tactical & Firearms Training,Brian,https://mvtactical-firearmstraining.com,(310) 720-2028,brian@mvtactical-firearmstraining.com,Santa Clarita,CA,https://permitium-downloads.s3.amazonaws.com/LASD/LASD_AUTHORIZED_TRAINING_PROVIDERS.pdf,pdf
los-angeles,Firearms Training Associates,,https://ftatv.com,(714) 701-9918,info@ftatv.com,Corona,CA,https://permitium-downloads.s3.amazonaws.com/LASD/LASD_AUTHORIZED_TRAINING_PROVIDERS.pdf,pdf
los-angeles,Concealed Coalition,,https://concealedcoalition.com,(877) 835-7560,info@concealedcoalition.com,La Puente,CA,https://permitium-downloads.s3.amazonaws.com/LASD/LASD_AUTHORIZED_TRAINING_PROVIDERS.pdf,pdf
los-angeles,Double Tap Training Center,Simon,https://www.doubletapshooting.com,(818) 363-1777,simon@doubletapshooting.com,Lake View Terrace,CA,https://permitium-downloads.s3.amazonaws.com/LASD/LASD_AUTHORIZED_TRAINING_PROVIDERS.pdf,pdf
los-angeles,Aegis Authority,,https://www.aegisauthority.com,(626) 347-0801,aegisauthority@yahoo.com,Rancho Cucamonga,CA,https://permitium-downloads.s3.amazonaws.com/LASD/LASD_AUTHORIZED_TRAINING_PROVIDERS.pdf,pdf
los-angeles,Medic Up Consulting,Ron,https://www.medicupconsulting.com,(714) 767-0156,ron@medicupconsulting.com,Azusa,CA,https://permitium-downloads.s3.amazonaws.com/LASD/LASD_AUTHORIZED_TRAINING_PROVIDERS.pdf,pdf
los-angeles,CalGuns Training,,https://www.calgunstraining.com,(805) 765-1486,calgunstraining@gmail.com,Piru,CA,https://permitium-downloads.s3.amazonaws.com/LASD/LASD_AUTHORIZED_TRAINING_PROVIDERS.pdf,pdf
los-angeles,ShootSafe Academy,,https://www.shootsafeacademy.com,(714) 625-1507,shootsafe@outlook.com,Stanton,CA,https://permitium-downloads.s3.amazonaws.com/LASD/LASD_AUTHORIZED_TRAINING_PROVIDERS.pdf,pdf
los-angeles,CCW Permit Instruction,Orville,https://www.ccwpermitinstruction.com,(949) 769-9099,orville@ccwpi.com,Orange,CA,https://permitium-downloads.s3.amazonaws.com/LASD/LASD_AUTHORIZED_TRAINING_PROVIDERS.pdf,pdf
los-angeles,Anchor Point Tactical,Jeff,,(310) 703-3732,anchorpointtactical.jeff@gmail.com,Los Angeles,CA,https://permitium-downloads.s3.amazonaws.com/LASD/LASD_AUTHORIZED_TRAINING_PROVIDERS.pdf,pdf
los-angeles,M5 Training School of Protective Services,,https://www.m5protectivetraining.com,(661) 418-6995,M5protectivetraining@gmail.com,Lancaster,CA,https://permitium-downloads.s3.amazonaws.com/LASD/LASD_AUTHORIZED_TRAINING_PROVIDERS.pdf,pdf
los-angeles,VIP CCW Services,,https://www.vipccwservices.com,(310) 500-9200,vipccwservices@gmail.com,Inglewood,CA,https://permitium-downloads.s3.amazonaws.com/LASD/LASD_AUTHORIZED_TRAINING_PROVIDERS.pdf,pdf
los-angeles,Coach K's Training,Kealii,https://www.coachkstraining.com,714-724-8705,kealii@coachkstraining.com,Pala,CA,https://permitium-downloads.s3.amazonaws.com/LASD/LASD_AUTHORIZED_TRAINING_PROVIDERS.pdf,pdf
los-angeles,The Kit Group,Pete,https://www.thekitgroup.com,(949) 422-0313,pete@thekitgroup.com,Chino Hills,CA,https://permitium-downloads.s3.amazonaws.com/LASD/LASD_AUTHORIZED_TRAINING_PROVIDERS.pdf,pdf
los-angeles,Jarvis Firearms Training,,https://www.jarvisfirearmstraining.com,(661) 752-5024,Info@JarvisFirearmsTraining.com,Mojave,CA,https://permitium-downloads.s3.amazonaws.com/LASD/LASD_AUTHORIZED_TRAINING_PROVIDERS.pdf,pdf
los-angeles,Armed Response Marksman,,https://www.arm4you.com,(661) 243-3117,info@arm4you.com,Lancaster,CA,https://permitium-downloads.s3.amazonaws.com/LASD/LASD_AUTHORIZED_TRAINING_PROVIDERS.pdf,pdf
los-angeles,Sentri Institute,Paul,https://www.sentriinstitute.com,(949) 591-9747,paul@sentriinstitute.com,Stanton,CA,https://permitium-downloads.s3.amazonaws.com/LASD/LASD_AUTHORIZED_TRAINING_PROVIDERS.pdf,pdf
los-angeles,Safe Insight,,https://www.safeinsight.net,(877) 217-7233,info@safeinsight.net,Artesia,CA,https://permitium-downloads.s3.amazonaws.com/LASD/LASD_AUTHORIZED_TRAINING_PROVIDERS.pdf,pdf
los-angeles,Apex Firearms Training,Scott,https://www.laccw.net,(818) 825-8760,scott@laccw.net,Sylmar,CA,https://permitium-downloads.s3.amazonaws.com/LASD/LASD_AUTHORIZED_TRAINING_PROVIDERS.pdf,pdf
los-angeles,"Paragraph 2, LLC",Jim,https://www.paragraph2.net,(714) 200-1202,jim@paragraph2.net,Corona,CA,https://permitium-downloads.s3.amazonaws.com/LASD/LASD_AUTHORIZED_TRAINING_PROVIDERS.pdf,pdf
los-angeles,"Defensive Firearms Training, LLC",,https://www.dftus.com,(424)522-3523,info@dftus.com,Glendale,CA,https://permitium-downloads.s3.amazonaws.com/LASD/LASD_AUTHORIZED_TRAINING_PROVIDERS.pdf,pdf
los-angeles,Basic Gun Safety,Roger,https://www.basicgunsafety.com,(714) 864-0203,roger@basicgunsafety.com,Stanton,CA,https://permitium-downloads.s3.amazonaws.com/LASD/LASD_AUTHORIZED_TRAINING_PROVIDERS.pdf,pdf
los-angeles,First Step Shooting,,https://www.firststepshooting.com,(323) 577-9304,firststepshooting@gmail.com,Inglewood,CA,https://permitium-downloads.s3.amazonaws.com/LASD/LASD_AUTHORIZED_TRAINING_PROVIDERS.pdf,pdf
los-angeles,Hansen Firearms Training,,https://www.californiagunpermit.com,(949) 573-4099,info@californiagunpermit.com,Long Beach,CA,https://permitium-downloads.s3.amazonaws.com/LASD/LASD_AUTHORIZED_TRAINING_PROVIDERS.pdf,pdf
los-angeles,Elite CCW and Firearms Training,,https://www.eliteccw.com,(714) 600-3120,info@eliteccw.com,Fountain Valley,CA,https://permitium-downloads.s3.amazonaws.com/LASD/LASD_AUTHORIZED_TRAINING_PROVIDERS.pdf,pdf
los-angeles,SouthWest Training Center,,https://www.southwesttrainingcenter.org,(310) 650-6896,info@southwesttrainingcenter.org,Sylmar,CA,https://permitium-downloads.s3.amazonaws.com/LASD/LASD_AUTHORIZED_TRAINING_PROVIDERS.pdf,pdf
los-angeles,Together we Step,,https://www.togetherwestep.com,(562) 810-7631,t_w_step@yahoo.com,Lytle Creek,CA,https://permitium-downloads.s3.amazonaws.com/LASD/LASD_AUTHORIZED_TRAINING_PROVIDERS.pdf,pdf
los-angeles,Evans Security Training Academy & Range,Levans,https://evanssecuritytrainingacademy.com,(424) 785-5554,Levans4189@gmail.com,Los Angeles,CA,https://permitium-downloads.s3.amazonaws.com/LASD/LASD_AUTHORIZED_TRAINING_PROVIDERS.pdf,pdf
los-angeles,Alpha Culture LLC,,https://www.alphaculturefa.com,(951) 564-1059,training@alphacultureFA.com,Perris,CA,https://permitium-downloads.s3.amazonaws.com/LASD/LASD_AUTHORIZED_TRAINING_PROVIDERS.pdf,pdf
los-angeles,Northern Firearms Instruction,,https://www.countyccw.com,(800) 913-1393,,Rancho Cucamonga,CA,https://permitium-downloads.s3.amazonaws.com/LASD/LASD_AUTHORIZED_TRAINING_PROVIDERS.pdf,pdf
los-angeles,APEX Defense Strategies LLC,,,(714) 497- 0714,info@apexdefensivestrategies.com,Chino,CA,https://permitium-downloads.s3.amazonaws.com/LASD/LASD_AUTHORIZED_TRAINING_PROVIDERS.pdf,pdf
los-angeles,Seven 4 Para,Eloy,https://www.seven4para.com,(424) 371-6070,eloy@seven4para.com,Artesia,CA,https://permitium-downloads.s3.amazonaws.com/LASD/LASD_AUTHORIZED_TRAINING_PROVIDERS.pdf,pdf
los-angeles,NationwideCCW,,https://www.nationwideccw.com,(818) 660-6123,info@nationwideccw.com,,,https://permitium-downloads.s3.amazonaws.com/LASD/LASD_AUTHORIZED_TRAINING_PROVIDERS.pdf,pdf
los-angeles,Paladin Defense Group,,https://paladindefensegroup.com,(661) 675-8686,paladindefensegroup@gmail.com,Palmdale,CA,https://permitium-downloads.s3.amazonaws.com/LASD/LASD_AUTHORIZED_TRAINING_PROVIDERS.pdf,pdf
los-angeles,Public Safety Institute,,https://www.publicsafetyinstitute.us,(323) 767-8484,,Artesia,CA,https://permitium-downloads.s3.amazonaws.com/LASD/LASD_AUTHORIZED_TRAINING_PROVIDERS.pdf,pdf
los-angeles,Comfort Zone Assurance,,https://www.comfortzoneassurance.com,(760) 500-4127,gilgiss@comfortzoneassurance.com,Orange,CA,https://permitium-downloads.s3.amazonaws.com/LASD/LASD_AUTHORIZED_TRAINING_PROVIDERS.pdf,pdf
los-angeles,308 Tactical Firearms Training,,https://www.308tac.com,(805) 585-5220,info@308tac.com,,,https://permitium-downloads.s3.amazonaws.com/LASD/LASD_AUTHORIZED_TRAINING_PROVIDERS.pdf,pdf
los-angeles,Phoenix Tactical Solutions,,https://www.phoenixtacticalsolutions.com,(747) 333-8221,maani@phoenixtacticalsolutions.com,Sylmar,CA,https://permitium-downloads.s3.amazonaws.com/LASD/LASD_AUTHORIZED_TRAINING_PROVIDERS.pdf,pdf
los-angeles,KD Security Group,,https://www.kdsecuritygroup.com,(310) 867-5877,info@kdsecuritygroup.com,Sylmar,CA,https://permitium-downloads.s3.amazonaws.com/LASD/LASD_AUTHORIZED_TRAINING_PROVIDERS.pdf,pdf
los-angeles,LA Progressive Shooters,,https://laprogressiveshooters.com,(323) 900-5277,tom@laprogressiveshooters.com,Azusa,CA,https://permitium-downloads.s3.amazonaws.com/LASD/LASD_AUTHORIZED_TRAINING_PROVIDERS.pdf,pdf
los-angeles,The CCW School,,https://www.theccwschool.com,(562) 645-3494,katie@theccwschool.com,Artesia,CA,https://permitium-downloads.s3.amazonaws.com/LASD/LASD_AUTHORIZED_TRAINING_PROVIDERS.pdf,pdf
los-angeles,American Academy of Protective Training,,https://myaapt.com,(877) 765-1428,training@myaapt.com,,,https://permitium-downloads.s3.amazonaws.com/LASD/LASD_AUTHORIZED_TRAINING_PROVIDERS.pdf,pdf
los-angeles,Route 66 Shooting Sports Park,,https://www.r66ssp.com/training,(909) 880-0093,training@r66ssp.com,San Bernardino,CA,https://permitium-downloads.s3.amazonaws.com/LASD/LASD_AUTHORIZED_TRAINING_PROVIDERS.pdf,pdf
los-angeles,Cobra Tactical Inc.,,https://www.cobratactical.com,(661) 257-1406,contact@cobratactical.com,,,https://permitium-downloads.s3.amazonaws.com/LASD/LASD_AUTHORIZED_TRAINING_PROVIDERS.pdf,pdf
madera,AAO,Bryan Kinney,https://californiaccwcourse.com,707-400-3677,,,,https://www.maderacounty.com/home/showpublisheddocument/47320/639082197202600000,pdf
madera,ACAM SOCIETY LLC,Alvin Moore,,559-797-1958,training@acamsociety.com,,,https://www.maderacounty.com/home/showpublisheddocument/47320/639082197202600000,pdf
madera,Advanced Combat Evolutions,Matt Alexander,,559-360-0704,info@advancedcombatevolutions.com,,,https://www.maderacounty.com/home/showpublisheddocument/47320/639082197202600000,pdf
madera,AEGIS International,John Bawcom,,559-246-8745,aegisbawcom@gmail.com,,,https://www.maderacounty.com/home/showpublisheddocument/47320/639082197202600000,pdf
madera,AMERRICKAN-CCW,Donald Merrick,,559-287-9258,donaldrmerrick@gmail.com,,,https://www.maderacounty.com/home/showpublisheddocument/47320/639082197202600000,pdf
madera,Ammo Dogs,Joe Ohanian,,559-241-4472,joeammodogs@gmail.com,,,https://www.maderacounty.com/home/showpublisheddocument/47320/639082197202600000,pdf
madera,April-Skye Defense Tactics,April Skye Parsons,https://aprilskye.com,559-679-6578,,,,https://www.maderacounty.com/home/showpublisheddocument/47320/639082197202600000,pdf
madera,Ashworth Firearms Training,Ernie Rodrigues,,559-304-8611,ernierodrigues@gmail.com,,,https://www.maderacounty.com/home/showpublisheddocument/47320/639082197202600000,pdf
madera,Barone Arms,Charles Barone,,843-779-7759,firearms.ca@barone.one,,,https://www.maderacounty.com/home/showpublisheddocument/47320/639082197202600000,pdf
madera,Blue Whale Security inc,Mary Mitchell,,559-324-1700,info@BlueWhaleSecurityinc.com,,,https://www.maderacounty.com/home/showpublisheddocument/47320/639082197202600000,pdf
madera,Brenda Collins,Brenda Collins,,559-250-4702,bcollins613@yahoo.com,,,https://www.maderacounty.com/home/showpublisheddocument/47320/639082197202600000,pdf
madera,Candelario Salas,Candelario Salas; Paul Islas,,559-269-3415,csalas@marksmendefensivetraining.com,,,https://www.maderacounty.com/home/showpublisheddocument/47320/639082197202600000,pdf
madera,CCW Permit Intruction,Orville Wright,,949-769-9099,orville@ccwpi.com,,,https://www.maderacounty.com/home/showpublisheddocument/47320/639082197202600000,pdf
madera,Central Valley CCW,Vance Wedeking,,559-512-0845,centralvalleyCCW@gmail.com,,,https://www.maderacounty.com/home/showpublisheddocument/47320/639082197202600000,pdf
madera,Central Valley Defensive Training,Paul Holt,,559-797-1975,Instructor@cvdefensivetraining.com,,,https://www.maderacounty.com/home/showpublisheddocument/47320/639082197202600000,pdf
madera,Chad Specht,Chad Specht,,559-776-2248,spstraining559@gmail.com,,,https://www.maderacounty.com/home/showpublisheddocument/47320/639082197202600000,pdf
madera,Chris Williams,Chris Williams,,559-994-1261,cwilliams0691@gmail.com,,,https://www.maderacounty.com/home/showpublisheddocument/47320/639082197202600000,pdf
madera,Donovan Failla,Donovan Failla,,559-970-8716,djfailla3@gmail.com,,,https://www.maderacounty.com/home/showpublisheddocument/47320/639082197202600000,pdf
madera,Duck and Cover Tactical,Leon Orndoff,,559-421-8789,DACtactical@gmail.com,,,https://www.maderacounty.com/home/showpublisheddocument/47320/639082197202600000,pdf
madera,"Eclipse Firearms & Training, LLC",Sunny Le,,209-710-8554,Sunny@Eclipsefnt.com,,,https://www.maderacounty.com/home/showpublisheddocument/47320/639082197202600000,pdf
madera,Elite Training Solutions,Eric Olsen,,559-765-7702,jetsgt91@gmail.com,,,https://www.maderacounty.com/home/showpublisheddocument/47320/639082197202600000,pdf
madera,Ernie Rodrigues,Ernie Rodrigues,,559-304-8611,ernierodrigues@gmail.com,,,https://www.maderacounty.com/home/showpublisheddocument/47320/639082197202600000,pdf
madera,Ethos Firearms & Defensive Training,Sam Carter,,559-245-4300,sam@ethosprotectionservices.com,,,https://www.maderacounty.com/home/showpublisheddocument/47320/639082197202600000,pdf
madera,Exeter Gunslingers,Devin Stout,,559-786-4570,devin@exetergunslingers.com,,,https://www.maderacounty.com/home/showpublisheddocument/47320/639082197202600000,pdf
madera,Foothill training,Steve Collins,,559-355-3818,service@Foothilltraining.com,,,https://www.maderacounty.com/home/showpublisheddocument/47320/639082197202600000,pdf
madera,Freedom Firearms,Rick Field,,559-999-2939,field.rick@att.net,,,https://www.maderacounty.com/home/showpublisheddocument/47320/639082197202600000,pdf
madera,Fresno Rifle and Pistol Club,Rana Atif,,559-299-6365,atifrana786@gmail.com,,,https://www.maderacounty.com/home/showpublisheddocument/47320/639082197202600000,pdf
madera,Garcia's Firearms Training,Ralph Garcia,,559-469-7692,Gft.safety@gmail.com,,,https://www.maderacounty.com/home/showpublisheddocument/47320/639082197202600000,pdf
madera,Gemini Training Systems,Justin Bowerman Owner,,559-706-5843,Geminitraining78@icloud.com,,,https://www.maderacounty.com/home/showpublisheddocument/47320/639082197202600000,pdf
madera,Gery Harron,Gery Harron,,559-226-6289,geryharron@sbcglobal.net,,,https://www.maderacounty.com/home/showpublisheddocument/47320/639082197202600000,pdf
madera,Grover Group,Anoop Grover,,510-676-6076,anoop@grovergroup.biz,,,https://www.maderacounty.com/home/showpublisheddocument/47320/639082197202600000,pdf
madera,Hammer Stryke,Duane Young; John; Dave Givens,,209-614-1718,dave@hammerstryke.com,,,https://www.maderacounty.com/home/showpublisheddocument/47320/639082197202600000,pdf
madera,Hard Focus Training,Matthew Haywood,,209-564-0332,matt@hardfocustraining.com,,,https://www.maderacounty.com/home/showpublisheddocument/47320/639082197202600000,pdf
madera,High Caliber Tactical,Donald Penner,,559-903-7547,varminator@comast.net,,,https://www.maderacounty.com/home/showpublisheddocument/47320/639082197202600000,pdf
madera,Instinct Defense,Jack Mulroy,,559-917-8266,info@instinct-defense.com,,,https://www.maderacounty.com/home/showpublisheddocument/47320/639082197202600000,pdf
madera,Jennifer Coffeen,Jennifer Coffeen,,559-474-2774,selfreliancetactics1776@gmail.com,,,https://www.maderacounty.com/home/showpublisheddocument/47320/639082197202600000,pdf
madera,Jerry Diaz,Jerry Diaz,,559.553.2561,Jerry1515@yahoo.com,,,https://www.maderacounty.com/home/showpublisheddocument/47320/639082197202600000,pdf
madera,Jim Bernardi Firearms Consulting,Jim Bernardi,,559-683-5869,BernardiFirearms@gmail.com,,,https://www.maderacounty.com/home/showpublisheddocument/47320/639082197202600000,pdf
madera,John Lewis Professional Firearms training,John Lewis,https://wwwjlpfi.com,559-349-3833,johnlpfi@gmail.com,,,https://www.maderacounty.com/home/showpublisheddocument/47320/639082197202600000,pdf
madera,Karen Kochheiser,Karen Kochheiser,,559-288-7273,karenk13@hotmail.com,,,https://www.maderacounty.com/home/showpublisheddocument/47320/639082197202600000,pdf
madera,Kings Gun Center,Todd Cotta,,559-585-2000,info@kingsguncenter.com,,,https://www.maderacounty.com/home/showpublisheddocument/47320/639082197202600000,pdf
madera,Madera Regional Training Facility,Don Wallace,,559-822-6400,ccw@maderafirearms.com,,,https://www.maderacounty.com/home/showpublisheddocument/47320/639082197202600000,pdf
madera,On Target firearms Instruction,Andy Washington,,559-307-4254,chiefrangemaster1@gmail.com,,,https://www.maderacounty.com/home/showpublisheddocument/47320/639082197202600000,pdf
madera,Operational Strategic Innovations Group,Ron Pierini,,559-417-9494,info@osigglobal.com,,,https://www.maderacounty.com/home/showpublisheddocument/47320/639082197202600000,pdf
madera,Paco Villareal,Paco Villareal,,559-790-3071,paco@559ccw.com,,,https://www.maderacounty.com/home/showpublisheddocument/47320/639082197202600000,pdf
madera,Pinnacle Firearms Training,"Devon Fullner; Chris Desmond; John Mikkelson; Gerald ""Marty"" True Pete; Marin Curtis",,559-259-3204,Dfullner19@gmail.com,,,https://www.maderacounty.com/home/showpublisheddocument/47320/639082197202600000,pdf
madera,Police Science Institute,Hammett John; Schantz Robert; Simpson Teddie Chao; Greg Delacerda,https://policescience.com,559-276-9800,,,,https://www.maderacounty.com/home/showpublisheddocument/47320/639082197202600000,pdf
madera,Practical Training Solutions LLC,Bobby Rader,,559-799-5891,bobbyrader141@gmail.com,,,https://www.maderacounty.com/home/showpublisheddocument/47320/639082197202600000,pdf
madera,Premier Tactical Training,Matthew Pimentel,,559-779-7742,premiertacticaltraining@hotmail.com,,,https://www.maderacounty.com/home/showpublisheddocument/47320/639082197202600000,pdf
madera,Rainey Chad Mays,Rainey Mays,,310-591-6193,maysrainey@gmail.com,El Nido,,https://www.maderacounty.com/home/showpublisheddocument/47320/639082197202600000,pdf
madera,Ronan Collins,Ronan Collins,,559-349-9297,rbccwtraining@yahoo.com,,,https://www.maderacounty.com/home/showpublisheddocument/47320/639082197202600000,pdf
madera,Sam Carter,Sam Carter; Patrick Sparks,,559-245-4300,sam@ethosprotectionservices.com,,,https://www.maderacounty.com/home/showpublisheddocument/47320/639082197202600000,pdf
madera,Stage Stop Gun Shop,Albert Flores; Gregory Mahan,,209-358-4867,range@stagestopgunshop.com,,,https://www.maderacounty.com/home/showpublisheddocument/47320/639082197202600000,pdf
madera,Sovereign Protection Services,Steven Carillo,https://www.sovereign-protection.com,559-353-0267,,,,https://www.maderacounty.com/home/showpublisheddocument/47320/639082197202600000,pdf
madera,OPFOR Solutions,"Tory ""Doc"" Schmeiser",,559-683-3669,schmyz@gmail.com,,,https://www.maderacounty.com/home/showpublisheddocument/47320/639082197202600000,pdf
madera,The Firing Line,Chris Stearns,,559-294-9400,thefiringlineclovis@gmail.com,,,https://www.maderacounty.com/home/showpublisheddocument/47320/639082197202600000,pdf
madera,Tollhouse Tactical,Evan Brewer,,559-304-7690,tollhousetatical@yahoo.com,,,https://www.maderacounty.com/home/showpublisheddocument/47320/639082197202600000,pdf
madera,Tony Aguilar,Tony Aguilar,,559-907-0350,snakedogsert@yahoo.com,,,https://www.maderacounty.com/home/showpublisheddocument/47320/639082197202600000,pdf
madera,U.S. LawShield,Todd Cotta,https://educate.uslawshield.com/courses,877-448-6839,,,,https://www.maderacounty.com/home/showpublisheddocument/47320/639082197202600000,pdf
madera,Watchmen Security Services,Constance Bomar,,510-696-6531,WATCHMENGUARDSCV@GMAIL.COM,,,https://www.maderacounty.com/home/showpublisheddocument/47320/639082197202600000,pdf
madera,Zaks Guns LLC,Rohi Zacharia,,559-673-4525,sales@zaksguns.com,,,https://www.maderacounty.com/home/showpublisheddocument/47320/639082197202600000,pdf
marin,AAO,Bryan Kinney,https://aao-co.com,(707) 400-3677,bkinney@aao-co.com,Petaluma,CA,https://marinsheriff.gov/services/ccw,webpage
marin,2A Firearms Academy,Doug Kevilus,https://www.2afirearmsacademy.com/marin-county-ccw,(707) 410-0389,,,,https://marinsheriff.gov/services/ccw,webpage
marin,Bigfoot Firearms Academy/Pacific Outfitters,Aaron Ostrom; Cole Greene; Roy Williams,https://www.bigfootfirearmstraining.com,(844) 926-6566,,Eureka,CA,https://marinsheriff.gov/services/ccw,webpage
marin,Bay Area Tactical Group (BAT Tactical),,https://www.battactical.com,(415) 568-6803,,San Carlos,CA,https://marinsheriff.gov/services/ccw,webpage
marin,Coco Firearm Training LLC,Timothy Trickel,https://cocofirearmtraining.com,(925) 384-1920,info@cocofirearmtraining.com,,,https://marinsheriff.gov/services/ccw,webpage
marin,"Crosshair Training, LLC","Dennis Jamarck, Jr.",https://www.crosshairtraining.com,(707) 486-4445,,,,https://marinsheriff.gov/services/ccw,webpage
marin,"DEFENSIVE ACCURACY, LLC",Denise King,https://www.daccw.com/ccw-classes,(408) 687-3791,,,,https://marinsheriff.gov/services/ccw,webpage
marin,Execushield Training Center,Marco Innocenti; Michelle Wagner,https://execushield.com/ccwcourse,(510) 625-4940,info@execushield.com,,,https://marinsheriff.gov/services/ccw,webpage
marin,Grover Group,Anoop Grover,https://ggccw.biz,(510) 516-1431,anoop@ggccw.biz,,,https://marinsheriff.gov/services/ccw,webpage
marin,Paladin Tactical US,Dan Butler,https://www.paladin-tactical-us.com,(707) 863-1064,paladintacticalus@gmail.com,,,https://marinsheriff.gov/services/ccw,webpage
marin,"Progressive Accuracy Training Group, LLC",Stephen Perrilliat,https://www.progressiveaccuracy.com,(925) 787-6224,,,,https://marinsheriff.gov/services/ccw,webpage
marin,Showket Training,"Ziyad ""Zip"" Showket",https://www.showkettraining.com,(415) 497-1983,zip@showkettraining.com,Novato,CA,https://marinsheriff.gov/services/ccw,webpage
mariposa,Stage Stop Gun Shop,,,(209) 358-4867,,Atwater,CA,https://www.mariposacounty.gov/622/Concealed-Weapons-Permits,webpage
mariposa,JLPFI,John Lewis,,(559) 349-3833,,Clovis,CA,https://www.mariposacounty.gov/622/Concealed-Weapons-Permits,webpage
mariposa,Bill & Cathy Tidwell,Bill Tidwell; Cathy Tidwell,,(209) 878-3056,,Coulterville,CA,https://www.mariposacounty.gov/622/Concealed-Weapons-Permits,webpage
mariposa,Rainey Mays Gun Shop,,,(310) 591-6193,,El Nido,CA,https://www.mariposacounty.gov/622/Concealed-Weapons-Permits,webpage
mariposa,Weapons Training School,,,(209) 532-6677,,Long Barn,CA,https://www.mariposacounty.gov/622/Concealed-Weapons-Permits,webpage
mariposa,Chris Williams Firearms Training,Chris Williams,,(559) 994-1261,,Fresno,CA,https://www.mariposacounty.gov/622/Concealed-Weapons-Permits,webpage
mariposa,Ernie Rodrigues,Ernie Rodrigues,,(559) 304-8611,,Fresno,CA,https://www.mariposacounty.gov/622/Concealed-Weapons-Permits,webpage
mariposa,Steve Carrillo,Steve Carrillo,,(559) 353-0267,,Madera,CA,https://www.mariposacounty.gov/622/Concealed-Weapons-Permits,webpage
mariposa,Hammer Stryke,,,(209) 614-1718,,Mariposa,CA,https://www.mariposacounty.gov/622/Concealed-Weapons-Permits,webpage
mariposa,Hard Focus Firearms,,,(209) 564-0332,,Merced,CA,https://www.mariposacounty.gov/622/Concealed-Weapons-Permits,webpage
mariposa,M2 Firearms Training,,,(209) 386-7344,,Merced,CA,https://www.mariposacounty.gov/622/Concealed-Weapons-Permits,webpage
mariposa,Valley Defense Consulting Inc.,,,(209) 552-5728,,Modesto,CA,https://www.mariposacounty.gov/622/Concealed-Weapons-Permits,webpage
mariposa,Madison Society Foundation,,,(209) 318-5730,,Oakdale,CA,https://www.mariposacounty.gov/622/Concealed-Weapons-Permits,webpage
mariposa,Jim Bernardi Firearms,Jim Bernardi,,(559) 683-5869,,Oakhurst,CA,https://www.mariposacounty.gov/622/Concealed-Weapons-Permits,webpage
mendocino,Bigfoot Firearm Training,Aaron Ostrom; Cole Greene,https://www.bigfootfirearmstraining.com,(844) 926-6566,info@bigfootaa.com,,,https://mendocinosheriff.org/carry-concealed-weapon-permits/,webpage
mendocino,David Goodman,David Goodman,https://www.mendoccw.com,(707) 485-2481,team@mendoccw.com,,,https://mendocinosheriff.org/carry-concealed-weapon-permits/,webpage
mendocino,Kim Milani,Kim Milani,https://www.milaniccw.com,(707) 272-4656,kim@milaniccw.com,,,https://mendocinosheriff.org/carry-concealed-weapon-permits/,webpage
mendocino,Bob Nishiyama,Bob Nishiyama,,(415) 519-3647,nish99@prodigy.net,,,https://mendocinosheriff.org/carry-concealed-weapon-permits/,webpage
mendocino,Edward Davies,Edward Davies,https://www.redwoodpracticalshooters.com,(707) 357-1581,edsguns@mcn.org,,,https://mendocinosheriff.org/carry-concealed-weapon-permits/,webpage
mendocino,Marco A. Innocenti,Marco A. Innocenti,https://www.redwoodpracticalshooters.com,(415) 306-2670,marco.innocenti576@gmail.com,,,https://mendocinosheriff.org/carry-concealed-weapon-permits/,webpage
merced,601 Atwater Blvd.,,,(209) 358-4867,[email protected],Atwater,CA,https://www.countyofmerced.com/3266/CCW-Approved-Instructor-Classes,webpage
merced,Stage Stop Gun Shop,,,(209) 552-5728,[email protected],Modesto,CA,https://www.countyofmerced.com/3266/CCW-Approved-Instructor-Classes,webpage
merced,Valley Defense Consulting,,,(503) 776-4855,,Redding,CA,https://www.countyofmerced.com/3266/CCW-Approved-Instructor-Classes,webpage
merced,Northern Firearms Instruction,,,(209) 535-0077,[email protected],Salida,CA,https://www.countyofmerced.com/3266/CCW-Approved-Instructor-Classes,webpage
merced,Trident Firearms Academy,,,(209) 863-2355,[email protected],Riverbank,CA,https://www.countyofmerced.com/3266/CCW-Approved-Instructor-Classes,webpage
merced,Kiwi's Custom Guns,,,(707) 344-1057,,Vallejo,CA,https://www.countyofmerced.com/3266/CCW-Approved-Instructor-Classes,webpage
merced,G&L Security Training,,,(209) 386-7344,,Merced,CA,https://www.countyofmerced.com/3266/CCW-Approved-Instructor-Classes,webpage
merced,M2 Firearms Training,,,(209) 564-0332,[email protected],,,https://www.countyofmerced.com/3266/CCW-Approved-Instructor-Classes,webpage
merced,"Hard Focus Firearms Training, LLC",,,(209)587-0809,[email protected],Gustine,CA,https://www.countyofmerced.com/3266/CCW-Approved-Instructor-Classes,webpage
merced,Rescue74CPR,,,(559) 349-3833,,,,https://www.countyofmerced.com/3266/CCW-Approved-Instructor-Classes,webpage
merced,John Lewis Professional Firearms Instruction,John Lewis,,,,,,https://www.countyofmerced.com/3266/CCW-Approved-Instructor-Classes,webpage
merced,The Range Pistol Club,,,(559) 276-9800,,Fresno,CA,https://www.countyofmerced.com/3266/CCW-Approved-Instructor-Classes,webpage
merced,Police Science Institute,,,(209) 614-1718,,Mariposa,CA,https://www.countyofmerced.com/3266/CCW-Approved-Instructor-Classes,webpage
merced,"Hammer Stryke Self-Reliance Training, Inc.",Keith Brown,,(510) 736-4333,[email protected],Tracy,CA,https://www.countyofmerced.com/3266/CCW-Approved-Instructor-Classes,webpage
merced,"First Priority Security Consulting, LLC",Eric Olson,,(559) 765-7702,,Chowchilla,CA,https://www.countyofmerced.com/3266/CCW-Approved-Instructor-Classes,webpage
merced,10312 Griffith Ave.,,,(209) 667-9985,[email protected],Delhi,CA,https://www.countyofmerced.com/3266/CCW-Approved-Instructor-Classes,webpage
merced,"210 S. Sierra Avenue, Suite 204",,,(209) 318-5730,,Oakdale,CA,https://www.countyofmerced.com/3266/CCW-Approved-Instructor-Classes,webpage
merced,Madison Society Foundation,,,(209) 752-9253,[email protected],,,https://www.countyofmerced.com/3266/CCW-Approved-Instructor-Classes,webpage
merced,ASP Security Training,,,(209) 575-4867,,Modesto,CA,https://www.countyofmerced.com/3266/CCW-Approved-Instructor-Classes,webpage
merced,Called2Arms Gun Range,"Francisco ""Paco"" Villarreal",,(559) 790-3071,,,,https://www.countyofmerced.com/3266/CCW-Approved-Instructor-Classes,webpage
merced,559CCW,,,(559) 226-6189,[email protected],,,https://www.countyofmerced.com/3266/CCW-Approved-Instructor-Classes,webpage
merced,6th Nation Gun Club,Anoop Grover,,(510) 676-6076,,,,https://www.countyofmerced.com/3266/CCW-Approved-Instructor-Classes,webpage
merced,Grover Group,,,,,,,https://www.countyofmerced.com/3266/CCW-Approved-Instructor-Classes,webpage
modoc,Bull's Eye Firearms,Christopher Ewens,https://www.guninstructor.com,530.235.0721,cewens@guninstructor.com,Castella,CA,https://www.modocsheriff.us/sites/g/files/vyhlif921/f/pages/modoc_county_sheriffs_office_approved_instructors.pdf,pdf
modoc,Nice Shot Indoor Range,Lauri Forni; Michael Rynearson; Andrew Hackett,https://www.niceshot.net,530.241.6486,niceshotrange@gmail.com,Redding,CA,https://www.modocsheriff.us/sites/g/files/vyhlif921/f/pages/modoc_county_sheriffs_office_approved_instructors.pdf,pdf
modoc,Chris McNally,Chris McNally,,530.260.7553,chrismcnally@rocketmail.com,Susanville,CA,https://www.modocsheriff.us/sites/g/files/vyhlif921/f/pages/modoc_county_sheriffs_office_approved_instructors.pdf,pdf
modoc,Northern Firearms Instruction,Ted Lidie,https://www.countyccw.com,530.999.1822,ted@usgunpro.com,Hat Creek,CA,https://www.modocsheriff.us/sites/g/files/vyhlif921/f/pages/modoc_county_sheriffs_office_approved_instructors.pdf,pdf
modoc,David Thompson,David Thompson,,530.524.0608,dthompson56@charter.net,Shasta Lake City,CA,https://www.modocsheriff.us/sites/g/files/vyhlif921/f/pages/modoc_county_sheriffs_office_approved_instructors.pdf,pdf
modoc,Distinguished Firearms Instruction,Rick Deruyter,https://www.distinguishedfirearms.com,530.524.7594,,Mount Shasta,CA,https://www.modocsheriff.us/sites/g/files/vyhlif921/f/pages/modoc_county_sheriffs_office_approved_instructors.pdf,pdf
modoc,Randy Scheffler,Randy Scheffler,,530.310.2844,rscheffler@hotmail.com,Susanville,CA,https://www.modocsheriff.us/sites/g/files/vyhlif921/f/pages/modoc_county_sheriffs_office_approved_instructors.pdf,pdf
modoc,Freedom Firearms Inc.,Alan Woodburn; Larry Holden,https://www.freedomfirearmsreno.com,775.224.1234,,Reno,NV,https://www.modocsheriff.us/sites/g/files/vyhlif921/f/pages/modoc_county_sheriffs_office_approved_instructors.pdf,pdf
modoc,"L7 Adventures, Inc.",Minty O'Callaghan,,408-858-3077,L7adventuresinc@gmail.com,Alturas,CA,https://www.modocsheriff.us/sites/g/files/vyhlif921/f/pages/modoc_county_sheriffs_office_approved_instructors.pdf,pdf
modoc,Kirk Rienschmidt,Kirk Rienschmidt,,775.224.8171,,,,https://www.modocsheriff.us/sites/g/files/vyhlif921/f/pages/modoc_county_sheriffs_office_approved_instructors.pdf,pdf
modoc,Firearms Academy of Redding,Joel Northrup; Dave Morley,https://www.reddingfirearms.com,530.945.8925,joel@reddingfirearms.com,Redding,CA,https://www.modocsheriff.us/sites/g/files/vyhlif921/f/pages/modoc_county_sheriffs_office_approved_instructors.pdf,pdf
modoc,Concealed Coalition,Jon Ludwick; Terry Scharfe,https://www.concealedcoalition.com,800.805.2238,,,,https://www.modocsheriff.us/sites/g/files/vyhlif921/f/pages/modoc_county_sheriffs_office_approved_instructors.pdf,pdf
modoc,Lassen Community College,Tom Downing,,530.251.8801,tdowning@lassencollege.edu,,,https://www.modocsheriff.us/sites/g/files/vyhlif921/f/pages/modoc_county_sheriffs_office_approved_instructors.pdf,pdf
modoc,Middleton Firearms Training,Dominick Middleton,,(530) 744-4511,middletonccw@gmail.com,Alturas,CA,https://www.modocsheriff.us/sites/g/files/vyhlif921/f/pages/modoc_county_sheriffs_office_approved_instructors.pdf,pdf
modoc,Crossed Star Firearms,Morgan Dant,,(530) 790-5187,crossedstarfirearms@yahoo.com,Marysville,CA,https://www.modocsheriff.us/sites/g/files/vyhlif921/f/pages/modoc_county_sheriffs_office_approved_instructors.pdf,pdf
modoc,State of Jefferson Outdoors,Jess Harris,,(530) 643-9084,stateofjeffersonoutdoors@gmail.com,,CA,https://www.modocsheriff.us/sites/g/files/vyhlif921/f/pages/modoc_county_sheriffs_office_approved_instructors.pdf,pdf
modoc,Angel's Firearms Instruction,Dan Angel,,(530) 990-1807,djtangel@sbcglobal.net,Chico,CA,https://www.modocsheriff.us/sites/g/files/vyhlif921/f/pages/modoc_county_sheriffs_office_approved_instructors.pdf,pdf
modoc,"Concealed Carry Nevada, LLC",Keith Chesnut,,775.720.2147,"keith@concealedcarrynevada,com",,NV,https://www.modocsheriff.us/sites/g/files/vyhlif921/f/pages/modoc_county_sheriffs_office_approved_instructors.pdf,pdf
modoc,CapOff Firearms Training,Mike Pickens,,530.254.4626,mrmpickens@yahoo.com,,,https://www.modocsheriff.us/sites/g/files/vyhlif921/f/pages/modoc_county_sheriffs_office_approved_instructors.pdf,pdf
modoc,559CCW LLC,Paco Villarreal,https://www.559ccw.com,559-790-3071,,,,https://www.modocsheriff.us/sites/g/files/vyhlif921/f/pages/modoc_county_sheriffs_office_approved_instructors.pdf,pdf
modoc,California Online CCW,,https://californiaonlineccw.com/nonresident,(559)294-9400,info@californiaonlineccw.com,,,https://www.modocsheriff.us/sites/g/files/vyhlif921/f/pages/modoc_county_sheriffs_office_approved_instructors.pdf,pdf
modoc,Gibb Tactical,Matthew Gibb,https://www.gibbtactical.com,(530)524-5727,matt@gibbtactical.com,,,https://www.modocsheriff.us/sites/g/files/vyhlif921/f/pages/modoc_county_sheriffs_office_approved_instructors.pdf,pdf
mono,Nevada Firearms Academy,"Mike Ford; D.E. ""Doc"" Cotton",,(775) 884-4867,,Carson City,NV,https://drive.google.com/file/d/1BXezrH8fQ2BkIWX_OaEmMYyYfKEgUUgL/view?usp=sharing,google_drive_pdf
mono,Powers Firearms Training Corp,Rebecca Powers,https://www.kernccw.com,(661) 871-7273,becky@kernccw.com,,,https://drive.google.com/file/d/1BXezrH8fQ2BkIWX_OaEmMYyYfKEgUUgL/view?usp=sharing,google_drive_pdf
mono,Security Academy McClellan,Randall Fritz,,(916) 333-5308,securityatmc@gmail.com,McClellan,CA,https://drive.google.com/file/d/1BXezrH8fQ2BkIWX_OaEmMYyYfKEgUUgL/view?usp=sharing,google_drive_pdf
mono,California and Nevada CCW,Kirk Reinschmidt,https://www.concealedcarrynevada.com,(775) 224-8171,kirk@concealedcarrynevada.com,,,https://drive.google.com/file/d/1BXezrH8fQ2BkIWX_OaEmMYyYfKEgUUgL/view?usp=sharing,google_drive_pdf
mono,"Trinity Tactical, LLC",Gary Underhill,https://www.trinitytacticalnv.com,(775) 622-7009,,,,https://drive.google.com/file/d/1BXezrH8fQ2BkIWX_OaEmMYyYfKEgUUgL/view?usp=sharing,google_drive_pdf
mono,Concealed Coalition,,https://www.concealedcoalition.com,(800) 805-2238,Info@concealedcoalition.com,,,https://drive.google.com/file/d/1BXezrH8fQ2BkIWX_OaEmMYyYfKEgUUgL/view?usp=sharing,google_drive_pdf
mono,Front Sight Firearms Training Institute,J. Scott Hoerner,https://www.frontsight.com,(702) 837-7433,,Pahrump,NV,https://drive.google.com/file/d/1BXezrH8fQ2BkIWX_OaEmMYyYfKEgUUgL/view?usp=sharing,google_drive_pdf
mono,"Sierra Tactical, LLC",Joe Pecsi,,(760) 784-0699,,Bishop,CA,https://drive.google.com/file/d/1BXezrH8fQ2BkIWX_OaEmMYyYfKEgUUgL/view?usp=sharing,google_drive_pdf
mono,"CCW Firearm Training, LLC",Jim Crowley,https://www.ccwfirearmtraining.com,(775) 691-6670,,Carson City,NV,https://drive.google.com/file/d/1BXezrH8fQ2BkIWX_OaEmMYyYfKEgUUgL/view?usp=sharing,google_drive_pdf
mono,Safe and Tactical Firearms Training,Gene N. Kinum,,(760) 935-3830,,Bridgeport,CA,https://drive.google.com/file/d/1BXezrH8fQ2BkIWX_OaEmMYyYfKEgUUgL/view?usp=sharing,google_drive_pdf
mono,Advanced Firearms Training & Consulting,Randall Brooks,https://www.aftc.biz,(775) 671-5534,,Carson City,NV,https://drive.google.com/file/d/1BXezrH8fQ2BkIWX_OaEmMYyYfKEgUUgL/view?usp=sharing,google_drive_pdf
mono,Shooter on the Line,David Rollins; Fareed Dhanoya,,(916) 337-1753,shootersontheline@yahoo.com,Folsom,CA,https://drive.google.com/file/d/1BXezrH8fQ2BkIWX_OaEmMYyYfKEgUUgL/view?usp=sharing,google_drive_pdf
mono,Integrity Firearms Training,Debbie Keennon; Robert Priscaro,,(775) 720-1275,trainingwithintegrity@gmail.com,Gardnerville,NV,https://drive.google.com/file/d/1BXezrH8fQ2BkIWX_OaEmMYyYfKEgUUgL/view?usp=sharing,google_drive_pdf
mono,Intergritas,Amber Carrillo; Luis Carrillo,https://www.integritasinc.com/contact,,,Wellington,NV,https://drive.google.com/file/d/1BXezrH8fQ2BkIWX_OaEmMYyYfKEgUUgL/view?usp=sharing,google_drive_pdf
mono,Guns4US,Tom Wiknich,,760-375-1004,guns4us@earthlink.net,Ridgecrest,CA,https://drive.google.com/file/d/1BXezrH8fQ2BkIWX_OaEmMYyYfKEgUUgL/view?usp=sharing,google_drive_pdf
mono,Kings Gun Center,Todd Cotta,,559-696-9052,todd@kingsguncenter.com,,,https://drive.google.com/file/d/1BXezrH8fQ2BkIWX_OaEmMYyYfKEgUUgL/view?usp=sharing,google_drive_pdf
mono,U.S. LawShield,,https://educate.uslawshield.com,877-448-6839,,,,https://drive.google.com/file/d/1BXezrH8fQ2BkIWX_OaEmMYyYfKEgUUgL/view?usp=sharing,google_drive_pdf
napa,29 Outdoor Gear/Threat Scenarios,Jerry Kunzman,https://29og-ts.com,707-647-2511,29OG\TS website,American Canyon,CA,https://www.napacounty.gov/2511/Concealed-Weapons-Permit,webpage
napa,2nd Amendment Firearms Academy LLC,Doug Kevilus,,707-410-0389,,,,https://www.napacounty.gov/2511/Concealed-Weapons-Permit,webpage
napa,AAO,Bryan Kinney,,707-400-3677,,,,https://www.napacounty.gov/2511/Concealed-Weapons-Permit,webpage
napa,Big Ranch Defensive Firearm Training,John Staggs; Tom Butler,,707-291-7275,,,,https://www.napacounty.gov/2511/Concealed-Weapons-Permit,webpage
napa,CCW Shooters,Michael Cordisco,,916-207-7350,,Yuba City,CA,https://www.napacounty.gov/2511/Concealed-Weapons-Permit,webpage
napa,Coco Firearm Training LLC,Timothy Trickel,,925-384-1920,,,,https://www.napacounty.gov/2511/Concealed-Weapons-Permit,webpage
napa,Concealed Coalition,,,,,,,https://www.napacounty.gov/2511/Concealed-Weapons-Permit,webpage
napa,"Crosshair Training, LLC",Dennis F. Jamarck Jr.,,707-486-4445,,,,https://www.napacounty.gov/2511/Concealed-Weapons-Permit,webpage
napa,Dobbs Firearm Training,Charles Dobbs,,888-486-0250,,Suisun City,CA,https://www.napacounty.gov/2511/Concealed-Weapons-Permit,webpage
napa,"Defensive Accuracy, LLC",Denise King,,408-687-3791,,San Leandro,CA,https://www.napacounty.gov/2511/Concealed-Weapons-Permit,webpage
napa,"First Priority Security Consulting, LLC",Keith Brown,,510-736-4333,,Tracy,CA,https://www.napacounty.gov/2511/Concealed-Weapons-Permit,webpage
napa,"G4 Firearms, LLC",Scott Gabaldon,,707-540-0509,,,,https://www.napacounty.gov/2511/Concealed-Weapons-Permit,webpage
napa,G&L Security,Garrett Simpson; Laramie Simpson,,707-344-1057,,,,https://www.napacounty.gov/2511/Concealed-Weapons-Permit,webpage
napa,Grover Group,,,510-676-6076,,,,https://www.napacounty.gov/2511/Concealed-Weapons-Permit,webpage
napa,Kennedy Consulting,,,530-617-1486,,Fair Oaks,CA,https://www.napacounty.gov/2511/Concealed-Weapons-Permit,webpage
napa,Napa Rifle and Pistol Club,Jack Jennings,,707-479-0337,,,,https://www.napacounty.gov/2511/Concealed-Weapons-Permit,webpage
napa,Northern Firearms Instruction - NFI,,,530-776-4855,,,,https://www.napacounty.gov/2511/Concealed-Weapons-Permit,webpage
napa,ONE on ONE Firearms,,,916-494-9663,,Sacramento,CA,https://www.napacounty.gov/2511/Concealed-Weapons-Permit,webpage
napa,Paladin Tactical US LLC,Daniel Butler,,707-863-1064,,,,https://www.napacounty.gov/2511/Concealed-Weapons-Permit,webpage
napa,"Safe Firearms Education, LLC",,,408-384-8598,,San Jose,CA,https://www.napacounty.gov/2511/Concealed-Weapons-Permit,webpage
napa,Showket Training,Ziyad Showket,,415-497-1983,,,,https://www.napacounty.gov/2511/Concealed-Weapons-Permit,webpage
napa,Split Fire Training,Michael Kenner,,707-712-8300,,,,https://www.napacounty.gov/2511/Concealed-Weapons-Permit,webpage
napa,Steve's Firearms Service,Steve Hartung,,707-249-5400,,,,https://www.napacounty.gov/2511/Concealed-Weapons-Permit,webpage
nevada,The Range,,,(530) 273-4440,,,,https://www.nevadacountyca.gov/DocumentCenter/View/52728/CCW-Approved-Training-Vendors-List,pdf
nevada,Weber Firearms,,,(530) 274-7664,,,,https://www.nevadacountyca.gov/DocumentCenter/View/52728/CCW-Approved-Training-Vendors-List,pdf
nevada,The Gun Range,,,(916) 972-1484,,,,https://www.nevadacountyca.gov/DocumentCenter/View/52728/CCW-Approved-Training-Vendors-List,pdf
nevada,Global Protection & Investigations,,,1(888) 937-7683,,,,https://www.nevadacountyca.gov/DocumentCenter/View/52728/CCW-Approved-Training-Vendors-List,pdf
nevada,Defensive Triad,,,(916) 765-5661,,,,https://www.nevadacountyca.gov/DocumentCenter/View/52728/CCW-Approved-Training-Vendors-List,pdf
nevada,Crossed Star Firearms,,,(530) 790-5187,,,,https://www.nevadacountyca.gov/DocumentCenter/View/52728/CCW-Approved-Training-Vendors-List,pdf
nevada,Vandagriff Consulting,,,(530) 320-8858,,,,https://www.nevadacountyca.gov/DocumentCenter/View/52728/CCW-Approved-Training-Vendors-List,pdf
nevada,Defensive Accuracy LLC,,,(408) 687-3791,,,,https://www.nevadacountyca.gov/DocumentCenter/View/52728/CCW-Approved-Training-Vendors-List,pdf
nevada,Bad Moon Shooting,,,(530) 988-8772,,,,https://www.nevadacountyca.gov/DocumentCenter/View/52728/CCW-Approved-Training-Vendors-List,pdf
nevada,Lagomasino's Firearms Institute Inc.,,,(209) 401-0907,,,,https://www.nevadacountyca.gov/DocumentCenter/View/52728/CCW-Approved-Training-Vendors-List,pdf
nevada,Protection Plus Tactics,,,(916) 577-2522,,,,https://www.nevadacountyca.gov/DocumentCenter/View/52728/CCW-Approved-Training-Vendors-List,pdf
nevada,Defense Shot,,,(530) 206-6377,,,,https://www.nevadacountyca.gov/DocumentCenter/View/52728/CCW-Approved-Training-Vendors-List,pdf
nevada,One on One Firearms,,,(916) 494-9663,,,,https://www.nevadacountyca.gov/DocumentCenter/View/52728/CCW-Approved-Training-Vendors-List,pdf
nevada,CCW Shooters,,,(916) 207-7350,,,,https://www.nevadacountyca.gov/DocumentCenter/View/52728/CCW-Approved-Training-Vendors-List,pdf
nevada,Bellicose Family Safety Solutions,,,(530) 570-2746,,,,https://www.nevadacountyca.gov/DocumentCenter/View/52728/CCW-Approved-Training-Vendors-List,pdf
nevada,Sierra CCW Firearms Training,,,(530) 563-6397,,,,https://www.nevadacountyca.gov/DocumentCenter/View/52728/CCW-Approved-Training-Vendors-List,pdf
nevada,A Best CCW Training,,,(916) 295-8489,,,,https://www.nevadacountyca.gov/DocumentCenter/View/52728/CCW-Approved-Training-Vendors-List,pdf
nevada,Defensive and Firearms Safety Training,,,(916) 303-3746,,,,https://www.nevadacountyca.gov/DocumentCenter/View/52728/CCW-Approved-Training-Vendors-List,pdf
nevada,Northern Firearms Instruction (NFI),,,(530) 999-1822,,,,https://www.nevadacountyca.gov/DocumentCenter/View/52728/CCW-Approved-Training-Vendors-List,pdf
nevada,Essential Self Defense,,,(916) 997-1293,,,,https://www.nevadacountyca.gov/DocumentCenter/View/52728/CCW-Approved-Training-Vendors-List,pdf
nevada,Ramsey Personal Protection Consulting,,,(916) 844-6374,,,,https://www.nevadacountyca.gov/DocumentCenter/View/52728/CCW-Approved-Training-Vendors-List,pdf
nevada,NSP Firearms Instruction,,,(916) 500-4478,,,,https://www.nevadacountyca.gov/DocumentCenter/View/52728/CCW-Approved-Training-Vendors-List,pdf
nevada,Alpha Shield CCW,,,(916) 812-8762,,,,https://www.nevadacountyca.gov/DocumentCenter/View/52728/CCW-Approved-Training-Vendors-List,pdf
nevada,Angel's Firearms Instruction (AFI),,,(530) 900-1807,,,,https://www.nevadacountyca.gov/DocumentCenter/View/52728/CCW-Approved-Training-Vendors-List,pdf
orange,Apex Defensive Strategies,,https://apexdefensivestrategies.com,714-497-0714,,Anaheim,CA,https://www.ocsheriff.gov/sites/ocsd/files/2026-03/CCW%20Training%20Providers%20REV%203-6-2026.pdf,pdf
orange,Artifex Firearms Training,,https://www.artifexfirearmstraining.com,949-861-0693,,Anaheim,CA,https://www.ocsheriff.gov/sites/ocsd/files/2026-03/CCW%20Training%20Providers%20REV%203-6-2026.pdf,pdf
orange,Down Range Firearms Safety Training Academy,,,714-322-8702,,Anaheim,CA,https://www.ocsheriff.gov/sites/ocsd/files/2026-03/CCW%20Training%20Providers%20REV%203-6-2026.pdf,pdf
orange,Fortitude Int'l Firearm Training,,https://www.fortitudeintl.net,714-312-9613,,Anaheim Hills,CA,https://www.ocsheriff.gov/sites/ocsd/files/2026-03/CCW%20Training%20Providers%20REV%203-6-2026.pdf,pdf
orange,"Paragraph 2, LLC",,https://paragraph2.net,714-200-1202,,Anaheim Hills,CA,https://www.ocsheriff.gov/sites/ocsd/files/2026-03/CCW%20Training%20Providers%20REV%203-6-2026.pdf,pdf
orange,"Safe Path Firearms Training, LLC",,https://www.safepathfirearmstrainingllc.com,714-381-4195,,Anaheim Hills,CA,https://www.ocsheriff.gov/sites/ocsd/files/2026-03/CCW%20Training%20Providers%20REV%203-6-2026.pdf,pdf
orange,Semper Safe,,https://www.sempersafe.us,714-328-1473,,Anaheim Hills,CA,https://www.ocsheriff.gov/sites/ocsd/files/2026-03/CCW%20Training%20Providers%20REV%203-6-2026.pdf,pdf
orange,"5150 Heat, LLC.",,https://www.5150heat.com,714-680-5500,,Brea,CA,https://www.ocsheriff.gov/sites/ocsd/files/2026-03/CCW%20Training%20Providers%20REV%203-6-2026.pdf,pdf
orange,VIP CCW Services,,https://www.vipccwservices.com,310-500-9200,,Brea,CA,https://www.ocsheriff.gov/sites/ocsd/files/2026-03/CCW%20Training%20Providers%20REV%203-6-2026.pdf,pdf
orange,Be Fast,,https://www.befastraining.com,949-485-1938,,Capistrano Beach,CA,https://www.ocsheriff.gov/sites/ocsd/files/2026-03/CCW%20Training%20Providers%20REV%203-6-2026.pdf,pdf
orange,Cal-Patriot Defense,,https://www.calpatriotdefense.com,949-295-8122,,Costa Mesa,CA,https://www.ocsheriff.gov/sites/ocsd/files/2026-03/CCW%20Training%20Providers%20REV%203-6-2026.pdf,pdf
orange,"Safe Insight, LLC",,https://www.safeinsight.net,877-217-7233,,Cypress,CA,https://www.ocsheriff.gov/sites/ocsd/files/2026-03/CCW%20Training%20Providers%20REV%203-6-2026.pdf,pdf
orange,EliteCCW Firearms Training,,https://www.eliteccw.com,714-600-3120,,Fountain Valley,CA,https://www.ocsheriff.gov/sites/ocsd/files/2026-03/CCW%20Training%20Providers%20REV%203-6-2026.pdf,pdf
orange,MagnaProducts,,https://www.magnaproducts.net,909-798-9211,,Fullerton,CA,https://www.ocsheriff.gov/sites/ocsd/files/2026-03/CCW%20Training%20Providers%20REV%203-6-2026.pdf,pdf
orange,"Tap Rack Bang, LLC",,https://www.trbtraining.com,949-566-7263,,Fullerton,CA,https://www.ocsheriff.gov/sites/ocsd/files/2026-03/CCW%20Training%20Providers%20REV%203-6-2026.pdf,pdf
orange,The CCW School,,https://www.theccwschool.com,562-645-3494,,Fullerton,CA,https://www.ocsheriff.gov/sites/ocsd/files/2026-03/CCW%20Training%20Providers%20REV%203-6-2026.pdf,pdf
orange,Sentri Institute Inc.,,https://www.sentriinstitute.com,949-591-9747,,Garden Grove,CA,https://www.ocsheriff.gov/sites/ocsd/files/2026-03/CCW%20Training%20Providers%20REV%203-6-2026.pdf,pdf
orange,Basic Gun Safety,,https://www.basicgunsafety.com,714-864-0203,,Garden Grove,CA,https://www.ocsheriff.gov/sites/ocsd/files/2026-03/CCW%20Training%20Providers%20REV%203-6-2026.pdf,pdf
orange,Concealed Coalition,,https://www.concealedcoalition.com,800-805-2238,,Huntington Beach,CA,https://www.ocsheriff.gov/sites/ocsd/files/2026-03/CCW%20Training%20Providers%20REV%203-6-2026.pdf,pdf
orange,Defensive Training OC,,https://www.dt-oc.com,714-854-3440,,Huntington Beach,CA,https://www.ocsheriff.gov/sites/ocsd/files/2026-03/CCW%20Training%20Providers%20REV%203-6-2026.pdf,pdf
orange,Hansen Firearms Training,,https://www.californiagunpermit.com,949-573-4099,,Garden Grove,CA,https://www.ocsheriff.gov/sites/ocsd/files/2026-03/CCW%20Training%20Providers%20REV%203-6-2026.pdf,pdf
orange,Hot Rods & Handguns,,https://www.hotrodsandhandguns.com,714-766-7400,,Huntington Beach,CA,https://www.ocsheriff.gov/sites/ocsd/files/2026-03/CCW%20Training%20Providers%20REV%203-6-2026.pdf,pdf
orange,Mana Group Security and Training,,https://www.managrouptrainingsolutions.com,714-925-2448,,Huntington Beach,CA,https://www.ocsheriff.gov/sites/ocsd/files/2026-03/CCW%20Training%20Providers%20REV%203-6-2026.pdf,pdf
orange,Self-Defense Firearms Training,,https://www.firearmtraining.com,714-893-8676,,Huntington Beach,CA,https://www.ocsheriff.gov/sites/ocsd/files/2026-03/CCW%20Training%20Providers%20REV%203-6-2026.pdf,pdf
orange,Shootsafe Academy,,https://www.shootsafeacademy.com,714-625-1507,,Huntington Beach,CA,https://www.ocsheriff.gov/sites/ocsd/files/2026-03/CCW%20Training%20Providers%20REV%203-6-2026.pdf,pdf
orange,"Raptor Safe Consulting, Inc.",,https://www.raptor-safe.com,949-259-8221,,Irvine,CA,https://www.ocsheriff.gov/sites/ocsd/files/2026-03/CCW%20Training%20Providers%20REV%203-6-2026.pdf,pdf
orange,Coach K's Training,,https://www.coachkstraining.com,714-724-8705,,La Habra,CA,https://www.ocsheriff.gov/sites/ocsd/files/2026-03/CCW%20Training%20Providers%20REV%203-6-2026.pdf,pdf
orange,Civilian Arms Training Source,,https://www.civilianarmstraining.com,714-719-3775,,La Palma,CA,https://www.ocsheriff.gov/sites/ocsd/files/2026-03/CCW%20Training%20Providers%20REV%203-6-2026.pdf,pdf
orange,Application Tactical,,https://www.applicationtactical.com,949-441-2842,,Laguna Hills,CA,https://www.ocsheriff.gov/sites/ocsd/files/2026-03/CCW%20Training%20Providers%20REV%203-6-2026.pdf,pdf
orange,On-Target Indoor Shooting Range,,https://www.ontargetrange.com,949-348-0352,,Laguna Niguel,CA,https://www.ocsheriff.gov/sites/ocsd/files/2026-03/CCW%20Training%20Providers%20REV%203-6-2026.pdf,pdf
orange,Artemis Defense Institute,,https://adi.artemishq.com,949-305-6586,,Lake Forest,CA,https://www.ocsheriff.gov/sites/ocsd/files/2026-03/CCW%20Training%20Providers%20REV%203-6-2026.pdf,pdf
orange,Not Today Self Defense,,https://www.nottodaydefense.com,562-666-9988,,Mission Viejo,CA,https://www.ocsheriff.gov/sites/ocsd/files/2026-03/CCW%20Training%20Providers%20REV%203-6-2026.pdf,pdf
orange,Ten-8 Tactical Firearms Training,,https://www.10-8tac.com,800-741-1350,,Newport Beach,CA,https://www.ocsheriff.gov/sites/ocsd/files/2026-03/CCW%20Training%20Providers%20REV%203-6-2026.pdf,pdf
orange,AllSafe Defense Systems,,https://www.allsafedefense.com,714-744-4485,,Orange,CA,https://www.ocsheriff.gov/sites/ocsd/files/2026-03/CCW%20Training%20Providers%20REV%203-6-2026.pdf,pdf
orange,Comfort Zone Assurance,,https://www.comfortzoneassurance.com,760-500-4127,,Orange,CA,https://www.ocsheriff.gov/sites/ocsd/files/2026-03/CCW%20Training%20Providers%20REV%203-6-2026.pdf,pdf
orange,Evans Gun World,,https://evansgunworld.com,714-283-5248,,Orange,CA,https://www.ocsheriff.gov/sites/ocsd/files/2026-03/CCW%20Training%20Providers%20REV%203-6-2026.pdf,pdf
orange,"Forza Defense Training, LLC",,https://www.forzadefense.com,714-406-2828,,Orange,CA,https://www.ocsheriff.gov/sites/ocsd/files/2026-03/CCW%20Training%20Providers%20REV%203-6-2026.pdf,pdf
orange,OC Online Gun Certificate,,https://oconlineguncert.com,714-944-3036,,Orange,CA,https://www.ocsheriff.gov/sites/ocsd/files/2026-03/CCW%20Training%20Providers%20REV%203-6-2026.pdf,pdf
orange,"Archer Firearms Training, LLC",,https://www.archerfirearmstraining.com,657-258-4443,,Placentia,CA,https://www.ocsheriff.gov/sites/ocsd/files/2026-03/CCW%20Training%20Providers%20REV%203-6-2026.pdf,pdf
orange,San Clemente Firearms Training,,https://www.sanclementefirearmstraining.com,949-690-7109,,San Clemente,CA,https://www.ocsheriff.gov/sites/ocsd/files/2026-03/CCW%20Training%20Providers%20REV%203-6-2026.pdf,pdf
orange,Darells Shooting Sports,,https://www.darellsshootingsports.com,949-599-4148,,San Juan Capistrano,CA,https://www.ocsheriff.gov/sites/ocsd/files/2026-03/CCW%20Training%20Providers%20REV%203-6-2026.pdf,pdf
orange,CCW Permit Instruction,,https://www.ccwpermitinstruction.com,949-769-9099,,Santa Ana,CA,https://www.ocsheriff.gov/sites/ocsd/files/2026-03/CCW%20Training%20Providers%20REV%203-6-2026.pdf,pdf
orange,Firearms Training Associates,,https://www.ftatv.com,714-701-9918,,Yorba Linda,CA,https://www.ocsheriff.gov/sites/ocsd/files/2026-03/CCW%20Training%20Providers%20REV%203-6-2026.pdf,pdf
placer,AAO TRAINING,BRYAN KINNEY,https://www.aao-co.com,707-400-3677,[email protected],PETALUMA,CA,https://www.placer.ca.gov/6366/Approved-CCW-Instructors,webpage
placer,ABIDE ARMS TRAINING LLC,SAMUEL YOHANNES,https://www.thegunrange.biz,916-972-1484 EXT 5,[email protected],NORTH HIGHLANDS,CA,https://www.placer.ca.gov/6366/Approved-CCW-Instructors,webpage
placer,ACCURACY FIREARM TRAINING,RAZMIK CARAPETIAN,https://www.accuracyfirearm.com,916-316-6996,[email protected],SACRAMENTO,CA,https://www.placer.ca.gov/6366/Approved-CCW-Instructors,webpage
placer,AEGIS SELF DEFENSE,RICK RASHID,https://www.aegissd.com,916-305-7317,[email protected],ROSEVILLE,CA,https://www.placer.ca.gov/6366/Approved-CCW-Instructors,webpage
placer,ALPHA SAFETY TRAINING,"JIM ""DOC"" AMENTLER",https://www.alphasafetytraining.com,916-215-9148,[email protected],LINCOLN,CA,https://www.placer.ca.gov/6366/Approved-CCW-Instructors,webpage
placer,ALPHA SHIELD CCW,RYAN WATTS,https://www.alphashieldccw.com,916-812-8762,[email protected],LINCOLN,CA,https://www.placer.ca.gov/6366/Approved-CCW-Instructors,webpage
placer,AUBURN GUNS & AMMO INC,WAYNE TRIMBLE,https://www.auburngunsammo.com/TRAINING,530-852-7733,[email protected],AUBURN,CA,https://www.placer.ca.gov/6366/Approved-CCW-Instructors,webpage
placer,BAD MOON SHOOTING,STEVE CARNEY,https://www.badmoonshooting.com,530-988-8772,[email protected],YUBA CITY,CA,https://www.placer.ca.gov/6366/Approved-CCW-Instructors,webpage
placer,BASIC FIREARMS TRAINING,PHILIP WEBSTER,https://www.basicfirearmstraining.net,916-718-0976,[email protected],RANCHO CORDOVA,CA,https://www.placer.ca.gov/6366/Approved-CCW-Instructors,webpage
placer,BASIC TO ADVANCED FIREARMS TRAINING,PATRICK SYMONS,https://www.firearms-training.net,916-660-2507,[email protected],PENRYN,CA,https://www.placer.ca.gov/6366/Approved-CCW-Instructors,webpage
placer,BAXTER FIREARMS TRAINING,MIKE BAXTER,https://www.alwaysbtraining.com,916-729-8377,[email protected],CITRUS HEIGHTS,CA,https://www.placer.ca.gov/6366/Approved-CCW-Instructors,webpage
placer,BELLICOSE FAMILY SAFETY SOLUTIONS,KAREN COSE SHEPHERD,,530-570-2746,[email protected],GRASS VALLEY,CA,https://www.placer.ca.gov/6366/Approved-CCW-Instructors,webpage
placer,CCW TRAINING COMPANY,LEO O'HALLORAN,https://www.ccwtrainingllc.com,916-241-3266,[email protected],SACRAMENTO,CA,https://www.placer.ca.gov/6366/Approved-CCW-Instructors,webpage
placer,CJ'S WORLD,CHARLES BOYD JR.,https://www.cjsworld.net,209-905-8615,[email protected],STOCKTON,CA,https://www.placer.ca.gov/6366/Approved-CCW-Instructors,webpage
placer,CLAVIN CONSULTING,DAN CLAVIN,https://www.ccfirearmstraining.com,916-241-3262,[email protected],ROSEVILLE,CA,https://www.placer.ca.gov/6366/Approved-CCW-Instructors,webpage
placer,CONFIDENCE SAFETY ACADEMY,CHAD HERTZELL,https://www.the-csa.com,916-941-5272,[email protected],ROCKLIN,CA,https://www.placer.ca.gov/6366/Approved-CCW-Instructors,webpage
placer,CROSSED STAR FIREARMS,MORGAN BISCHOFF,https://www.crossedstarfirearms.com,530-790-5187,[email protected],LINCOLN,CA,https://www.placer.ca.gov/6366/Approved-CCW-Instructors,webpage
placer,DAFAST,DELORES (DEE) ADAMS,https://www.fasafetytraining.com,916-838-4926,[email protected],RIO OSO,CA,https://www.placer.ca.gov/6366/Approved-CCW-Instructors,webpage
placer,DEAD EYE DAMES,RAYMOND LARSON,https://www.deadeyedames.com,916-844-2486,[email protected],CITRUS HEIGHTS,CA,https://www.placer.ca.gov/6366/Approved-CCW-Instructors,webpage
placer,DEFENSE SHOT,JOHN DANIELS,https://www.defenseshot.com,530-206-6377,[email protected],FOLSOM,CA,https://www.placer.ca.gov/6366/Approved-CCW-Instructors,webpage
placer,DEFENSIVE AND FIREARMS SAFETY TRAINING,KETAN V. RANCHHOD,,916-303-3746,[email protected],ROSEVILLE,CA,https://www.placer.ca.gov/6366/Approved-CCW-Instructors,webpage
placer,DEFENSIVE TRIAD,CHRIS GULBRANDSON,https://www.defensivetriad.com,916-765-5661,[email protected],ROCKLIN,CA,https://www.placer.ca.gov/6366/Approved-CCW-Instructors,webpage
placer,DOWN-RANGE LOGISTICS,ROBERT LANGLEY,https://www.canopysecuritygroupinc.com,916-792-5003,[email protected],RIO LINDA,CA,https://www.placer.ca.gov/6366/Approved-CCW-Instructors,webpage
placer,EAGLE DEFENSE,JAMES SHAHAN,https://www.eagledefensetrng.com,,[email protected],SACRAMENTO,CA,https://www.placer.ca.gov/6366/Approved-CCW-Instructors,webpage
placer,ESSENTIAL SELF DEFENSE,JOSEPH THEIS,,916-997-1293,[email protected],AUBURN,CA,https://www.placer.ca.gov/6366/Approved-CCW-Instructors,webpage
placer,EWG GUNS,TAMARA DUMONT,https://www.ewgguns.com,916-969-6424,[email protected],LOOMIS,CA,https://www.placer.ca.gov/6366/Approved-CCW-Instructors,webpage
placer,FAMILY DEFENSE TRAINING LLC,B.K. EVANGELISTA,https://www.famdefenseccw.com,,[email protected],PLUMAS LAKE,CA,https://www.placer.ca.gov/6366/Approved-CCW-Instructors,webpage
placer,GROVER GROUP,ANOOP GROVER,https://www.ggccw.biz,510-516-1431,[email protected],ESPARTO,CA,https://www.placer.ca.gov/6366/Approved-CCW-Instructors,webpage
placer,GUNLADY,ERICA MITCHELL,https://www.gunlady.net,,[email protected],SLOUGHHOUSE,CA,https://www.placer.ca.gov/6366/Approved-CCW-Instructors,webpage
placer,"JON KENNEDY CONSULTING, INC",JON C. KENNEDY,https://www.jonkennedyconsulting.com,916-847-3169,[email protected],SACRAMENTO,CA,https://www.placer.ca.gov/6366/Approved-CCW-Instructors,webpage
placer,KNC FIREARMS TRAINING,KARL G. NELSON,https://www.kncft.com,530-547-4472,[email protected],ROSEVILLE,CA,https://www.placer.ca.gov/6366/Approved-CCW-Instructors,webpage
placer,KP PROTECTION CONSULTING,KEVIN POOL,https://www.kpprotectionconsulting.com,916-622-8502,[email protected],AUBURN,CA,https://www.placer.ca.gov/6366/Approved-CCW-Instructors,webpage
placer,"LAGOMARSINO'S FIREARMS INSTITUTE, INC.",WESLEY LAGOMARSINO,https://www.lfiguns.com,209-401-0907,[email protected],SACRAMENTO,CA,https://www.placer.ca.gov/6366/Approved-CCW-Instructors,webpage
placer,LIBERTY FIREARMS TRAINING,RON GIVENS,https://www.libertyfirearmstraining.com,916-870-1854,[email protected],SACRAMENTO,CA,https://www.placer.ca.gov/6366/Approved-CCW-Instructors,webpage
placer,LOCK N LOAD CONCEALED CARRY,JUSTIN LUNGREN,https://www.locknloadconcealedcarry.com,916-705-2258,[email protected],EL DORADO HILLS,CA,https://www.placer.ca.gov/6366/Approved-CCW-Instructors,webpage
placer,LOYAL ARMS,EMILIO DUCUSIN,https://www.shop.loyalarms.com,408-687-9773,[email protected],FOLSOM,CA,https://www.placer.ca.gov/6366/Approved-CCW-Instructors,webpage
placer,MILADI DEFENSE,ALEX MILADI,https://www.miladidefense.com,530-713-5139,[email protected],YUBA CITY,CA,https://www.placer.ca.gov/6366/Approved-CCW-Instructors,webpage
placer,NEXT THREAT SOLUTIONS,JASON RUSSO,https://www.nextthreatsolutions.com,916-306-7959,[email protected],EL DORADO HILLS,CA,https://www.placer.ca.gov/6366/Approved-CCW-Instructors,webpage
placer,NORTHERN FIREARMS INSTRUCTION,PAUL ROBINS,https://www.usgunpro.com,916-224-9925,[email protected],ROSEVILLE,CA,https://www.placer.ca.gov/6366/Approved-CCW-Instructors,webpage
placer,NSP FIREARMS INSTRUCTION,NICK PERJANIK,https://www.nspfirearms.com,916-500-4478,[email protected],ROSEVILLE,CA,https://www.placer.ca.gov/6366/Approved-CCW-Instructors,webpage
placer,PALADIN TACTICAL US,DAN BUTLER,https://www.paladin-tactical-us.com,707-863-1064,[email protected],CONCORD,CA,https://www.placer.ca.gov/6366/Approved-CCW-Instructors,webpage
placer,"PROTECTION PLUS TACTICS, LLC",ALEXANDER RATKOWSKI,https://www.protectionplustactics.com,916-577-2522,[email protected],LOOMIS,CA,https://www.placer.ca.gov/6366/Approved-CCW-Instructors,webpage
placer,RAMSEY PERSONAL PROTECTION CONSULTING,MICHAEL RAMSEY,,916-844-6374,[email protected],ROSEVILLE,CA,https://www.placer.ca.gov/6366/Approved-CCW-Instructors,webpage
placer,REINHARDT FIREARM INSTRUCTION,ALAN R. REINHARDT,,530-635-4733,[email protected],YUBA CITY,CA,https://www.placer.ca.gov/6366/Approved-CCW-Instructors,webpage
placer,SACRAMENTO GUN RANGE,CORA SCHAGER,https://www.sgrange.us,916-246-2010 EXT 1010,[email protected],SACRAMENTO,CA,https://www.placer.ca.gov/6366/Approved-CCW-Instructors,webpage
placer,SAFELY CARRY,AMER SAHTOUT,https://www.safelycarry.com,916-296-4076,[email protected],EL DORADO HILLS,CA,https://www.placer.ca.gov/6366/Approved-CCW-Instructors,webpage
placer,"SECURITY & FIREARMS TRAINING ACADEMY, INC.",JESSIE MEEKER,https://www.safta-inc.com,916-500-1442,[email protected],NORTH HIGHLANDS,CA,https://www.placer.ca.gov/6366/Approved-CCW-Instructors,webpage
placer,SOLIDARITY DEFENSE,LLOYD LIGHT,https://www.sacsolidaritydefense.com,916-968-7267,[email protected],RANCHO CORDOVA,CA,https://www.placer.ca.gov/6366/Approved-CCW-Instructors,webpage
placer,SURE GRIP ARMS,THEODORE HAMPTON II,https://www.suregriparms.com,916-904-4406,[email protected],SACRAMENTO,CA,https://www.placer.ca.gov/6366/Approved-CCW-Instructors,webpage
placer,THE RANGE,KRISTOPHER PRZEPIORSKI,https://www.therangeus.com,530-273-4440,[email protected],GRASS VALLEY,CA,https://www.placer.ca.gov/6366/Approved-CCW-Instructors,webpage
placer,VANDAGRIFF CONSULTING,ERIK VANDAGRIFF,,530-320-8858,[email protected],FORESTHILL,CA,https://www.placer.ca.gov/6366/Approved-CCW-Instructors,webpage
placer,WARRIOR CONCEALMENT,ROY DICKINSON,https://www.warriorconcealment.com,916-934-3423,[email protected],CAMERON PARK,CA,https://www.placer.ca.gov/6366/Approved-CCW-Instructors,webpage
placer,AAO (AMERICAN ARMED ORDINANCE),BRYAN KINNEY,https://www.californiaccwcourses.com,707-400-3677,[email protected],NORTHERN CALIFORNIA,CA,https://www.placer.ca.gov/6366/Approved-CCW-Instructors,webpage
plumas,CHANDLER PEAY,CHANDLER PEAY,https://carryplumas.com,(831) 241-1508,,QUINCY,CA,https://www.plumascounty.us/DocumentCenter/View/52428/APPROVED-CCW-INSTRUCTORS-LIST1-26-2026?bidId=,pdf
plumas,TRAVIS SCHIAVONE,TRAVIS SCHIAVONE,,(530) 616-0338,,PORTOLA,CA,https://www.plumascounty.us/DocumentCenter/View/52428/APPROVED-CCW-INSTRUCTORS-LIST1-26-2026?bidId=,pdf
plumas,CHRIS MCNALLY,CHRIS MCNALLY,,(530) 260-7553,,SUSANVILLE,CA,https://www.plumascounty.us/DocumentCenter/View/52428/APPROVED-CCW-INSTRUCTORS-LIST1-26-2026?bidId=,pdf
plumas,DOWN RANGE,,,(530) 896-1992,,CHICO,CA,https://www.plumascounty.us/DocumentCenter/View/52428/APPROVED-CCW-INSTRUCTORS-LIST1-26-2026?bidId=,pdf
plumas,ARMED SAFETY FIREARMS INSTRUCTION,,,(530) 300-8000,,COTTONWOOD,CA,https://www.plumascounty.us/DocumentCenter/View/52428/APPROVED-CCW-INSTRUCTORS-LIST1-26-2026?bidId=,pdf
plumas,NORTHERN FIREARMS INSTRUCTION,,,(530) 229-0072,,REDDING,CA,https://www.plumascounty.us/DocumentCenter/View/52428/APPROVED-CCW-INSTRUCTORS-LIST1-26-2026?bidId=,pdf
plumas,BELLICOSE FIREARMS INSTRUCTION,,,(530) 570-2746,,GRASS VALLEY,CA,https://www.plumascounty.us/DocumentCenter/View/52428/APPROVED-CCW-INSTRUCTORS-LIST1-26-2026?bidId=,pdf
plumas,RAMSEY PERSONAL PROTECTION,,,(916) 844-6374,,PLACER COUNTY,CA,https://www.plumascounty.us/DocumentCenter/View/52428/APPROVED-CCW-INSTRUCTORS-LIST1-26-2026?bidId=,pdf
plumas,CONCEALED COALITION,,,(985) 634-0296,,,CA,https://www.plumascounty.us/DocumentCenter/View/52428/APPROVED-CCW-INSTRUCTORS-LIST1-26-2026?bidId=,pdf
plumas,LASSEN COMMUNITY COLLEGE,,,(530) 251-8801,,SUSANVILLE,CA,https://www.plumascounty.us/DocumentCenter/View/52428/APPROVED-CCW-INSTRUCTORS-LIST1-26-2026?bidId=,pdf
plumas,ECHO WHISKEY TACTICAL,,,(530) 690-5599,,RED BLUFF,CA,https://www.plumascounty.us/DocumentCenter/View/52428/APPROVED-CCW-INSTRUCTORS-LIST1-26-2026?bidId=,pdf
plumas,DAFAST,,,(916) 838-4926,,YUBA CITY,CA,https://www.plumascounty.us/DocumentCenter/View/52428/APPROVED-CCW-INSTRUCTORS-LIST1-26-2026?bidId=,pdf
plumas,ROBERT GROSSMAN,ROBERT GROSSMAN,,(530) 563-6397,,TRUCKEE,CA,https://www.plumascounty.us/DocumentCenter/View/52428/APPROVED-CCW-INSTRUCTORS-LIST1-26-2026?bidId=,pdf
plumas,ANGEL'S FIREARM INSTRUCTION(A.F.I.),,,(530) 990-1807,,CHICO,CA,https://www.plumascounty.us/DocumentCenter/View/52428/APPROVED-CCW-INSTRUCTORS-LIST1-26-2026?bidId=,pdf
plumas,CROSSED STAR FIREARMS,,,(530) 790-5187,,MARYSVILLE,CA,https://www.plumascounty.us/DocumentCenter/View/52428/APPROVED-CCW-INSTRUCTORS-LIST1-26-2026?bidId=,pdf
plumas,CAP OFF FIREARMS TRAINING CLUB,,,(530) 254-4626,,SUSANVILLE,CA,https://www.plumascounty.us/DocumentCenter/View/52428/APPROVED-CCW-INSTRUCTORS-LIST1-26-2026?bidId=,pdf
plumas,305 TACTICAL FIREARMS TRAINING,,,(805) 585-5220,,LAKE SHERWOOD,CA,https://www.plumascounty.us/DocumentCenter/View/52428/APPROVED-CCW-INSTRUCTORS-LIST1-26-2026?bidId=,pdf
plumas,559CCW,,https://www.559ccw.com,,,,,https://www.plumascounty.us/DocumentCenter/View/52428/APPROVED-CCW-INSTRUCTORS-LIST1-26-2026?bidId=,pdf
plumas,U.S.LAWSHIELD,,,(877) 448-6839,,,,https://www.plumascounty.us/DocumentCenter/View/52428/APPROVED-CCW-INSTRUCTORS-LIST1-26-2026?bidId=,pdf
riverside,A2 Firearms,,https://www.a2defensetraining.com,909-906-9210,service@a2defensetraining.com,Chino,CA,https://permitium-downloads.s3.amazonaws.com/Riverside/RSO_VendorList.pdf,pdf
riverside,ALPHACULTURE LLC,,https://www.alphaculturefa.com,951-564-1059,Training@alphaculturefa.com,Suncity,CA,https://permitium-downloads.s3.amazonaws.com/Riverside/RSO_VendorList.pdf,pdf
riverside,Armed Defense LLC,,,951-203-5528,mehar@thearmeddefense.com,Riverside,CA,https://permitium-downloads.s3.amazonaws.com/Riverside/RSO_VendorList.pdf,pdf
riverside,Brothers & Arms USA / Riverside CCW Training,,https://riversideccwtraining.com,951-223-4567,info@riversideccwtraining.com,Riverside,CA,https://permitium-downloads.s3.amazonaws.com/Riverside/RSO_VendorList.pdf,pdf
riverside,Chambered Defenses,,https://chambereddefenses.com,909-343-3100,ani@chambereddefenses.com,Riverside,CA,https://permitium-downloads.s3.amazonaws.com/Riverside/RSO_VendorList.pdf,pdf
riverside,Citadel Defense Group,,https://www.citadeldefensegroup.com,951-741-6116,info@citadeldefensegroup.com,Wildomar,CA,https://permitium-downloads.s3.amazonaws.com/Riverside/RSO_VendorList.pdf,pdf
riverside,Clubb 1 Investigations LLC,,https://www.clubb1investigations.com,888-258-2201,Clubb1investigations@gmail.com,Riverside,CA,https://permitium-downloads.s3.amazonaws.com/Riverside/RSO_VendorList.pdf,pdf
riverside,Coach K's Training,,https://www.coachkstraining.com,714-724-8705,kealii@coachkstraining.com,,,https://permitium-downloads.s3.amazonaws.com/Riverside/RSO_VendorList.pdf,pdf
riverside,Concealed Coalition Inc.,,https://www.concealedcoalition.com,800-805-2238,info@concealedcoalition.com,,,https://permitium-downloads.s3.amazonaws.com/Riverside/RSO_VendorList.pdf,pdf
riverside,Darell Freeman Shooting Sports,,https://www.darellsshootingsports.com,949-599-4148,Dare2bfreeman@gmail.com,Riverside,CA,https://permitium-downloads.s3.amazonaws.com/Riverside/RSO_VendorList.pdf,pdf
riverside,"Defensive Tactics and Firearms, LLC",,https://defensivetacticsandfirearms.com,760-451-6694,,Fallbrook,CA,https://permitium-downloads.s3.amazonaws.com/Riverside/RSO_VendorList.pdf,pdf
riverside,Family and Freedom Defense,,https://www.familyandfreedomdefense.com,619-363-5255,Info@familyandfreedomdefense.com,Oceanside,CA,https://permitium-downloads.s3.amazonaws.com/Riverside/RSO_VendorList.pdf,pdf
riverside,Firearms Academy,,https://www.firearmsacademy.net/index.html,951-987-0018,firearmsacademy@live.com,Corona,CA,https://permitium-downloads.s3.amazonaws.com/Riverside/RSO_VendorList.pdf,pdf
riverside,Firearms Training Associates,,https://ftatv.com,714-701-9918,info@ftatv.com,Corona,CA,https://permitium-downloads.s3.amazonaws.com/Riverside/RSO_VendorList.pdf,pdf
riverside,Foley Firearms Training,,https://www.foleyfirearmstraining.com,951-236-6267,mike@foleyfirearmstraining.com,Romoland,CA,https://permitium-downloads.s3.amazonaws.com/Riverside/RSO_VendorList.pdf,pdf
riverside,Force Defensive Firearms Training,,https://forcedefensivefirearmstraining.com,951-691-6991,Peter@ForceDefensiveFirearmsTraining.com,Murrieta,CA,https://permitium-downloads.s3.amazonaws.com/Riverside/RSO_VendorList.pdf,pdf
riverside,Guardian Training Unit Non-Profit,,https://guardianspca.net,909-227-8959,Jamesmartinezsvc@gmail.com,Riverside,CA,https://permitium-downloads.s3.amazonaws.com/Riverside/RSO_VendorList.pdf,pdf
riverside,Heavens Betting on Us,,https://heavensbettingonus.com,310-930-4843,Heavensbettingonus@yahoo.com,Lynwood,CA,https://permitium-downloads.s3.amazonaws.com/Riverside/RSO_VendorList.pdf,pdf
riverside,"L & L Firearms Training, LLC",,https://lltraining.com,951-970-1018,support@LLtraining.com,,,https://permitium-downloads.s3.amazonaws.com/Riverside/RSO_VendorList.pdf,pdf
riverside,Lindahl Holsters,,https://lindahlholsters.com,951-867-6769,info@lindahlholsters.com,Riverside,CA,https://permitium-downloads.s3.amazonaws.com/Riverside/RSO_VendorList.pdf,pdf
riverside,Luna Tactical,,https://www.lunatactical.com,310-633-3043,Oscar@lunatactical.com,Chino,CA,https://permitium-downloads.s3.amazonaws.com/Riverside/RSO_VendorList.pdf,pdf
riverside,Medic Up Consulting LLC,,https://medicupconsulting.com,714-767-0156,Ron@medicupconsulting.com,Corona,CA,https://permitium-downloads.s3.amazonaws.com/Riverside/RSO_VendorList.pdf,pdf
riverside,Millenia Defense LLC,,https://www.millenniadefense.com,909-660-3334,info@millenniadefense.com,Rancho Cucamonga,CA,https://permitium-downloads.s3.amazonaws.com/Riverside/RSO_VendorList.pdf,pdf
riverside,"NON-Sheep Firearms & Training, LLC",,https://www.non-sheep.com,909-732-9590,don@non-sheep.com,Corona,CA,https://permitium-downloads.s3.amazonaws.com/Riverside/RSO_VendorList.pdf,pdf
riverside,Outlaw Armory,,https://outlawsarmoryofcl.com,877-928-9486,Outlawsarmory@gmail.com,Canyon Lake,CA,https://permitium-downloads.s3.amazonaws.com/Riverside/RSO_VendorList.pdf,pdf
riverside,Paragraph 2,,https://paragraph2.net,951-893-5400,jim@paragraph2.net,Eastvale,CA,https://permitium-downloads.s3.amazonaws.com/Riverside/RSO_VendorList.pdf,pdf
riverside,Personal Protection Academy,,https://www.the-ppa.com/ccw,951-574-9009,info@the-ppa.com,Murrieta,CA,https://permitium-downloads.s3.amazonaws.com/Riverside/RSO_VendorList.pdf,pdf
riverside,Practical Is Tactical,,https://www.practicalistactical.com,442-378-8135,JKMARTIN@PRACTICALISTACTICAL.COM,Fallbrook,CA,https://permitium-downloads.s3.amazonaws.com/Riverside/RSO_VendorList.pdf,pdf
riverside,Protector CCW & Firearms,,https://www.protectorccw.com,951-290-0431,protectorccw@gmail.com,Murrieta,CA,https://permitium-downloads.s3.amazonaws.com/Riverside/RSO_VendorList.pdf,pdf
riverside,Resounding Arms,,https://resounding-arms.com,818-667-8412,info@resounding-arms.com,Chino,CA,https://permitium-downloads.s3.amazonaws.com/Riverside/RSO_VendorList.pdf,pdf
riverside,Responsible Safe Firearm Ownership,,,909-261-8617,rsfoservices@gmail.com,Wildomar,CA,https://permitium-downloads.s3.amazonaws.com/Riverside/RSO_VendorList.pdf,pdf
riverside,Right 2 Bear (R2B): Firearm Safety & Education,,https://www.r2bear.com,951-892-7077,info@r2bear.com,Riverside,CA,https://permitium-downloads.s3.amazonaws.com/Riverside/RSO_VendorList.pdf,pdf
riverside,Riverside County Sheriff Ben Clark Training Center,,https://riversideca.permitium.com/ccw/start,951-486-2856,CCW@riversidesheriff.org,Riverside,CA,https://permitium-downloads.s3.amazonaws.com/Riverside/RSO_VendorList.pdf,pdf
riverside,Riverside Indoor Shooting Range,,https://www.risr.club,951-353-0001,info@RISR.Club,Riverside,CA,https://permitium-downloads.s3.amazonaws.com/Riverside/RSO_VendorList.pdf,pdf
riverside,Riverside Sharpshooter,,https://riversidesharpshooter.com,951-386-6676,info@riversidesharpshooter.com,,,https://permitium-downloads.s3.amazonaws.com/Riverside/RSO_VendorList.pdf,pdf
riverside,Route 66 Shooting Sports Park,,https://r66ssp.com,909-880-0093,training@r66ssp.com,San Bernardino,CA,https://permitium-downloads.s3.amazonaws.com/Riverside/RSO_VendorList.pdf,pdf
riverside,Semper Safe,,https://sempersafe.us,714-328-1473,info@sempersafe.us,Chino,CA,https://permitium-downloads.s3.amazonaws.com/Riverside/RSO_VendorList.pdf,pdf
riverside,Solutions Group International,,https://www.solutionsgroupinternational.com,951-405-7374,,Riverside,CA,https://permitium-downloads.s3.amazonaws.com/Riverside/RSO_VendorList.pdf,pdf
riverside,Special Enforcement,,https://specialenforcement.com,909-821-7881,Instructor9098217881@gmail.com,Riverside,CA,https://permitium-downloads.s3.amazonaws.com/Riverside/RSO_VendorList.pdf,pdf
riverside,Street Safe Defense Firearms Training Program,,https://www.streetsafedefense.com,951-465-5613,training@streetsafedefense.com,Menifee,CA,https://permitium-downloads.s3.amazonaws.com/Riverside/RSO_VendorList.pdf,pdf
riverside,Ten-8 Tactical Firearms Training,,https://10-8tac.com,800-741-1350,david@10-8tac.com,Chino,CA,https://permitium-downloads.s3.amazonaws.com/Riverside/RSO_VendorList.pdf,pdf
riverside,5 Arrows Tactical,,https://5arrowstactical.com,909-979-1750,dharlow@5arrowstactical.com,San Dimas,CA,https://permitium-downloads.s3.amazonaws.com/Riverside/RSO_VendorList.pdf,pdf
riverside,Azone Defense LLC,,https://azonedefense.com,951-350-0407,training@azonedefense.com,Hemet,CA,https://permitium-downloads.s3.amazonaws.com/Riverside/RSO_VendorList.pdf,pdf
riverside,CA Outdoors,,https://caoutdoors360.com,909-320-8207,support@caoutdoors360.com,Fontana,CA,https://permitium-downloads.s3.amazonaws.com/Riverside/RSO_VendorList.pdf,pdf
riverside,Docking Bay 94 Armory,,https://dockingbay94armory.com,657-500-6487,Dockingbay94armory@gmail.com,Yorba Linda,CA,https://permitium-downloads.s3.amazonaws.com/Riverside/RSO_VendorList.pdf,pdf
riverside,Fortune Firearms,,https://fortunefirearms.com,951-390-6348,Brandi@fortunefirearms.com,Hemet,CA,https://permitium-downloads.s3.amazonaws.com/Riverside/RSO_VendorList.pdf,pdf
riverside,Prevailing Tactics,,https://prevailingtactics.com,909-529-8831,Vince@PrevailingTactics.com,Upland,CA,https://permitium-downloads.s3.amazonaws.com/Riverside/RSO_VendorList.pdf,pdf
riverside,Rising Phoenix Academy,,https://www.risingphoenixacademy.com,951-757-2070,risingphoenixacademy@myyahoo.com,Murrieta,CA,https://permitium-downloads.s3.amazonaws.com/Riverside/RSO_VendorList.pdf,pdf
riverside,Shootsafe Academy,,https://www.shootsafeacademy.com,909-831-6244,shootsafe2@outlook.com,Beaumont,CA,https://permitium-downloads.s3.amazonaws.com/Riverside/RSO_VendorList.pdf,pdf
riverside,Tap Rack Bang Training,,https://trbtraining.com,949-566-7263,info@trbtraining.com,Fullerton,CA,https://permitium-downloads.s3.amazonaws.com/Riverside/RSO_VendorList.pdf,pdf
riverside,The Beaumont Indoor Shooting Range,,https://thebeaumontindoorshootingrange.com,951-845-5757,Beaumontrange@yahoo.com,Beaumont,CA,https://permitium-downloads.s3.amazonaws.com/Riverside/RSO_VendorList.pdf,pdf
riverside,The Right 2 CCW,,https://theright2ccw.com,714-909-0800,Tony@TheRight2ccw.com,Fullerton,CA,https://permitium-downloads.s3.amazonaws.com/Riverside/RSO_VendorList.pdf,pdf
riverside,Unity of Arms,,https://www.unityofarms.com,951-322-6815,Unityofarms@gmail.com,Banning,CA,https://permitium-downloads.s3.amazonaws.com/Riverside/RSO_VendorList.pdf,pdf
riverside,Veteran's Training Group,,https://www.vtgfirearmstraining.com,626-901-0578,info@vettraininggroup.com,Pomona,CA,https://permitium-downloads.s3.amazonaws.com/Riverside/RSO_VendorList.pdf,pdf
riverside,Alpha Tango Operations Group,,https://www.atopsgrp.com,909-248-4590,client-services@atopsgrp.com,,,https://permitium-downloads.s3.amazonaws.com/Riverside/RSO_VendorList.pdf,pdf
riverside,ASP Security Training,,https://aspfirearmsocal.square.site,,,,,https://permitium-downloads.s3.amazonaws.com/Riverside/RSO_VendorList.pdf,pdf
riverside,B2B Training,,https://back-two-basics.com,,Back2basicssafety@gmail.com,,,https://permitium-downloads.s3.amazonaws.com/Riverside/RSO_VendorList.pdf,pdf
riverside,Defensive Firearms Solutions,,https://www.defensivefirearmsolutions.com,760-534-3698,Dfs.2a.training@gmail.com,Cathedral City,CA,https://permitium-downloads.s3.amazonaws.com/Riverside/RSO_VendorList.pdf,pdf
riverside,Draken Armory,,https://drakenarmorycolton.com,909-699-2407,drakenarmorycolton@outlook.com,Colton,CA,https://permitium-downloads.s3.amazonaws.com/Riverside/RSO_VendorList.pdf,pdf
riverside,Fight or Flight,,https://www.fight-or-flight.org,760-902-0744,sue.fightorflight@gmail.com,Morongo Valley,CA,https://permitium-downloads.s3.amazonaws.com/Riverside/RSO_VendorList.pdf,pdf
riverside,Focal Point Academy,,https://www.bsistraining.com,760-670-9272,courses@amortechinc.com,,,https://permitium-downloads.s3.amazonaws.com/Riverside/RSO_VendorList.pdf,pdf
riverside,"Guns of Distinction, LLC",,https://gunsofdistinction.com,760-340-4866,,Palm Desert,CA,https://permitium-downloads.s3.amazonaws.com/Riverside/RSO_VendorList.pdf,pdf
riverside,"Johnnie B. Wood, LLC. Security Training",,https://www.woodssecuritytraining.com,760-342-5127,woodsjbwjr@gmail.com,Indio,CA,https://permitium-downloads.s3.amazonaws.com/Riverside/RSO_VendorList.pdf,pdf
riverside,Nationwide CCW,,https://www.nationwideccw.com,818-660-6123,info@nationwideccw.com,,,https://permitium-downloads.s3.amazonaws.com/Riverside/RSO_VendorList.pdf,pdf
riverside,River Rat Tactical LLC,,,760-464-9516,riverratblythe@gmail.com,Blythe,CA,https://permitium-downloads.s3.amazonaws.com/Riverside/RSO_VendorList.pdf,pdf
riverside,Taking Flight Firearm Training,,https://www.taking-flight-firearms-training.org,602-300-1509,takingflightfirearms@gmail.com,Morongo Valley,CA,https://permitium-downloads.s3.amazonaws.com/Riverside/RSO_VendorList.pdf,pdf
riverside,The Training Center,,https://www.trainingrange.com,760-200-4867,,Palm Desert,CA,https://permitium-downloads.s3.amazonaws.com/Riverside/RSO_VendorList.pdf,pdf
riverside,Willis Home Defense,,https://willishomedefense.com,760-391-3978,laurawillis@verizon.net,La Quinta,CA,https://permitium-downloads.s3.amazonaws.com/Riverside/RSO_VendorList.pdf,pdf
san-benito,831 SHOOTER,David Wasson,,831-265-7505,831shooter@a3.net,Hollister,CA,https://drive.google.com/file/d/1my2Zs9orCFpXcmmQ5gICal0FpImdNWf9/view?usp=sharing,google_drive_pdf
san-benito,ALLIANCE SECURITY TRAINING INSTITUTE,Everett Fitzgerald,,831-883-3307,alliancesectraining@yahoo.com,,,https://drive.google.com/file/d/1my2Zs9orCFpXcmmQ5gICal0FpImdNWf9/view?usp=sharing,google_drive_pdf
san-benito,FIREARMS TRAINING INSTITUTE,Steve Tremper,https://www.xipro.net,831-402-1499,STIservices@comcast.net,Salinas,CA,https://drive.google.com/file/d/1my2Zs9orCFpXcmmQ5gICal0FpImdNWf9/view?usp=sharing,google_drive_pdf
san-benito,Tremper Tactical,David G. Matthews,,408-506-1884,,San Jose,CA,https://drive.google.com/file/d/1my2Zs9orCFpXcmmQ5gICal0FpImdNWf9/view?usp=sharing,google_drive_pdf
san-benito,AZEVEDO FIREARMS,Dan Azevedo,,530-518-9210,Azevedofirearms@sbcglobal.net,Briggs,CA,https://drive.google.com/file/d/1my2Zs9orCFpXcmmQ5gICal0FpImdNWf9/view?usp=sharing,google_drive_pdf
san-benito,J&K FIREARMS TRAINING,Kriss Costa,,831-801-5427,workinclassranch@yahoo.com,,,https://drive.google.com/file/d/1my2Zs9orCFpXcmmQ5gICal0FpImdNWf9/view?usp=sharing,google_drive_pdf
san-benito,BAY AREA TACTICAL GROUP (BAT TACTICAL),,https://www.battactical.com,415-568-6803,batinstructors@gmail.com,San Carlos,CA,https://drive.google.com/file/d/1my2Zs9orCFpXcmmQ5gICal0FpImdNWf9/view?usp=sharing,google_drive_pdf
san-benito,NORCAL MEDTAC,Brannon Schell; Bob Rodd,,831-970-0440,,,,https://drive.google.com/file/d/1my2Zs9orCFpXcmmQ5gICal0FpImdNWf9/view?usp=sharing,google_drive_pdf
san-benito,Concealed Coalition,,https://www.concealedcoalition.com,800-805-2238,training@concealedcoalition.com,,,https://drive.google.com/file/d/1my2Zs9orCFpXcmmQ5gICal0FpImdNWf9/view?usp=sharing,google_drive_pdf
san-benito,D.B. Firearms Training,Dennis Bushnell,,559-294-0976,dennis_bushnell@a3.net,,,https://drive.google.com/file/d/1my2Zs9orCFpXcmmQ5gICal0FpImdNWf9/view?usp=sharing,google_drive_pdf
san-benito,6th Nation Gun Club,Dana Hanson,,831-801-1996,dana@hansontc.com,,,https://drive.google.com/file/d/1my2Zs9orCFpXcmmQ5gICal0FpImdNWf9/view?usp=sharing,google_drive_pdf
san-benito,NORTHERN FIREARMS INSTRUCTION,Ted Lidie,,530-776-4855,ted@reddingccw.com,,,https://drive.google.com/file/d/1my2Zs9orCFpXcmmQ5gICal0FpImdNWf9/view?usp=sharing,google_drive_pdf
san-benito,DEL VALLE GUNSMITHING,Ray Parga; Joey Parga,,831-384-1911,ray@delvallegunsmithing.com,Marina,CA,https://drive.google.com/file/d/1my2Zs9orCFpXcmmQ5gICal0FpImdNWf9/view?usp=sharing,google_drive_pdf
san-benito,BAY AREA FIREARMS,Scott Jackson,,,bayareafirearms@gmail.com,Burlingame,CA,https://drive.google.com/file/d/1my2Zs9orCFpXcmmQ5gICal0FpImdNWf9/view?usp=sharing,google_drive_pdf
san-benito,CROSSED STAR FIREARMS,Morgan Dant,,530-790-5187,crossedstarfirearms@yahoo.com,,,https://drive.google.com/file/d/1my2Zs9orCFpXcmmQ5gICal0FpImdNWf9/view?usp=sharing,google_drive_pdf
san-benito,KYSMET SERVICES,Esteban Garcia; Ana Perez,,831-998-0478,Kysmetservices@gmail.com,Salinas,CA,https://drive.google.com/file/d/1my2Zs9orCFpXcmmQ5gICal0FpImdNWf9/view?usp=sharing,google_drive_pdf
san-benito,HARD FOCUS FIREARMS TRAINING,Matthew Haywood,https://www.hardfocustraining.com,209-564-0332,,,,https://drive.google.com/file/d/1my2Zs9orCFpXcmmQ5gICal0FpImdNWf9/view?usp=sharing,google_drive_pdf
san-benito,MAESTRI SHOOTING SPORTS,Mike Maestri,,831-970-1943,maestriss@yahoo.com,,,https://drive.google.com/file/d/1my2Zs9orCFpXcmmQ5gICal0FpImdNWf9/view?usp=sharing,google_drive_pdf
san-benito,SABER TACTICS,Ephriam Cheever; Nicholas Suslow,https://sabertactics.com,650-276-0009,,Foster City,CA,https://drive.google.com/file/d/1my2Zs9orCFpXcmmQ5gICal0FpImdNWf9/view?usp=sharing,google_drive_pdf
san-benito,AAO,Bryan Kinney,https://aao-co.com,707-400-3677,,,,https://drive.google.com/file/d/1my2Zs9orCFpXcmmQ5gICal0FpImdNWf9/view?usp=sharing,google_drive_pdf
san-benito,ASP SECURITY TACTICS,,https://aspfirearms.com,,,Petaluma,CA,https://drive.google.com/file/d/1my2Zs9orCFpXcmmQ5gICal0FpImdNWf9/view?usp=sharing,google_drive_pdf
san-benito,EXECUTECH INC.,Leslie Garcia,https://www.executechinc.com,408-966-0136,,Gilroy,CA,https://drive.google.com/file/d/1my2Zs9orCFpXcmmQ5gICal0FpImdNWf9/view?usp=sharing,google_drive_pdf
san-benito,California CCW Courses,,https://californiaccwcourses.com,,,,,https://drive.google.com/file/d/1my2Zs9orCFpXcmmQ5gICal0FpImdNWf9/view?usp=sharing,google_drive_pdf
san-benito,GROVER GROUP,,https://ggccw.biz,510-516-1431,anoop@grovergroup.biz,San Jose,CA,https://drive.google.com/file/d/1my2Zs9orCFpXcmmQ5gICal0FpImdNWf9/view?usp=sharing,google_drive_pdf
san-benito,SAFE FIREARMS EDUCATION LLC,Bertrand B. Blanc,https://www.safefirearmseducation.com,408-384-8598,bertrand.blanc@SafeFirearmsEducation.com,San Jose,CA,https://drive.google.com/file/d/1my2Zs9orCFpXcmmQ5gICal0FpImdNWf9/view?usp=sharing,google_drive_pdf
san-benito,McGrew & Associates Inc.,Jonathan Chavoor,,408-647-4567,john@mcgrewpi.com,Santa Clara,CA,https://drive.google.com/file/d/1my2Zs9orCFpXcmmQ5gICal0FpImdNWf9/view?usp=sharing,google_drive_pdf
san-benito,PISTOL SQUAD LLC,Thomas (Tom) Damsen,,831-750-8087,pistolsquadllc@gmail.com,Capitola,CA,https://drive.google.com/file/d/1my2Zs9orCFpXcmmQ5gICal0FpImdNWf9/view?usp=sharing,google_drive_pdf
san-benito,Kuma Tactical Group,Ruben Valles,,707-583-9027,kumatacticalgroup@gmail.com,San Francisco,CA,https://drive.google.com/file/d/1my2Zs9orCFpXcmmQ5gICal0FpImdNWf9/view?usp=sharing,google_drive_pdf
san-benito,U.S. Lawshield,Todd Cotta,https://educate.uslawshield.com,877-448-6839,,,,https://drive.google.com/file/d/1my2Zs9orCFpXcmmQ5gICal0FpImdNWf9/view?usp=sharing,google_drive_pdf
san-benito,ECLIPSE FIREARMS TRAINING LLC,,,209-710-8554,Eclipsefnt@gmail.com,Los Banos,CA,https://drive.google.com/file/d/1my2Zs9orCFpXcmmQ5gICal0FpImdNWf9/view?usp=sharing,google_drive_pdf
san-joaquin,Bay Area Tactical (BAT),Tracy,https://www.battactical.com,(415) 568-6803,batnett.orders@gmail.com,Elite Armory,CA,https://sjsheriff.org/wp-content/uploads/2025/04/CCW-Vendor-List-2026.pdf,pdf
san-joaquin,C & World LLC,Charles Boyd,https://www.cxsworld.net,(209) 505-6815,info@cxsworld.net,"Kxi Defense, Stockton CA Elite Armory, Tracy CA Linden Gun Range, Linden CA",CA,https://sjsheriff.org/wp-content/uploads/2025/04/CCW-Vendor-List-2026.pdf,pdf
san-joaquin,Concealed Coalition,Terry Schutt & Donald Wheaton,https://www.concealedcoalition.com,(800) 805-2238,schuettingen@concealedcoalition.com,"Linden Gun Range, Linden CA",CA,https://sjsheriff.org/wp-content/uploads/2025/04/CCW-Vendor-List-2026.pdf,pdf
san-joaquin,Defensive Accuracy Firearms Training,Larry Zeinke & Larry Deacon,https://www.daccw.com,(209) 931-6523 (209) 603-5771,benhike@daccw.com,"Linden Gun Range, Linden CA",CA,https://sjsheriff.org/wp-content/uploads/2025/04/CCW-Vendor-List-2026.pdf,pdf
san-joaquin,Defensive Weapons School,Dan Souza,https://www.defensiveweaponsschool.org,(925) 548-0430,Defensive_Weapons_School@yahoo.com,"Linden Gun Range, Linden CA",CA,https://sjsheriff.org/wp-content/uploads/2025/04/CCW-Vendor-List-2026.pdf,pdf
san-joaquin,Elite Armory Plus,Gene Castillo & Ronnie Hulst,https://www.elitearmory.com,(209) 382-2010,tracyinfo@elitearmory.com,"Elite Armory, Tracy CA",CA,https://sjsheriff.org/wp-content/uploads/2025/04/CCW-Vendor-List-2026.pdf,pdf
san-joaquin,Expert Firearms Training LLC,Roy Bryson,https://www.goxswat.com,(925) 550-2780,Roy@expertfirearmstraining.com,"Elite Armory, Tracy CA",CA,https://sjsheriff.org/wp-content/uploads/2025/04/CCW-Vendor-List-2026.pdf,pdf
san-joaquin,First Priority Security Consultant,Keith Brown,https://www.fps-inc.com,(510) 736-4333,keithbrown@fps-inc.com,"Brentwood Arms, Ripon CA",CA,https://sjsheriff.org/wp-content/uploads/2025/04/CCW-Vendor-List-2026.pdf,pdf
san-joaquin,First Response Firearms & Tactical Trg,Duncan Ramirez Carlos Tixco,https://www.firstresponsefirearms.com,(209) 825-8016,rangeproof@concentra.net,"Linden Gun Range, Linden CA",CA,https://sjsheriff.org/wp-content/uploads/2025/04/CCW-Vendor-List-2026.pdf,pdf
san-joaquin,Gover Group,Ancop Grover,https://gscov.biz,(510) 676-5076,ghopaggovergroup.biz,Elite Armory,CA,https://sjsheriff.org/wp-content/uploads/2025/04/CCW-Vendor-List-2026.pdf,pdf
san-joaquin,Hammerhead Institute of Training,Manor Strouchenter,https://www.hammerheadprotection.com,(209) 227-6566,traininghammerheadprotection.com,Linden Gun Range,CA,https://sjsheriff.org/wp-content/uploads/2025/04/CCW-Vendor-List-2026.pdf,pdf
san-joaquin,KW Defense,Chuck Fields,https://www.kwdefense.com,(209) 481-4111 (770) 919-4567,CHUCKS@KWDEFENSE.com,The Range at Ivy Defense,CA,https://sjsheriff.org/wp-content/uploads/2025/04/CCW-Vendor-List-2026.pdf,pdf
san-joaquin,Legionarius Firearms Institute,Wesley Legiontrustno,https://www.lifiguns.com,(209) 401-9907,wesley@lifiguns.com,Tri Range at the Ranch,CA,https://sjsheriff.org/wp-content/uploads/2025/04/CCW-Vendor-List-2026.pdf,pdf
san-joaquin,Linden Gun Range,Glenn Jaspesoy,https://www.lindengunrange.com,(209) 887-3181,geardonealindengunrange.com,Linden Gun Range,CA,https://sjsheriff.org/wp-content/uploads/2025/04/CCW-Vendor-List-2026.pdf,pdf
san-joaquin,Mid-Cal Security,James Wong & Tim Lee,,(209) 403-0186,jbooth56@yahoo.com,Manteca Sportsman,CA,https://sjsheriff.org/wp-content/uploads/2025/04/CCW-Vendor-List-2026.pdf,pdf
san-joaquin,NIF - Northern Firearms Instruction,John Lewis,https://www.ccwinti0cxw.com,(253) 906-3715,jlewis@stdgupro.com,Linden Gun Range,CA,https://sjsheriff.org/wp-content/uploads/2025/04/CCW-Vendor-List-2026.pdf,pdf
san-joaquin,Red Dot Self Defense,Cherle Simase-Grover,https://www.facebook.com/reddotselfdefense,(209) 787-0121,reddotselfdefense@gmail.com,KW Defense,CA,https://sjsheriff.org/wp-content/uploads/2025/04/CCW-Vendor-List-2026.pdf,pdf
san-joaquin,Ripon Technical Solutions,Joe Francesolo,https://www.ripontech.com,(209) 597-8656,info@ripontech.com,Escalon Sportsman Club,CA,https://sjsheriff.org/wp-content/uploads/2025/04/CCW-Vendor-List-2026.pdf,pdf
san-joaquin,Rosargarten Security Training,Marcello Rosargarten; Richard Centhu,https://www.rosargentfirearm.com,(209) 610-1425,rosargarten@firearm.com,Barnwood Arms,CA,https://sjsheriff.org/wp-content/uploads/2025/04/CCW-Vendor-List-2026.pdf,pdf
san-joaquin,Sober Tactics,Nick Sushow; Ephram Chester,https://www.sobertactics.com,(650) 276-0009,training@sobertactics.com,Elite Armory,CA,https://sjsheriff.org/wp-content/uploads/2025/04/CCW-Vendor-List-2026.pdf,pdf
san-joaquin,Silvercreek Security Academy,Conrad Levoit,https://www.scstacgov.com,(209) 456-0607,Conrad@scstacgov.com,Elite Armory,CA,https://sjsheriff.org/wp-content/uploads/2025/04/CCW-Vendor-List-2026.pdf,pdf
san-joaquin,Spartan Defense,Fidel Taylor,https://www.forinthesparton.com,(209) 900-5200,FidelForintheSparton.com,Linden Gun Range,CA,https://sjsheriff.org/wp-content/uploads/2025/04/CCW-Vendor-List-2026.pdf,pdf
san-joaquin,Straightline Defense LLC,Marshall Jones,https://no website,(209) 252-5396,straightlinedefense209@gmail.com,Manteca Sportsmans Club,CA,https://sjsheriff.org/wp-content/uploads/2025/04/CCW-Vendor-List-2026.pdf,pdf
san-joaquin,Valley Defensive Solutions,Marvin Domingo; Morory Cross,https://www.valleydefensivesolutions.com,(209) 518-5054,training@valleydefensivesolutions.com,Linden Gun Range,CA,https://sjsheriff.org/wp-content/uploads/2025/04/CCW-Vendor-List-2026.pdf,pdf
san-joaquin,Weapons Training School,Stephanie Miller,https://www.weaponsconstruiningschool.com,(209) 532-6677,weaponsconstrungschool@gmail.com,Linden Gun Range,CA,https://sjsheriff.org/wp-content/uploads/2025/04/CCW-Vendor-List-2026.pdf,pdf
san-joaquin,Called 2 Arms Gun Range,Jerry Stenner,https://www.called2armsgunrange.com,(209) 575-4867,Snte2@aol.com,,,https://sjsheriff.org/wp-content/uploads/2025/04/CCW-Vendor-List-2026.pdf,pdf
san-joaquin,Elite Armory,Gabe Castillos; Robert Jodme,https://www.elitearmory.com,(209) 582-2010,troyruinfo@elitearmory.com,,,https://sjsheriff.org/wp-content/uploads/2025/04/CCW-Vendor-List-2026.pdf,pdf
san-joaquin,California Online CCW,Jacob Frazier; Jacob Biemjörn,https://www.californiaonlineccw.com/nonresident,(559) 294-3400,californiaonlineccw@gmail.com,,,https://sjsheriff.org/wp-content/uploads/2025/04/CCW-Vendor-List-2026.pdf,pdf
san-luis-obispo,Advantage Personal Defense & Tactics,Ian McKnight,https://selfdefensedynamics.com,,selfdefensedynamics@gmail.com,,,https://www.slosheriff.org/wp-content/uploads/2025/08/Approved-CCW-Qualification-Vendors.pdf,pdf
san-luis-obispo,Gryphon Gun Works,Jacob Zalusky,https://atascaderogunshop.com,(805) 461-5777,uncle.eds.outfitters@gmail.com,Atascadero,CA,https://www.slosheriff.org/wp-content/uploads/2025/08/Approved-CCW-Qualification-Vendors.pdf,pdf
san-luis-obispo,Peacekeeper Specialized Training Institute,,https://peacekeepersecurity.com,(820) 823-0386,ehsueh@peacekeepersecurity.com,Solvang,CA,https://www.slosheriff.org/wp-content/uploads/2025/08/Approved-CCW-Qualification-Vendors.pdf,pdf
san-luis-obispo,Range Master,,,(805) 545-0322,john@rangemastertacticalgear.com,San Luis Obispo,CA,https://www.slosheriff.org/wp-content/uploads/2025/08/Approved-CCW-Qualification-Vendors.pdf,pdf
san-luis-obispo,The Gun School,Dan Wells,https://thegunschool.com,(805) 922-5454,dan@thegunschool.com,,,https://www.slosheriff.org/wp-content/uploads/2025/08/Approved-CCW-Qualification-Vendors.pdf,pdf
san-diego,"2ND A FIREARMS TRAINING, LLC",William McLaren; Paul Gooding; Alisha Curtin; Maurice Cleary; Malcolm McLaren; Tamara Stapleton; Gary Sanchez; Austin Johson,https://www.2aftng.com,858-737-8662,training@2aftng.com,San Diego,CA,https://www.sdsheriff.gov/home/showpublisheddocument/10012/639107112907930000,pdf
san-diego,A1 TEMPLAR ARMORY,Jere Wheale,,619-468-5150,coms@templararmory.com,San Diego,CA,https://www.sdsheriff.gov/home/showpublisheddocument/10012/639107112907930000,pdf
san-diego,ABC LIVESCAN AND TRAINING,Alex Cruz,,619-934-7300,abclivescanandtraining@yahoo.com,San Diego,CA,https://www.sdsheriff.gov/home/showpublisheddocument/10012/639107112907930000,pdf
san-diego,308 TACTICAL FIREARMS TRAINING,Will Miller,,805-585-5220,info@308tac.com,San Diego,CA,https://www.sdsheriff.gov/home/showpublisheddocument/10012/639107112907930000,pdf
san-diego,CCW USA FIREARMS TRAINING,William Desy; Joseph Drammissi; Brandi Joseph; Tony Perez,https://www.ccwusa.com,619-871-9834,info@ccwusa.com,Escondido,CA,https://www.sdsheriff.gov/home/showpublisheddocument/10012/639107112907930000,pdf
san-diego,FORTUNE FIREARMS,,https://www.fortunefirearms.com,951-390-6348,help@fortunefirearms.com,Temecula,CA,https://www.sdsheriff.gov/home/showpublisheddocument/10012/639107112907930000,pdf
san-diego,DISCOUNT GUN MART,Kyle Dau; Alisha Curtin,https://www.discountgunmart.com/info/concealed-carry-courses,619-324-7520,training@discountgunmart.com,,,https://www.sdsheriff.gov/home/showpublisheddocument/10012/639107112907930000,pdf
san-diego,PRACTICAL DEFENSE SYSTEMS,Patrick Lovette; Mark Hamersly; Paul Dugas; Joel Persinger,https://www.pdsclasses.com,619-663-6811,info@pdsclasses.com,,,https://www.sdsheriff.gov/home/showpublisheddocument/10012/639107112907930000,pdf
san-diego,THE GUNSMITH GUY,Joshua Glassman; Arthur Reiersen,https://thegunsmithguy.com,619-733-1582,arthur@thegunsmithguy.com,San Diego,CA,https://www.sdsheriff.gov/home/showpublisheddocument/10012/639107112907930000,pdf
san-diego,DAVID PREMETZ PRACTICAL IS TACTICAL,David Premetz,,,,,,https://www.sdsheriff.gov/home/showpublisheddocument/10012/639107112907930000,pdf
san-diego,A GUNGIRL DEFENSE,Melissa Morris,,719-310-2719,gungirldefense@gmail.com,Escondido,CA,https://www.sdsheriff.gov/home/showpublisheddocument/10012/639107112907930000,pdf
san-diego,PERSONAL PROTECTION ACADEMY,Mike Pettengill; Erin Pettengill,https://www.the-ppa.com/ccw,951-574-9009,info@the-ppa.com,Murrieta,CA,https://www.sdsheriff.gov/home/showpublisheddocument/10012/639107112907930000,pdf
san-diego,POWAY WEAPONS AND GEAR,John Phillips; Thomas Fitzgerald; John Woo; Frank Hoyos,,858-206-5057,training@pwgrange.com,Poway,CA,https://www.sdsheriff.gov/home/showpublisheddocument/10012/639107112907930000,pdf
san-diego,RICHARD HALL CONSULTING,Richard Hall,,818-419-2992,alpha1wardog12@gmail.com,Oceanside,CA,https://www.sdsheriff.gov/home/showpublisheddocument/10012/639107112907930000,pdf
san-diego,VIP CCW SERVICES,Joshua Comen; Brian Jenson; Sean Ward; Juan Victorino; Stephen Laskowski,https://www.vipccwservices.com,310-500-9200,vip@vipccwservices.com,Oceanside,CA,https://www.sdsheriff.gov/home/showpublisheddocument/10012/639107112907930000,pdf
san-diego,MCLAREN DEFENSE,William McLaren; Paul Gooding; Alisha Curtin; Maurice Cleary; Malcolm McLaren; Tamara Stapleton; Gary Sanchez; Austin Johnson,https://www.mclarendefense.com,858-337-7876,training@mclarendefense.com,Orange,CA,https://www.sdsheriff.gov/home/showpublisheddocument/10012/639107112907930000,pdf
san-diego,FORZA DEFENSE TRAINING,Gina Vertucci; Laurie LaRock,https://www.forzadefense.com,714-406-2828,support@forzadefense.com,,,https://www.sdsheriff.gov/home/showpublisheddocument/10012/639107112907930000,pdf
san-diego,ARC ANGEL DEFENSE,Harrison Scruggs,,619-856-4324,aadefensesd@gmail.com,National City,CA,https://www.sdsheriff.gov/home/showpublisheddocument/10012/639107112907930000,pdf
san-diego,THE CCW SCHOOL,Katie Lukach; Michael Lukach; Andrew Chavez,https://theccwschool.com,562-645-3494,info@theccwschool.com,Stanton,CA,https://www.sdsheriff.gov/home/showpublisheddocument/10012/639107112907930000,pdf
san-diego,TRIGGER PREP,Raymond Walton,https://www.trigger-prep.com,619-571-1783,rwalton40@gmail.com,Bonita,CA,https://www.sdsheriff.gov/home/showpublisheddocument/10012/639107112907930000,pdf
san-diego,CRUSADER FIREARMS TRAINING,Andrew Huss,,805-603-2663,crusaderfirearmstraining@gmail.com,Fallbrook,CA,https://www.sdsheriff.gov/home/showpublisheddocument/10012/639107112907930000,pdf
san-diego,DEFENSIVE TACTICS & FIREARMS,Shane Regan,,760-451-6694,shane@defensivetacticsandfirearms.com,San Diego,CA,https://www.sdsheriff.gov/home/showpublisheddocument/10012/639107112907930000,pdf
san-diego,ARMED DEFENSE SOLUTIONS,Dakota Adelphia,,619-629-3344,agag.sdca@gmail.com,Spring Valley,CA,https://www.sdsheriff.gov/home/showpublisheddocument/10012/639107112907930000,pdf
san-diego,ATLAS DEFENSE GROUP,Antonio Salguero,,858-585-3015,training@atlasdefensegroup.com,San Diego,CA,https://www.sdsheriff.gov/home/showpublisheddocument/10012/639107112907930000,pdf
san-diego,MCBRIDE'S FIREARMS SAFETY & PROFICIENCY TRAINGING,John McBride,,619-823-7678,jmbride.odn@gmail.com,Oceanside,CA,https://www.sdsheriff.gov/home/showpublisheddocument/10012/639107112907930000,pdf
san-diego,FAMILY AND FREEDOM DEFENSE,Justin Martin,https://www.familyandfreedomdefense.com,619-363-5255,info@familyandfreedomdefense.com,,,https://www.sdsheriff.gov/home/showpublisheddocument/10012/639107112907930000,pdf
san-diego,ARB SECURITY & PUBLIC SAFETY TRAINING,Mike Cordisco,,916-207-7350,mike@ccwshooters.com,Yuba City,CA,https://www.sdsheriff.gov/home/showpublisheddocument/10012/639107112907930000,pdf
san-diego,CCW SHOOTERS,William Murphy; Cristen Durham; Brandon Durham; Blake Uradomo; David Baroway,https://www.ftatv.com,714-701-9918,info@ftatv.com,Corona,CA,https://www.sdsheriff.gov/home/showpublisheddocument/10012/639107112907930000,pdf
san-diego,FIREARMS TRAINING ASSOCIATES,Anthony Barrera,,619-627-1556,Anthony@arbsecuritytraining.com,El Cajon,CA,https://www.sdsheriff.gov/home/showpublisheddocument/10012/639107112907930000,pdf
san-diego,"JRC CONSULTING, INC.",Jorge Rodriguez; George Orta,https://www.jrcconsulting.net,760-473-6348,george@jrcconsulting.net,Chula Vista,CA,https://www.sdsheriff.gov/home/showpublisheddocument/10012/639107112907930000,pdf
san-diego,PERSONAL PROTECTION FIRE-ARMS TRAINING,"James H. Murphy, Jr",https://www.ppft.info,619-988-5279,james@jhminvestigations.com,San Diego,CA,https://www.sdsheriff.gov/home/showpublisheddocument/10012/639107112907930000,pdf
san-diego,SAFETY ONE SERVICES,Lour Bun,,619-599-3117,info@safetyoneservices.com,San Diego,CA,https://www.sdsheriff.gov/home/showpublisheddocument/10012/639107112907930000,pdf
san-diego,HANSEN FIREARMS TRAINING,Benjamin Hansen; Keri Derwin,https://www.californiagunpermit.com,949-573-4099,info@californiagunpermit.com,San Diego,CA,https://www.sdsheriff.gov/home/showpublisheddocument/10012/639107112907930000,pdf
san-diego,JCH SERVICES,John Groff,,619-933-4368,john1463sdf@gmail.com,Spring Valley,CA,https://www.sdsheriff.gov/home/showpublisheddocument/10012/639107112907930000,pdf
san-diego,SECURITY OFFICER TRNG CENTER,Michael Tew,,619-303-3104,info@sotonow.com,Spring Valley,CA,https://www.sdsheriff.gov/home/showpublisheddocument/10012/639107112907930000,pdf
san-diego,WEST COAST KINETIC SOLUTIONS,,,,,,,https://www.sdsheriff.gov/home/showpublisheddocument/10012/639107112907930000,pdf
san-diego,NANPOR SECURITY ACADEMY,,,,,,,https://www.sdsheriff.gov/home/showpublisheddocument/10012/639107112907930000,pdf
san-diego,M&M FIREARMS TRAINING,,,,,,,https://www.sdsheriff.gov/home/showpublisheddocument/10012/639107112907930000,pdf
san-diego,SHORESHOT SHOOTING SIMULATOR,Matthew Hauff; Brian Mackey,,760-439-6400,matt.hauff@gmail.com,Oceanside,CA,https://www.sdsheriff.gov/home/showpublisheddocument/10012/639107112907930000,pdf
san-diego,"SAN CLEMENTE FIREARMS TRAINING, LLC",Daniel Vigil,,949-690-7109,dan@sanclementefirearmstraining.com,,,https://www.sdsheriff.gov/home/showpublisheddocument/10012/639107112907930000,pdf
san-diego,PREMPTIVE TACTICAL DEFENSE,Reynaldo Halili,,619-861-2205,preemptivetacticaldefense@gmail.com,Chula Vista,CA,https://www.sdsheriff.gov/home/showpublisheddocument/10012/639107112907930000,pdf
san-diego,FORCE DEFENSIVE FIREARMS TRNG,Michael Lubanko; Peter Waddington,https://www.forcedefensivefirearmstraining.com,951-691-0625,mike@forcedefensivefirearmstraining.com,Murrieta,CA,https://www.sdsheriff.gov/home/showpublisheddocument/10012/639107112907930000,pdf
san-diego,SHOOTSAFE ACADEMY,Jason Granados; Christine Keil,,714-625-1507,training@shootsafeacademy.com,Stanton,CA,https://www.sdsheriff.gov/home/showpublisheddocument/10012/639107112907930000,pdf
san-diego,RESPONSIBLE SAFE FIREARM OWNERSHIP,James Austin,,909-261-8617,RSFOservices@gmail.com,,,https://www.sdsheriff.gov/home/showpublisheddocument/10012/639107112907930000,pdf
san-diego,"PARALLAX TACTICAL, LLC",Joseph Chen,,619-630-4869,ccw@parallaxtactical.com,Wildomar,CA,https://www.sdsheriff.gov/home/showpublisheddocument/10012/639107112907930000,pdf
san-diego,PARAGRAPH 2,Jim Belanger,https://www.paragraph2.net,619-365-9200,jim@paragraph2.net,Eastvale,CA,https://www.sdsheriff.gov/home/showpublisheddocument/10012/639107112907930000,pdf
san-diego,TAP IN CONSULTING,Randy Tapley,,951-973-3440,tapinconsultingllc@gmail.com,Temecula,CA,https://www.sdsheriff.gov/home/showpublisheddocument/10012/639107112907930000,pdf
san-diego,"TAP, RACK, BANG",Ernie Medina; Brendon Arbilon; Stephen Phan,https://www.trbtraining.com,949-566-7263,info@trbtraining.com,Orange,CA,https://www.sdsheriff.gov/home/showpublisheddocument/10012/639107112907930000,pdf
san-diego,FORT HARMS,Jason Harms,,214-674-3695,instructorjason@yahoo.com,Fallbrook,CA,https://www.sdsheriff.gov/home/showpublisheddocument/10012/639107112907930000,pdf
san-diego,SAN DIEGO CONCEALED CARRY,,,619-828-3042,sandiegocon-cealedcarry@gmail.com,Lemon Grove,CA,https://www.sdsheriff.gov/home/showpublisheddocument/10012/639107112907930000,pdf
san-diego,VC FIREARMS TRAINING,"Eric ""Woody"" Morrison",https://www.vcfirearmstraining.com,760-712-6159,vcfirearmstraining@gmail.com,,,https://www.sdsheriff.gov/home/showpublisheddocument/10012/639107112907930000,pdf
san-diego,"SENTRI INSTITUTE, INC.",Paul Peng,,949-591-9747,paul@sentriinstitute.com,,,https://www.sdsheriff.gov/home/showpublisheddocument/10012/639107112907930000,pdf
san-diego,SPLITZ SECOND SHOOTING FT&S,James R. Sanders,https://www.splitzsecondshooting.com,760-576-5128,splitzss2015@gmail.com,,,https://www.sdsheriff.gov/home/showpublisheddocument/10012/639107112907930000,pdf
san-diego,PHOENIX TACTICAL SOLUTIONS,Maani Golesorkhi,https://www.phoenixtacticalsolutions.com,747-333-8221,maani@phoenixtacticalsolutions.com,,,https://www.sdsheriff.gov/home/showpublisheddocument/10012/639107112907930000,pdf
san-diego,NATIONAL POLICE SUPPLY,Sean DePriest,,760-599-4410,sean@nationalpolicesupply.com,Vista,CA,https://www.sdsheriff.gov/home/showpublisheddocument/10012/639107112907930000,pdf
san-diego,YOSI BOUBIL,Yosef Boublil,,760-214-3582,rsbiker99@aol.com,Pala,CA,https://www.sdsheriff.gov/home/showpublisheddocument/10012/639107112907930000,pdf
san-diego,PROTECTOR CCW & FIREARMS TRNG,Douglas Goff,https://www.protectorccw.com,951-290-0431,protectorccw@gmail.com,,,https://www.sdsheriff.gov/home/showpublisheddocument/10012/639107112907930000,pdf
san-diego,FOCAL POINT ACADEMY,Sam Yador,,760-670-9272,courses@armortechinc.com,San Marcos,CA,https://www.sdsheriff.gov/home/showpublisheddocument/10012/639107112907930000,pdf
san-diego,NORTH COUNTY SHOOTING CENTER,Joshua Comen; Brian Jenson; Sean Ward; Patrick Russ; John Russo,,760-798-7300,patrickruss71@gmail.com,Vista,CA,https://www.sdsheriff.gov/home/showpublisheddocument/10012/639107112907930000,pdf
san-diego,ABSOLUTE TACTICAL TRAINING,Keiko Arroyo,,619-279-6013,Keiko@absolutetactical.training,San Diego,CA,https://www.sdsheriff.gov/home/showpublisheddocument/10012/639107112907930000,pdf
san-diego,DONUT SHOP TACTICAL TRNG,Emanuel (Manny) Mendoza,,858-717-7800,thedonutshop63@gmail.com,Perris,CA,https://www.sdsheriff.gov/home/showpublisheddocument/10012/639107112907930000,pdf
san-diego,ALPHA CULTURE,Quincey Howell; Steve Chaco; Neil Kiker,,951-564-1059,training@alphaculturefa.com,,,https://www.sdsheriff.gov/home/showpublisheddocument/10012/639107112907930000,pdf
san-diego,COACH K'S TRAINING,Keali'I Ka'apana,,714-724-8705,kealii@coachkstraining.com,,,https://www.sdsheriff.gov/home/showpublisheddocument/10012/639107112907930000,pdf
san-diego,JDS SECURITY TRAINING,Danny Garcia,,619-781-8694,training@jdssecurity.com,,,https://www.sdsheriff.gov/home/showpublisheddocument/10012/639107112907930000,pdf
san-diego,JVR TACTICAL SOLUTIONS,Joshua Vazquez,,386-214-2282,elborif14a@gmail.com,,,https://www.sdsheriff.gov/home/showpublisheddocument/10012/639107112907930000,pdf
san-diego,PARATUS DEFENSE GROUP,Brett Christensen,https://paratusdefensegroup.com,858-752-1524,brett@paratusdefensegroup.com,,,https://www.sdsheriff.gov/home/showpublisheddocument/10012/639107112907930000,pdf
santa-clara,Firearms Training Institute,,https://ftipro.net,(408) 506-1884,,San Jose,CA,https://files.santaclaracounty.gov/exjcpb1376/2025-09/vendor-list-pdf-9.18.25.pdf?VersionId=N8KdWrEpm6JMZ3VRqXL9._xwMhhJLBBA,pdf
santa-clara,First Priority Security Consulting LLC,,https://www.1psc-llc.com,(510) 736-4333,,Tracy,CA,https://files.santaclaracounty.gov/exjcpb1376/2025-09/vendor-list-pdf-9.18.25.pdf?VersionId=N8KdWrEpm6JMZ3VRqXL9._xwMhhJLBBA,pdf
santa-clara,Friedman Handgun Training,,https://www.friedmanfirearmstraining.com,(925) 818-6642,,Pleasant Hill,CA,https://files.santaclaracounty.gov/exjcpb1376/2025-09/vendor-list-pdf-9.18.25.pdf?VersionId=N8KdWrEpm6JMZ3VRqXL9._xwMhhJLBBA,pdf
santa-clara,NorCal Med Tac,,https://www.norcalmedtac.com,(831) 970-0440,,Aptos,CA,https://files.santaclaracounty.gov/exjcpb1376/2025-09/vendor-list-pdf-9.18.25.pdf?VersionId=N8KdWrEpm6JMZ3VRqXL9._xwMhhJLBBA,pdf
santa-clara,Safe Firearms Education,,https://www.safefirearmseducation.com,(408) 348-7966,,San Jose,CA,https://files.santaclaracounty.gov/exjcpb1376/2025-09/vendor-list-pdf-9.18.25.pdf?VersionId=N8KdWrEpm6JMZ3VRqXL9._xwMhhJLBBA,pdf
santa-clara,Defensive Accuracy,,https://www.daccw.com,(408) 687-3791,,Concord,CA,https://files.santaclaracounty.gov/exjcpb1376/2025-09/vendor-list-pdf-9.18.25.pdf?VersionId=N8KdWrEpm6JMZ3VRqXL9._xwMhhJLBBA,pdf
santa-clara,Saber Tactics,,https://sabertactics.com,(650) 276-0009,,Los Gatos,CA,https://files.santaclaracounty.gov/exjcpb1376/2025-09/vendor-list-pdf-9.18.25.pdf?VersionId=N8KdWrEpm6JMZ3VRqXL9._xwMhhJLBBA,pdf
santa-clara,ASP Security Training,,https://www.aspfirearm.com,800-279-1780,,San Jose,CA,https://files.santaclaracounty.gov/exjcpb1376/2025-09/vendor-list-pdf-9.18.25.pdf?VersionId=N8KdWrEpm6JMZ3VRqXL9._xwMhhJLBBA,pdf
santa-clara,Valley Defensive Solutions,,https://www.valleydefensivesolutions.com,(209) 747-5149,,Linden,CA,https://files.santaclaracounty.gov/exjcpb1376/2025-09/vendor-list-pdf-9.18.25.pdf?VersionId=N8KdWrEpm6JMZ3VRqXL9._xwMhhJLBBA,pdf
santa-clara,Spartan Defense,,https://www.trainwithspartan.com,(209) 202-8283,,San Jose,CA,https://files.santaclaracounty.gov/exjcpb1376/2025-09/vendor-list-pdf-9.18.25.pdf?VersionId=N8KdWrEpm6JMZ3VRqXL9._xwMhhJLBBA,pdf
santa-clara,Northern Firearms Instruction,,https://countyccw.com,(530) 999-1822,,Linden,CA,https://files.santaclaracounty.gov/exjcpb1376/2025-09/vendor-list-pdf-9.18.25.pdf?VersionId=N8KdWrEpm6JMZ3VRqXL9._xwMhhJLBBA,pdf
santa-clara,Bay Area Tactical Group,,https://battactical.com,(415) 568-6803,,San Leandro,CA,https://files.santaclaracounty.gov/exjcpb1376/2025-09/vendor-list-pdf-9.18.25.pdf?VersionId=N8KdWrEpm6JMZ3VRqXL9._xwMhhJLBBA,pdf
santa-clara,Coco Firearms Training,,https://cocofirearmtraining.com,(925) 384-1920,,Concord,CA,https://files.santaclaracounty.gov/exjcpb1376/2025-09/vendor-list-pdf-9.18.25.pdf?VersionId=N8KdWrEpm6JMZ3VRqXL9._xwMhhJLBBA,pdf
santa-clara,Loyal Arms,,https://loyalarms.com,(916) 680-9888,,Sacramento,CA,https://files.santaclaracounty.gov/exjcpb1376/2025-09/vendor-list-pdf-9.18.25.pdf?VersionId=N8KdWrEpm6JMZ3VRqXL9._xwMhhJLBBA,pdf
santa-clara,Silicon Valley Tactical,,https://www.siliconvalleytactical.com,(408) 313-1254,,San Jose,CA,https://files.santaclaracounty.gov/exjcpb1376/2025-09/vendor-list-pdf-9.18.25.pdf?VersionId=N8KdWrEpm6JMZ3VRqXL9._xwMhhJLBBA,pdf
santa-clara,"Bill Tidwell, Firearms Instructor",Bill Tidwell,https://www.train2besafe.com,(510) 552-4742,,Santa Clara,CA,https://files.santaclaracounty.gov/exjcpb1376/2025-09/vendor-list-pdf-9.18.25.pdf?VersionId=N8KdWrEpm6JMZ3VRqXL9._xwMhhJLBBA,pdf
santa-clara,Grover Group,,https://grovergroup.biz/classes,(510) 516-1431,,San Jose,CA,https://files.santaclaracounty.gov/exjcpb1376/2025-09/vendor-list-pdf-9.18.25.pdf?VersionId=N8KdWrEpm6JMZ3VRqXL9._xwMhhJLBBA,pdf
santa-clara,BayProfs,,https://www.bayprofs.org,(650) 395-7189,,Sunnyvale,CA,https://files.santaclaracounty.gov/exjcpb1376/2025-09/vendor-list-pdf-9.18.25.pdf?VersionId=N8KdWrEpm6JMZ3VRqXL9._xwMhhJLBBA,pdf
santa-clara,Showket Training,,https://www.showkettraining.com,(415) 497-1983,,Richmond,CA,https://files.santaclaracounty.gov/exjcpb1376/2025-09/vendor-list-pdf-9.18.25.pdf?VersionId=N8KdWrEpm6JMZ3VRqXL9._xwMhhJLBBA,pdf
santa-clara,"McGrew & Associates, Inc",,https://mcgrewpi.com,(408) 647-4567,,San Jose,CA,https://files.santaclaracounty.gov/exjcpb1376/2025-09/vendor-list-pdf-9.18.25.pdf?VersionId=N8KdWrEpm6JMZ3VRqXL9._xwMhhJLBBA,pdf
santa-cruz,NorCal MedTac,Brannon Schell,,(831) 970-0440,brannon@norcalmedtac.com,Aptos,CA,https://shf.santacruzcountyca.gov/Portals/1/County/sheriff/formsdocs/Approved_CCW_Instructor_list.pdf,pdf
santa-cruz,Firearms Training Institute,David G. Matthews,https://www.firearmstraininginstitute.com,(408) 506-1884,,Brown Valley,CA,https://shf.santacruzcountyca.gov/Portals/1/County/sheriff/formsdocs/Approved_CCW_Instructor_list.pdf,pdf
santa-cruz,Safe Firearms Education,Bertrand Blanc,,(408) 348-7966,bertrand@safefirearmseducation.com,San Jose,CA,https://shf.santacruzcountyca.gov/Portals/1/County/sheriff/formsdocs/Approved_CCW_Instructor_list.pdf,pdf
santa-cruz,Pistol Squad LLC,,,(831) 750-8087,tomdamsen@yahoo.com,,,https://shf.santacruzcountyca.gov/Portals/1/County/sheriff/formsdocs/Approved_CCW_Instructor_list.pdf,pdf
santa-cruz,Silicon Valley Tactical Firearm Instruction,Todd Fleming; Robert Chang,https://www.siliconvalleytactical.com,(408) 313-1254,SVT@comcast.net,Campbell,CA,https://shf.santacruzcountyca.gov/Portals/1/County/sheriff/formsdocs/Approved_CCW_Instructor_list.pdf,pdf
santa-cruz,Grover Group,Anoop Grover,https://www.ggccw.biz,(510) 516-1431,anoop@grovergroup.biz,Newark,CA,https://shf.santacruzcountyca.gov/Portals/1/County/sheriff/formsdocs/Approved_CCW_Instructor_list.pdf,pdf
santa-cruz,ASP Security / ASP Firearms Training,,https://www.aspfirearm.com,(800) 279-1780,,,,https://shf.santacruzcountyca.gov/Portals/1/County/sheriff/formsdocs/Approved_CCW_Instructor_list.pdf,pdf
santa-cruz,Executech Security Solutions Inc.,Lesile Garcia,https://www.executechinc.com,(408) 483-8051,,Gilroy,CA,https://shf.santacruzcountyca.gov/Portals/1/County/sheriff/formsdocs/Approved_CCW_Instructor_list.pdf,pdf
santa-cruz,BAT Tactical (Bay Area Tactical Group),Norman Ho,https://www.battactical.com,(415) 568-6803,,Foster City,CA,https://shf.santacruzcountyca.gov/Portals/1/County/sheriff/formsdocs/Approved_CCW_Instructor_list.pdf,pdf
santa-cruz,Bay Area Firearms Training Group,,https://www.bayareafirearms.com,(650) 315-3665,,Burlingame,CA,https://shf.santacruzcountyca.gov/Portals/1/County/sheriff/formsdocs/Approved_CCW_Instructor_list.pdf,pdf
santa-cruz,Apex Outdoors,Jeffrey Brouillette,,(408) 621-2383,jeffreytatebrouillette@gmail.com,Santa Cruz,,https://shf.santacruzcountyca.gov/Portals/1/County/sheriff/formsdocs/Approved_CCW_Instructor_list.pdf,pdf
santa-cruz,Saber Tactics,Ephraim Cheever; Nicholas Suslow,https://www.sabertactics.com,(650) 276-0009,,Foster City,CA,https://shf.santacruzcountyca.gov/Portals/1/County/sheriff/formsdocs/Approved_CCW_Instructor_list.pdf,pdf
santa-cruz,"McGrew & Associates, Inc.",Jonathan Chavoor,https://www.mcgrewpi.com,(408) 647-4567,,Santa Clara,CA,https://shf.santacruzcountyca.gov/Portals/1/County/sheriff/formsdocs/Approved_CCW_Instructor_list.pdf,pdf
santa-cruz,U.S. LawShield,Todd Cotta,https://educate.uslawshield.com,877-448-6839 & 559-585-2000,,Hanford,CA,https://shf.santacruzcountyca.gov/Portals/1/County/sheriff/formsdocs/Approved_CCW_Instructor_list.pdf,pdf
shasta,Firearms Academy of Redding,Joel Northrup,,530-945-8925,,,,https://www.shastacounty.gov/media/75061,pdf
shasta,Northern Firearm Instruction,Ted Lidie,,530-999-1822,,,,https://www.shastacounty.gov/media/75061,pdf
shasta,Echo Whiskey Tactical,Walt Bullington,,530-262-1672,,,,https://www.shastacounty.gov/media/75061,pdf
shasta,Bullseye Tactical Firearms,Christopher Ewens,,530-235-0721,,,,https://www.shastacounty.gov/media/75061,pdf
shasta,Firearms Training,John Panger,,530-722-7200,,,,https://www.shastacounty.gov/media/75061,pdf
shasta,Armed Safety Firearms Instr.,Kevin Johnson,,530-300-8000,,,,https://www.shastacounty.gov/media/75061,pdf
shasta,Nice Shot,Andrew Hackett,https://niceshot.net,,,,,https://www.shastacounty.gov/media/75061,pdf
shasta,State of Jefferson Firearms,Frank Caltabiano,,530-227-9224,,,,https://www.shastacounty.gov/media/75061,pdf
shasta,Mountain Tactical Training,John Laws,,530-510-7118,,,,https://www.shastacounty.gov/media/75061,pdf
shasta,Distinguished Firearms Instruction,Rick DeRuyter,,530-524-7594,,,,https://www.shastacounty.gov/media/75061,pdf
shasta,Down Range,Stephen Dyke,,530-896-1992,,,,https://www.shastacounty.gov/media/75061,pdf
shasta,NOR CAL Defense,Todd Hansen,,530-945-6430,,,,https://www.shastacounty.gov/media/75061,pdf
shasta,Redding Guns LLC,Tyler Thompson,,530-605-4867,,,,https://www.shastacounty.gov/media/75061,pdf
shasta,Jones Fort,Marshall Jones,,530-222-3223,,,,https://www.shastacounty.gov/media/75061,pdf
shasta,N & N Firearms Safety Training,Stan Nuetze,,530-356-1247,,,,https://www.shastacounty.gov/media/75061,pdf
shasta,Evan Macivor Consulting,Evan Macivor,,530-859-3491,,,,https://www.shastacounty.gov/media/75061,pdf
shasta,Shasta Defense,Nathan Zeliff,,530-474-3267,,,,https://www.shastacounty.gov/media/75061,pdf
shasta,Greco Firearm Sales,Rick Greco,,530-244-3551,,,,https://www.shastacounty.gov/media/75061,pdf
shasta,Ryan Watters Firearms Instruction,Ryan Watters,,530-351-2063,,,,https://www.shastacounty.gov/media/75061,pdf
shasta,Zombie Arms & Ammunition,Sean Patterson,,530-921-1486,,,,https://www.shastacounty.gov/media/75061,pdf
shasta,Old West Firearms Training,Christopher Haggerty,,530-243-8334,,,,https://www.shastacounty.gov/media/75061,pdf
shasta,K2 Defense Academy,Kerem Kapkin,,831-334-4041,,,,https://www.shastacounty.gov/media/75061,pdf
shasta,Gibb Tactical,Matthew Gibb,,530-524-5727,,,,https://www.shastacounty.gov/media/75061,pdf
shasta,The Cowan Code of Arms,Bryan Cowan,,530-339-8676,,,,https://www.shastacounty.gov/media/75061,pdf
shasta,LibertyTactical,Joe Copher,,530-646-9493,,,,https://www.shastacounty.gov/media/75061,pdf
sierra,The Range US,Kris Przepiorski; Elizabeth Self,https://therangeus.com,530-273-4440,,Grass Valley,CA,https://www.sierracounty.ca.gov/DocumentCenter/View/11816/Approved-CCW-Instructors,pdf
sierra,Nice Shot,,,530-241-6486,,Redding,CA,https://www.sierracounty.ca.gov/DocumentCenter/View/11816/Approved-CCW-Instructors,pdf
sierra,Twin Cities Rod & Gun,Chris Taylor,,530-790-0464,,Yuba City,CA,https://www.sierracounty.ca.gov/DocumentCenter/View/11816/Approved-CCW-Instructors,pdf
sierra,Sierra CCW Firearms,,,530-414-4660,,Truckee,CA,https://www.sierracounty.ca.gov/DocumentCenter/View/11816/Approved-CCW-Instructors,pdf
sierra,Feather River Defense,Travis J. Schiavone,,530-616-0338,,Portola,CA,https://www.sierracounty.ca.gov/DocumentCenter/View/11816/Approved-CCW-Instructors,pdf
sierra,EWG Guns,,,,,Loomis,CA,https://www.sierracounty.ca.gov/DocumentCenter/View/11816/Approved-CCW-Instructors,pdf
sierra,USCCA,Gerald Cope,,860-268-8236,,Washoe Valley,NV,https://www.sierracounty.ca.gov/DocumentCenter/View/11816/Approved-CCW-Instructors,pdf
sierra,U.S. LawShield,National Organization,https://educate.uslawshield.com,877-448-6839,,,,https://www.sierracounty.ca.gov/DocumentCenter/View/11816/Approved-CCW-Instructors,pdf
siskiyou,1791 Firearms Training,Beau McAdam,,510-305-6629,Beau.McAdam@gmail.com,,,https://www.siskiyoucounty.gov/sites/default/files/fileattachments/sheriff039s_office/page/6491/2026_online_inst_list.pdf,pdf
siskiyou,AAO – American Armed Ordinances,Bryan,,707-400-3677,Bryan@aao-co.com,Petaluma,CA,https://www.siskiyoucounty.gov/sites/default/files/fileattachments/sheriff039s_office/page/6491/2026_online_inst_list.pdf,pdf
siskiyou,Angels Firearm Instruction,,,530-990-1807,,Red Bluff,CA,https://www.siskiyoucounty.gov/sites/default/files/fileattachments/sheriff039s_office/page/6491/2026_online_inst_list.pdf,pdf
siskiyou,Armed Safety Firearm Instruction,,,530-300-8000,,Cottonwood,CA,https://www.siskiyoucounty.gov/sites/default/files/fileattachments/sheriff039s_office/page/6491/2026_online_inst_list.pdf,pdf
siskiyou,Bullseye Tactical Firearms Training,,,530-235-0721,info@guninstructor.com,Castella,CA,https://www.siskiyoucounty.gov/sites/default/files/fileattachments/sheriff039s_office/page/6491/2026_online_inst_list.pdf,pdf
siskiyou,Distinguished Firearms,Rick Derutyer,,530-524-7594,Rick_Derutyer@hotmail.com,Redding,CA,https://www.siskiyoucounty.gov/sites/default/files/fileattachments/sheriff039s_office/page/6491/2026_online_inst_list.pdf,pdf
siskiyou,Firearms Academy of Redding,Joel,,530-945-8925,Joel@reddingfirearms.com,Redding,CA,https://www.siskiyoucounty.gov/sites/default/files/fileattachments/sheriff039s_office/page/6491/2026_online_inst_list.pdf,pdf
siskiyou,Jones Fort,Marshall,,530-222-3223,Marshall@jonesfort.com,Redding,CA,https://www.siskiyoucounty.gov/sites/default/files/fileattachments/sheriff039s_office/page/6491/2026_online_inst_list.pdf,pdf
siskiyou,Northern Firearm's Instruction,Ted; S. Stout,,530-999-1822,ted@usgunpro.com,Redding,CA,https://www.siskiyoucounty.gov/sites/default/files/fileattachments/sheriff039s_office/page/6491/2026_online_inst_list.pdf,pdf
siskiyou,Nice Shot Indoor Shooting Range,,,530-241-6486,niceshotrange@gmail.com,Redding,CA,https://www.siskiyoucounty.gov/sites/default/files/fileattachments/sheriff039s_office/page/6491/2026_online_inst_list.pdf,pdf
siskiyou,State of Jefferson Firearms Training,,,530-227-9224,guntrainer1911@gmail.com,Red Bluff,CA,https://www.siskiyoucounty.gov/sites/default/files/fileattachments/sheriff039s_office/page/6491/2026_online_inst_list.pdf,pdf
siskiyou,State of Jefferson Outdoors,Jess Harris,,530-643-9084,jessharris2525@gmail.com,Montague,CA,https://www.siskiyoucounty.gov/sites/default/files/fileattachments/sheriff039s_office/page/6491/2026_online_inst_list.pdf,pdf
siskiyou,Tony Ross,Tony Ross,,530-640-3717,rossgunworks@gmail.com,Tulelake,CA,https://www.siskiyoucounty.gov/sites/default/files/fileattachments/sheriff039s_office/page/6491/2026_online_inst_list.pdf,pdf
siskiyou,Whiskey Echo Tactical Training,Forsberg,,530-262-1672,info@echowhiskeytactical.com,McCloud,CA,https://www.siskiyoucounty.gov/sites/default/files/fileattachments/sheriff039s_office/page/6491/2026_online_inst_list.pdf,pdf
siskiyou,Zombie Arms and Ammunition,S. Patterson,,530-921-1486,spatterson@zombiearmsandammo.com,Palo Cedro,CA,https://www.siskiyoucounty.gov/sites/default/files/fileattachments/sheriff039s_office/page/6491/2026_online_inst_list.pdf,pdf
solano,29 Outdoor Gear,Jerry Kunzman; Brad Engmann; Steve Harris; Marco Innocenti; Craig Wong,https://29outdoorgear.com,707-647-2511,Jerry@29outdoorgear.com,American Canyon,CA,https://content.solanocounty.gov/sites/default/files/2025-05/Solano%20County%20CCW%20Approved%20Trainers.pdf,pdf
solano,2A Firearms Academy,,https://2afirearmsacademy.com,(707) 410-0389,contact@2Afirearmsacademy.com,,,https://content.solanocounty.gov/sites/default/files/2025-05/Solano%20County%20CCW%20Approved%20Trainers.pdf,pdf
solano,AAO,,https://aao-co.com,(707) 400-3677,info@aao-co.com,,,https://content.solanocounty.gov/sites/default/files/2025-05/Solano%20County%20CCW%20Approved%20Trainers.pdf,pdf
solano,Bay Area Tactical,,https://battactical.com,(415) 568-6803,batinstructors@gmail.com,,,https://content.solanocounty.gov/sites/default/files/2025-05/Solano%20County%20CCW%20Approved%20Trainers.pdf,pdf
solano,Blue Ridge Consulting and Firearms,,https://brcarms.com,(707) 689-0172,Dave@brcarms.com,,,https://content.solanocounty.gov/sites/default/files/2025-05/Solano%20County%20CCW%20Approved%20Trainers.pdf,pdf
solano,CoCo Firearms Training,,https://cocofirearmtraining.com,(925) 384-1920,Tim@cocofirearmtraining.com,,,https://content.solanocounty.gov/sites/default/files/2025-05/Solano%20County%20CCW%20Approved%20Trainers.pdf,pdf
solano,Dobbs Firearm Training,,https://dobbsfirearmtraining.com,(707) 271-6174,training@dobbsfirearmtraining.com,,,https://content.solanocounty.gov/sites/default/files/2025-05/Solano%20County%20CCW%20Approved%20Trainers.pdf,pdf
solano,Guns Fishing and Other Stuff,,https://gunsfishing.com,(707) 451-1199,travis@gunsfisihing.com,,,https://content.solanocounty.gov/sites/default/files/2025-05/Solano%20County%20CCW%20Approved%20Trainers.pdf,pdf
solano,Northern Firearms Instruction,,https://usgunpro.com,(530) 999-1822,sstout@usgunpro.com,,,https://content.solanocounty.gov/sites/default/files/2025-05/Solano%20County%20CCW%20Approved%20Trainers.pdf,pdf
solano,"Paladin Tactical US, LLC",,https://www.paladin-tactical-us.com,(707) 863-1064,dan@paladin-tactical-us.com,,,https://content.solanocounty.gov/sites/default/files/2025-05/Solano%20County%20CCW%20Approved%20Trainers.pdf,pdf
solano,"Shields Defense, LLC",,https://www.shieldsdefense.com,(707) 592-2833,michael@shieldsdefensellc.com,,,https://content.solanocounty.gov/sites/default/files/2025-05/Solano%20County%20CCW%20Approved%20Trainers.pdf,pdf
solano,Split Fire Firearms Training,,https://www.splitfiretraining.com,(707) 712-8300,mikek_27@yahoo.com,,,https://content.solanocounty.gov/sites/default/files/2025-05/Solano%20County%20CCW%20Approved%20Trainers.pdf,pdf
sonoma,PALADIN TACTICAL US,Daniel Butler,https://www.paladin-tactical-us.com,(707) 863-1064,dan@paladin-tactical-us.com,Fairfield,CA,https://www.sonomasheriff.org/ccw,webpage
sonoma,2nd AMENDMENT FIREARMS ACADEMY,Doug Kevilus,https://www.2afirearmsacademy.com,(707) 410-0389,contact@2aFirearmsAcademy.com,Concord,CA,https://www.sonomasheriff.org/ccw,webpage
sonoma,TITAN PROTECTIVE TRAINING,Jammey Feith,https://www.titanprotective.com,(707) 568-1777,titanprotectiveccw@gmail.com,Windsor,CA,https://www.sonomasheriff.org/ccw,webpage
sonoma,FERGUSON ARMS LLC,John Ferguson,https://www.fergusonarms.com,(707) 332-1635,john@fergusonarms.com,Santa Rosa,CA,https://www.sonomasheriff.org/ccw,webpage
sonoma,AAO,Bryan Kinney,https://www.aao-co.com,(707) 400-3677,Bryan@aao-co.com,Guerneville,CA,https://www.sonomasheriff.org/ccw,webpage
sonoma,G4 FIREARMS,Scott Gabaldon,https://www.g4firearms.com,(707) 540-0509,,Windsor,CA,https://www.sonomasheriff.org/ccw,webpage
sonoma,KRAUSHAAR FIREARM SERVICES,KEN KRAUSHAAR,https://www.kraushaarfirearms.com,(707) 795-8952,gun-tech@kraushaarfirearms.com,Rohnert Park,CA,https://www.sonomasheriff.org/ccw,webpage
stanislaus,Trident Firearms Academy,,https://tridentfirearms.com,209-535-0077,,Salida,CA,https://www.scsdonline.com/home/showpublisheddocument/3247/639078284998330000,pdf
stanislaus,Defend To Survive,,https://www.defendtosurvive.com,209-542-8542,,Hughson,CA,https://www.scsdonline.com/home/showpublisheddocument/3247/639078284998330000,pdf
stanislaus,"Valley Defense Consulting, Inc.",,https://www.valleydefense.com,209-552-5728,,Modesto,CA,https://www.scsdonline.com/home/showpublisheddocument/3247/639078284998330000,pdf
stanislaus,Northern Firearms Instruction,,https://www.usgunpro.com,717-919-1587,,Valley Springs,CA,https://www.scsdonline.com/home/showpublisheddocument/3247/639078284998330000,pdf
stanislaus,Fred's Firearms,,https://www.fredsfirearmstraining.com,209-840-2126,,Oakdale,CA,https://www.scsdonline.com/home/showpublisheddocument/3247/639078284998330000,pdf
stanislaus,"Hammer Stryke Self-Reliance Training, Inc",,https://www.hammerstryke.com,209-614-1718,,Mariposa,CA,https://www.scsdonline.com/home/showpublisheddocument/3247/639078284998330000,pdf
stanislaus,Hard Focus Firearms Training,,https://www.hardfocustraining.com,209-564-0332,,Merced,CA,https://www.scsdonline.com/home/showpublisheddocument/3247/639078284998330000,pdf
stanislaus,Rosengarten Firearms Trainings,,https://www.rosengartenfirearm.com,209-610-1425,,Ripon,CA,https://www.scsdonline.com/home/showpublisheddocument/3247/639078284998330000,pdf
stanislaus,Rescue74CPR,,https://www.rescue74cpr.com,209-587-0809,,Gustine,CA,https://www.scsdonline.com/home/showpublisheddocument/3247/639078284998330000,pdf
stanislaus,Upward Firearms Training,,,209-667-9985,,Delhi,CA,https://www.scsdonline.com/home/showpublisheddocument/3247/639078284998330000,pdf
stanislaus,Kiwi's Custom Guns Inc.,,https://www.kiwiscustomguns.com,209-863-2355,,Riverbank,CA,https://www.scsdonline.com/home/showpublisheddocument/3247/639078284998330000,pdf
stanislaus,Stage Stop Sporting Goods,,https://www.stagestopgunshop.com,209-358-4867,,Atwater,CA,https://www.scsdonline.com/home/showpublisheddocument/3247/639078284998330000,pdf
stanislaus,"Defensive Accuracy, LLC",,https://www.daccw.com,408-687-3791,,Stockton,CA,https://www.scsdonline.com/home/showpublisheddocument/3247/639078284998330000,pdf
stanislaus,Called 2 Arms,,https://www.stanislausccw.com,209-522-4867,,Modesto,CA,https://www.scsdonline.com/home/showpublisheddocument/3247/639078284998330000,pdf
sutter,Tactagar,,,(530) 458-4868,,,CA,https://www.suttersheriff.gov/divisions/training-section/ccw-permit,webpage_embeds_pdf
sutter,Twin Cities Rod and Gun,,,(530) 790-0464,,,CA,https://www.suttersheriff.gov/divisions/training-section/ccw-permit,webpage_embeds_pdf
sutter,Vandagriff Consulting,,,(530) 320-8858,,,CA,https://www.suttersheriff.gov/divisions/training-section/ccw-permit,webpage_embeds_pdf
sutter,Alan Reinhardt,,,(530) 635-4733,,,CA,https://www.suttersheriff.gov/divisions/training-section/ccw-permit,webpage_embeds_pdf
sutter,Alpha Shield CCW,,,(916) 812-8762,,,CA,https://www.suttersheriff.gov/divisions/training-section/ccw-permit,webpage_embeds_pdf
sutter,Azevedo Firearms Training,,,(530) 518-9210,,,CA,https://www.suttersheriff.gov/divisions/training-section/ccw-permit,webpage_embeds_pdf
sutter,Bad Moon Shooting,,,(530) 713-4901,,,CA,https://www.suttersheriff.gov/divisions/training-section/ccw-permit,webpage_embeds_pdf
sutter,CCW Shooters,,,(916) 207-7350,,,CA,https://www.suttersheriff.gov/divisions/training-section/ccw-permit,webpage_embeds_pdf
sutter,Conseale,,,(530) 632-4101,,,CA,https://www.suttersheriff.gov/divisions/training-section/ccw-permit,webpage_embeds_pdf
sutter,Crossed Star Firearms,,,(530) 790-5187,,,CA,https://www.suttersheriff.gov/divisions/training-section/ccw-permit,webpage_embeds_pdf
sutter,Dafast,,,(916) 838-4926,,,CA,https://www.suttersheriff.gov/divisions/training-section/ccw-permit,webpage_embeds_pdf
sutter,Defensive and Firearms Training Center,,,(916) 303-3746,,,CA,https://www.suttersheriff.gov/divisions/training-section/ccw-permit,webpage_embeds_pdf
sutter,Down Range Indoor Training Center,,,(530) 896-1992,,,CA,https://www.suttersheriff.gov/divisions/training-section/ccw-permit,webpage_embeds_pdf
sutter,Essential Self Defense,,,(530) 713-2070,,,CA,https://www.suttersheriff.gov/divisions/training-section/ccw-permit,webpage_embeds_pdf
sutter,Miladi Defense,,,(530) 713-5139,,,CA,https://www.suttersheriff.gov/divisions/training-section/ccw-permit,webpage_embeds_pdf
sutter,Nor-Cal Tactical,,,(530) 713-7470,,,CA,https://www.suttersheriff.gov/divisions/training-section/ccw-permit,webpage_embeds_pdf
sutter,Northern Firearms Instruction,,,(530) 999-1822,,,CA,https://www.suttersheriff.gov/divisions/training-section/ccw-permit,webpage_embeds_pdf
sutter,Shooter's Paradise of Yuba City,,,(530) 673-4100,,,CA,https://www.suttersheriff.gov/divisions/training-section/ccw-permit,webpage_embeds_pdf
sutter,Sierra Tactical Training and Active Response,,,(760) 784-0699,,,CA,https://www.suttersheriff.gov/divisions/training-section/ccw-permit,webpage_embeds_pdf
sutter,Sure Grip Firearms,,,(916) 904-4406,,,CA,https://www.suttersheriff.gov/divisions/training-section/ccw-permit,webpage_embeds_pdf
tehama,Angel's Firearm Instruction,Dan Angel,https://www.angelsfirearmsinstruction.com,(530)990-1807,djtdangel@sbcglobal.net,,,https://tehamaso.org/wp-content/uploads/2025/06/CERTIFIED-INSTRUCTOR-LIST-last-updated-6-10-25.pdf,pdf
tehama,Armed Safety Firearms Instruction,Ben Cornelius; Kevin Johnston; Thomas Rosina,,(530)300-8000,armedsafety@yahoo.com,Cottonwood,CA,https://tehamaso.org/wp-content/uploads/2025/06/CERTIFIED-INSTRUCTOR-LIST-last-updated-6-10-25.pdf,pdf
tehama,Azevedo Firearms Training,Dan Azevedo,,(530)518-9210,azevedofirearms@sbcglobal.net,Biggs,CA,https://tehamaso.org/wp-content/uploads/2025/06/CERTIFIED-INSTRUCTOR-LIST-last-updated-6-10-25.pdf,pdf
tehama,Bigfoot Firearm Training,Cole Greene; Aaron Ostrum; Roy Williams,https://www.bigfootfirearmstraining.com,(844)926-6566,info@BigfootAA.com,,,https://tehamaso.org/wp-content/uploads/2025/06/CERTIFIED-INSTRUCTOR-LIST-last-updated-6-10-25.pdf,pdf
tehama,"Black Oak Training, Inc.",Stephen Silber,https://www.blackoaktraining.com,(530)624-1562,info@blackoaktraining.com,,,https://tehamaso.org/wp-content/uploads/2025/06/CERTIFIED-INSTRUCTOR-LIST-last-updated-6-10-25.pdf,pdf
tehama,Bulls Eye Tactical Firearm Training,Chris Ewens,https://www.guninstuctor.com,(530)235-0721,cewens@guninstructor.com,Castella,CA,https://tehamaso.org/wp-content/uploads/2025/06/CERTIFIED-INSTRUCTOR-LIST-last-updated-6-10-25.pdf,pdf
tehama,Distinguished Firearms Instruction,Rick Deruyter,https://www.distinguishedfirearms.com,(530)524-7594,Rick_deruyter@hotmail.com,Redding,CA,https://tehamaso.org/wp-content/uploads/2025/06/CERTIFIED-INSTRUCTOR-LIST-last-updated-6-10-25.pdf,pdf
tehama,Down Range,Steve Dyke; Sean Evans; Damian Georgiou; Brian Gonsalves; Rhiley Harrison; Rob Kearbey,https://www.downrangechico.com,(530)896-1992,info@downrangechico.com,Chico,CA,https://tehamaso.org/wp-content/uploads/2025/06/CERTIFIED-INSTRUCTOR-LIST-last-updated-6-10-25.pdf,pdf
tehama,Echo Whiskey Tactical Training,Eric Forsberg; Jeff Wallace,https://www.echowhiskeytactical.com,(530)690-5599,info@echowhiskeytactical.com,Redding,CA,https://tehamaso.org/wp-content/uploads/2025/06/CERTIFIED-INSTRUCTOR-LIST-last-updated-6-10-25.pdf,pdf
tehama,Firearms Academy of Redding,Joel Northrup,,(530)945-8925,joelnorthrup1@gmail.com,Redding,CA,https://tehamaso.org/wp-content/uploads/2025/06/CERTIFIED-INSTRUCTOR-LIST-last-updated-6-10-25.pdf,pdf
tehama,Gibb Tactical,Matthew Gibb,https://www.gibbtactical.com,(530) 524-5727,matt@gibbtactical.com,Anderson,CA,https://tehamaso.org/wp-content/uploads/2025/06/CERTIFIED-INSTRUCTOR-LIST-last-updated-6-10-25.pdf,pdf
tehama,Glenn County Sheriff's Office,Deputy Robert Thompson,,(530) 934-6431,,Willows,CA,https://tehamaso.org/wp-content/uploads/2025/06/CERTIFIED-INSTRUCTOR-LIST-last-updated-6-10-25.pdf,pdf
tehama,Greco's Firearm Sales,Rick Greco,https://www.grecosfirearmsales.com,(800) 742-3270,hunting@grecosinc.com,Redding,CA,https://tehamaso.org/wp-content/uploads/2025/06/CERTIFIED-INSTRUCTOR-LIST-last-updated-6-10-25.pdf,pdf
tehama,John Panger,John Panger,,(530)722-7200,panger183@gmail.com,,,https://tehamaso.org/wp-content/uploads/2025/06/CERTIFIED-INSTRUCTOR-LIST-last-updated-6-10-25.pdf,pdf
tehama,Jones' Fort Gun Shop,Marshall Jones II,https://www.jonesfort.com,(530) 222-3223,marshall@jonesfort.com,Redding,CA,https://tehamaso.org/wp-content/uploads/2025/06/CERTIFIED-INSTRUCTOR-LIST-last-updated-6-10-25.pdf,pdf
tehama,K2 Defense Academy,Kerem Kapkin,,(831) 334-4041,kkapkin@kapkinglobal.com,,,https://tehamaso.org/wp-content/uploads/2025/06/CERTIFIED-INSTRUCTOR-LIST-last-updated-6-10-25.pdf,pdf
tehama,Michigan Firearm and CPL Training LLC,Mark Harrop,https://www.mifcpl.com,(586) 419-8088,mark@mifcpl.com,Corning,CA,https://tehamaso.org/wp-content/uploads/2025/06/CERTIFIED-INSTRUCTOR-LIST-last-updated-6-10-25.pdf,pdf
tehama,Mountain Tactical Training,John Laws,,(530)510-7118,firebrandnet@aol.com,French Gulch,CA,https://tehamaso.org/wp-content/uploads/2025/06/CERTIFIED-INSTRUCTOR-LIST-last-updated-6-10-25.pdf,pdf
tehama,Nice Shot Range,Andrew Hackett; Michael Rynearson; Andrew Torres,https://www.niceshot.net,(530)241-6486,niceshotrange@gmail.com,Redding,CA,https://tehamaso.org/wp-content/uploads/2025/06/CERTIFIED-INSTRUCTOR-LIST-last-updated-6-10-25.pdf,pdf
tehama,NorCal Defense,Todd Hansen; Trevor Lindeman,https://www.ncadefense.com,(530)945-6430,ncadefense@gmail.com,Redding,CA,https://tehamaso.org/wp-content/uploads/2025/06/CERTIFIED-INSTRUCTOR-LIST-last-updated-6-10-25.pdf,pdf
tehama,NorCal Tactical,Jose Luis Chavez,https://www.norcaltactical.net,(530)713-7470,norcaltacticalsales@gmail.com,Yuba City,CA,https://tehamaso.org/wp-content/uploads/2025/06/CERTIFIED-INSTRUCTOR-LIST-last-updated-6-10-25.pdf,pdf
tehama,Northern Firearms Instruction,Emily Booth; Chuck Fields; Kraig Kern; Stephen Kim; John Lewis; Ted Lidie; Ted Ogilvie; Jen O'Hara; Gary Pickle; Bryan Rheem; Paul Robins; Phillip Sheffield; Seth Stout,https://www.countyccw.com,(530)999-1822,,Shasta Lake,CA,https://tehamaso.org/wp-content/uploads/2025/06/CERTIFIED-INSTRUCTOR-LIST-last-updated-6-10-25.pdf,pdf
tehama,Olde West Firearms Training,Chris Haggerty,,(530)243-8334,oldewest2@gmail.com,Redding,CA,https://tehamaso.org/wp-content/uploads/2025/06/CERTIFIED-INSTRUCTOR-LIST-last-updated-6-10-25.pdf,pdf
tehama,Protection Solutions,Robert Johnson,,(978)888-4536,bob_49er@hotmail.com,Elk Creek,CA,https://tehamaso.org/wp-content/uploads/2025/06/CERTIFIED-INSTRUCTOR-LIST-last-updated-6-10-25.pdf,pdf
tehama,Redding Guns LLC,Tyler Thompson,https://www.reddingguns.com,(530)605-4867,sales@reddingguns.com,Redding,CA,https://tehamaso.org/wp-content/uploads/2025/06/CERTIFIED-INSTRUCTOR-LIST-last-updated-6-10-25.pdf,pdf
tehama,Ryan Watters Firearm Instructor,Ryan Watters,,(530)351-2063,ryanwatters1@icloud.com,Redding,CA,https://tehamaso.org/wp-content/uploads/2025/06/CERTIFIED-INSTRUCTOR-LIST-last-updated-6-10-25.pdf,pdf
tehama,Shasta Defense,Andrew Nathan Zeliff,https://www.shastadefense.com,(530)474-3267,zlaw@taxsos.com,Shingletown,CA,https://tehamaso.org/wp-content/uploads/2025/06/CERTIFIED-INSTRUCTOR-LIST-last-updated-6-10-25.pdf,pdf
tehama,Star Crossed Firearms,Morgan Dant,https://www.crossedstarfirearms.com,(530)790-5187,,,,https://tehamaso.org/wp-content/uploads/2025/06/CERTIFIED-INSTRUCTOR-LIST-last-updated-6-10-25.pdf,pdf
tehama,State of Jefferson Firearms Training,Frank Caltabiano,https://www.packyourpistol.com,(530)227-9224,guntrainer1911@gmail.com,Red Bluff,CA,https://tehamaso.org/wp-content/uploads/2025/06/CERTIFIED-INSTRUCTOR-LIST-last-updated-6-10-25.pdf,pdf
tehama,Straightline Defense LLC,Marshall Jones III,,(209)252-5396,straightlinedefense209@gmail.com,,,https://tehamaso.org/wp-content/uploads/2025/06/CERTIFIED-INSTRUCTOR-LIST-last-updated-6-10-25.pdf,pdf
tehama,Vandagriff Consulting,Erik Vandagriff,,(530)320-8858,erikvandagriff@gmail.com,Foresthill,CA,https://tehamaso.org/wp-content/uploads/2025/06/CERTIFIED-INSTRUCTOR-LIST-last-updated-6-10-25.pdf,pdf
tehama,Zombie Arms & Ammuntion,Edward Adams; Erika Patterson; Sean Patterson,https://zombiearmsandammo.com,(530)921-1486,spatterson@zombiearmsandammo.com,Palo Cedro,CA,https://tehamaso.org/wp-content/uploads/2025/06/CERTIFIED-INSTRUCTOR-LIST-last-updated-6-10-25.pdf,pdf
trinity,MORGAN DANT,Morgan Dant,,(530) 790-5187,,,,https://www.trinitycounty.org/DocumentCenter/View/3358/FEE-AND-INSTRUCTORS-DEC-2025?bidId=,pdf
trinity,DISTINGUISHED FIREARMS INSTRUCTIONS,Rick Deruyter,,(530) 524-7594,,,,https://www.trinitycounty.org/DocumentCenter/View/3358/FEE-AND-INSTRUCTORS-DEC-2025?bidId=,pdf
trinity,OLDE WEST GUN & LOAN,Chris Haggerty,,(530) 243-8334,,,,https://www.trinitycounty.org/DocumentCenter/View/3358/FEE-AND-INSTRUCTORS-DEC-2025?bidId=,pdf
trinity,FRONT SIGHT,John Scott Hoerner,,(702) 837-7433,,,,https://www.trinitycounty.org/DocumentCenter/View/3358/FEE-AND-INSTRUCTORS-DEC-2025?bidId=,pdf
trinity,MOUNTAIN TACTICAL TRAINING,John Laws,,(530) 510-7118,,,,https://www.trinitycounty.org/DocumentCenter/View/3358/FEE-AND-INSTRUCTORS-DEC-2025?bidId=,pdf
trinity,MIKE LEE SOLUTION,Mike Lee,,(707) 834-5602,,,,https://www.trinitycounty.org/DocumentCenter/View/3358/FEE-AND-INSTRUCTORS-DEC-2025?bidId=,pdf
trinity,NORTHERN FIRE ARMS INSTRUCTION,Ted Lidie,,(530) 776-4855,,,,https://www.trinitycounty.org/DocumentCenter/View/3358/FEE-AND-INSTRUCTORS-DEC-2025?bidId=,pdf
trinity,JON LUDWICK,Jon Ludwick,,(985) 634-0296,,,,https://www.trinitycounty.org/DocumentCenter/View/3358/FEE-AND-INSTRUCTORS-DEC-2025?bidId=,pdf
trinity,RANGEMASTER CERTIFIED INSTRUCTOR,Evan MacIvor,,(530) 859-3491,,,,https://www.trinitycounty.org/DocumentCenter/View/3358/FEE-AND-INSTRUCTORS-DEC-2025?bidId=,pdf
trinity,MIDDLETON FIREARMS TRAINING,Dominick Middelton,,(530) 744-4511,,,,https://www.trinitycounty.org/DocumentCenter/View/3358/FEE-AND-INSTRUCTORS-DEC-2025?bidId=,pdf
trinity,FRANK MOORE and CAROL MINOR,Frank Moore; Carol Minor,,(530) 628-4523,,,,https://www.trinitycounty.org/DocumentCenter/View/3358/FEE-AND-INSTRUCTORS-DEC-2025?bidId=,pdf
trinity,FIREARMS ACADEMY OF REDDING,Joel Northrup,,(530) 945-8925,,,,https://www.trinitycounty.org/DocumentCenter/View/3358/FEE-AND-INSTRUCTORS-DEC-2025?bidId=,pdf
trinity,SHASTA LAKE FIREARMS INSTRUCTION,David Thompson,,(530) 275-3133,,,,https://www.trinitycounty.org/DocumentCenter/View/3358/FEE-AND-INSTRUCTORS-DEC-2025?bidId=,pdf
trinity,ZOMBIE ARMS AND AMMUNITION,Sean Patterson,,(530) 510-9170,,,,https://www.trinitycounty.org/DocumentCenter/View/3358/FEE-AND-INSTRUCTORS-DEC-2025?bidId=,pdf
trinity,GARY PICKLE,Gary Pickle,,(530) 917-1971,,,,https://www.trinitycounty.org/DocumentCenter/View/3358/FEE-AND-INSTRUCTORS-DEC-2025?bidId=,pdf
trinity,MARSHALL JONES III,Marshall Jones III,,(209) 252-5396,,,,https://www.trinitycounty.org/DocumentCenter/View/3358/FEE-AND-INSTRUCTORS-DEC-2025?bidId=,pdf
trinity,STATE OF JEFFERSON FIREARMS TRAINING,,,(530) 227-9224,,,,https://www.trinitycounty.org/DocumentCenter/View/3358/FEE-AND-INSTRUCTORS-DEC-2025?bidId=,pdf
trinity,BIGFOOT FIREARMS ACADEMY,,,(707) 494-1662,,,,https://www.trinitycounty.org/DocumentCenter/View/3358/FEE-AND-INSTRUCTORS-DEC-2025?bidId=,pdf
trinity,MICHAEL C. JOHNSON,Michael C. Johnson,,(707) 496-1800,,,,https://www.trinitycounty.org/DocumentCenter/View/3358/FEE-AND-INSTRUCTORS-DEC-2025?bidId=,pdf
tulare,Central Valley CCW,Vance Wedeking,,559-457-9335,centralvalleyccw@gmail.com,,,https://tularecounty.ca.gov/sheriff/community/ccw-instructor-list,webpage
tulare,SAFE Concealed Weapon Classes,Duke Hettick; Tim Connors,,559-619-7319,dukehettick@sbcglobal.net,,,https://tularecounty.ca.gov/sheriff/community/ccw-instructor-list,webpage
tulare,TK Firearms CCW Training,Jonathon Thorpe; Ron Koetsier,,559-901-6455,tkfirearms@ymail.com,,,https://tularecounty.ca.gov/sheriff/community/ccw-instructor-list,webpage
tulare,Practical Training Solutions,Jeremy McMillan,https://practicaltrainingsolutionsllc.com,559-483-8825,Practicaltrainingsolutions@proton.me,,,https://tularecounty.ca.gov/sheriff/community/ccw-instructor-list,webpage
tulare,Polar Bear Firearms & Training,Thomas K Cribbs,,559-333-0905,tkcribbs@att.net,Lindsay,CA,https://tularecounty.ca.gov/sheriff/community/ccw-instructor-list,webpage
tulare,Galardo Firearms Training,Jesus Galardo,https://www.gfirearmstraining.com,559-788-7265,gallardo1636@gmail.com,,,https://tularecounty.ca.gov/sheriff/community/ccw-instructor-list,webpage
tulare,Firearm and Personal Security Consultants LLC,Richard Mendoza,,559-310-0090,,,,https://tularecounty.ca.gov/sheriff/community/ccw-instructor-list,webpage
tulare,Triple Threat Solutions,Roosevelt Scott,https://www.triplethreatsolutions.net,661-204-0925,,,,https://tularecounty.ca.gov/sheriff/community/ccw-instructor-list,webpage
tulare,Hard Focus Firearm Training,Matthew Haywood,https://www.hardfocustraining.com,209-564-0332,,,,https://tularecounty.ca.gov/sheriff/community/ccw-instructor-list,webpage
tulare,Next Step Training,Jeff Watkins,https://www.nextsteptraining4me.com,559-707-3250,,,,https://tularecounty.ca.gov/sheriff/community/ccw-instructor-list,webpage
tulare,Powers Firearms Training,Craig Powers; Brent Hughes; Leslie Lee,,661-871-7273,info@kernccw.com,Bakersfield,CA,https://tularecounty.ca.gov/sheriff/community/ccw-instructor-list,webpage
tulare,Tactical 360 Firearms Training,Chris Martinez,https://www.tactical360.net,661-497-3089,Tactical360tranining@gmail.com,,,https://tularecounty.ca.gov/sheriff/community/ccw-instructor-list,webpage
tulare,JLPFI,John Lewis,https://www.jlpfi.com,559-349-3833,johnlpfi@gmail.com,,,https://tularecounty.ca.gov/sheriff/community/ccw-instructor-list,webpage
tulare,Kings Gun Center,Todd Cota,https://www.kgchanford.com,559-585-2000,,,,https://tularecounty.ca.gov/sheriff/community/ccw-instructor-list,webpage
tulare,Police Science Institute and Range Pistol Club,,https://policescience.com,559-276-9800,,Fresno,CA,https://tularecounty.ca.gov/sheriff/community/ccw-instructor-list,webpage
tulare,Scott James Firearm Sales & Training,Scott R. James II,,559-352-6982,PI@PrivateInvestigationsca.com,,,https://tularecounty.ca.gov/sheriff/community/ccw-instructor-list,webpage
tulare,U.S. LawShield,,https://educate.uslawshield.com,877-448-6839,,,,https://tularecounty.ca.gov/sheriff/community/ccw-instructor-list,webpage
tulare,Zaks Guns LLC,Rohi Zacharia,,559-673-4525,,Madera,CA,https://tularecounty.ca.gov/sheriff/community/ccw-instructor-list,webpage
tulare,Foothill Training,Matt Alexander,https://foothilltraining.com,559-355-3818,foothilltraining@gmail.com,,,https://tularecounty.ca.gov/sheriff/community/ccw-instructor-list,webpage
tulare,Wilson Tactical Operations & Training LLC,Eric Wilson,https://wilsontacticaloperationsandtrainingllc.com,931-542-7702,wilsontacops@gmail.com,,,https://tularecounty.ca.gov/sheriff/community/ccw-instructor-list,webpage
tulare,The Firing Line,Chris Stearns; Jacob Frazier; Jacob Belemjian,,559-294-9400,thefiringlineclovis@gmail.com,,,https://tularecounty.ca.gov/sheriff/community/ccw-instructor-list,webpage
tulare,Instinct Defense,Jack Mulroy,https://instinct-defense.com,559-917-8266,Info@instinct-defense.com,,,https://tularecounty.ca.gov/sheriff/community/ccw-instructor-list,webpage
tulare,Premier Tactical Training,"Matthew Pimentel; Francisco ""Paco"" Villarreal",https://www.559ccw.com,559-779-7742,paco@559ccw.com,,,https://tularecounty.ca.gov/sheriff/community/ccw-instructor-list,webpage
tulare,Rankin Field,John Threadgill; Chris Kimes; Ken Garcia; Ted Chao; Jansen Reeves; John Sargent; Richard Lenz,https://rankinfield.org,559-684-8853,,Tulare,CA,https://tularecounty.ca.gov/sheriff/community/ccw-instructor-list,webpage
tulare,Pinnacle Firearms Training,Devon Fullner,,559-259-3204,Dfullner19@gmail.com,Selma,CA,https://tularecounty.ca.gov/sheriff/community/ccw-instructor-list,webpage
tulare,Gunslingers,Ryan Ritter; Nick Alvarez,,559-972-0585,,Exeter,CA,https://tularecounty.ca.gov/sheriff/community/ccw-instructor-list,webpage
tulare,Valley Firearms Training,Kevin Carnes; Jerry Diaz; Ben Liu,,559-972-5007,Jerry1515@yahoo.com,,,https://tularecounty.ca.gov/sheriff/community/ccw-instructor-list,webpage
tulare,Kimes Firearms Training,Chris Kimes,https://kimesfirearmstraining.com,,Kimesfirearmstraining@gmail.com,,,https://tularecounty.ca.gov/sheriff/community/ccw-instructor-list,webpage
tulare,Godspeed Firearms and Training,Albert Chan; Wade Roberts,,559-972-6537,Tularecountyccw@gmail.com,,,https://tularecounty.ca.gov/sheriff/community/ccw-instructor-list,webpage
tulare,Vigilance Plus Training & Development,Curtis Bloch,https://www.vigilanceplus.life,559-949-7359,curtisbloch@vigilanceplus.life,,,https://tularecounty.ca.gov/sheriff/community/ccw-instructor-list,webpage
tulare,Freedom Firearms,Rick Field,,559-999-2939,Freedom-firearms@att.net,,,https://tularecounty.ca.gov/sheriff/community/ccw-instructor-list,webpage
tulare,Legacy Pistol Training,Arnold Serna,,559-393-9740,arnold@legacy-ptcw.com,,,https://tularecounty.ca.gov/sheriff/community/ccw-instructor-list,webpage
tulare,Garcia's Firearms Training,Ralph Garcia,,559-469-7692,gft.safety@gmail.com,,,https://tularecounty.ca.gov/sheriff/community/ccw-instructor-list,webpage
tulare,Hold the Line,Robin Corley,,559-799-5850,pnrcorley@att.net,,,https://tularecounty.ca.gov/sheriff/community/ccw-instructor-list,webpage
tulare,Private Instructor,Jabin Cunningham,,,jabincunninghamfirearmstraining@outlook.com,,,https://tularecounty.ca.gov/sheriff/community/ccw-instructor-list,webpage
tulare,Shooter Ready,James Loyd,https://www.shooterreadysports.com,559-372-8068,,,,https://tularecounty.ca.gov/sheriff/community/ccw-instructor-list,webpage
tulare,The Gun School,Dan Wells,https://www.thegunschool.com,559-936-9909,dan@thegunschool.com,,,https://tularecounty.ca.gov/sheriff/community/ccw-instructor-list,webpage
tulare,Banut Firearms Training,Arsie Banut,,559-799-5561,banutfirearmsccw@gmail.com,,,https://tularecounty.ca.gov/sheriff/community/ccw-instructor-list,webpage
tulare,Estrada's Firearm Training,Greg Estrada,,559-804-1973,Gonehuntin76@yahoo.com,Coalinga,CA,https://tularecounty.ca.gov/sheriff/community/ccw-instructor-list,webpage
tulare,Ethos Protection Services,Sam Carter,,559-245-4300,sam@ethosprotectionservices.com,Fresno,CA,https://tularecounty.ca.gov/sheriff/community/ccw-instructor-list,webpage
tulare,Elite Training Solutions,Eric Olson,,559-765-7702,Chowchilla.ccw@gmail.com,,,https://tularecounty.ca.gov/sheriff/community/ccw-instructor-list,webpage
tulare,Concealed Coalition,,https://www.concealedcoalition.com,1-800-805-2238,info@concealedcoalition.com,,,https://tularecounty.ca.gov/sheriff/community/ccw-instructor-list,webpage
tulare,April Skye Defense Tactics,April Skye-Parsons,,559-679-6578,asdefensetactics@yahoo.com,Visalia,CA,https://tularecounty.ca.gov/sheriff/community/ccw-instructor-list,webpage
tulare,Tackett's Confident Concealed,Matt Tackett,,559-802-7434,,,,https://tularecounty.ca.gov/sheriff/community/ccw-instructor-list,webpage
tulare,ACAM Society LLC,Alvin Moore,https://www.acamsociety.com,559-797-1958,training@acamsociety.com,,,https://tularecounty.ca.gov/sheriff/community/ccw-instructor-list,webpage
tulare,S Mcphetridge Firearms Training,Steven Mcphetridge,,559-991-9818,SMcphetridgefirearmstraining@yahoo.com,,,https://tularecounty.ca.gov/sheriff/community/ccw-instructor-list,webpage
tuolumne,Approved CCW Instructors,,,,,,,https://www.tuolumnecounty.ca.gov/342/CCW,webpage
tuolumne,559 Concealed Carry,,,559-790-3071,paco@559ccw.com,,,https://www.tuolumnecounty.ca.gov/342/CCW,webpage
tuolumne,Accuracy Firearm Training,,https://accuracyfirearm.com,916-316-6996,Exglock@gmail.com,,,https://www.tuolumnecounty.ca.gov/342/CCW,webpage
tuolumne,Alpha Point Firearms Training,,https://alphapointtraining.com,209-660-9414,info@alphapointtraining.com,,,https://www.tuolumnecounty.ca.gov/342/CCW,webpage
tuolumne,Bill Tidwell,Bill Tidwell,https://train2besafe.com,209-878-3056,bill@train2besafe.com,,,https://www.tuolumnecounty.ca.gov/342/CCW,webpage
tuolumne,California Online CCW,,https://californiaonlineccw.com/nonresident,559-294-9400,,,,https://www.tuolumnecounty.ca.gov/342/CCW,webpage
tuolumne,Case Defensive Training Group,,https://casedefensivetraininggroup.com,209-665-5541,,,,https://www.tuolumnecounty.ca.gov/342/CCW,webpage
tuolumne,Confidence Firearms & Weapons Training,,,209-768-1497,conna586@icloud.com,,,https://www.tuolumnecounty.ca.gov/342/CCW,webpage
tuolumne,Defensive TRIAD,,https://defensivetriad.com,916-765-5661,info@defensivetriad.com,,,https://www.tuolumnecounty.ca.gov/342/CCW,webpage
tuolumne,Defensive Weapons School,,https://defensiveweaponsschool.com,925-549-0480,defensive_weapons_school@yahoo.com,,,https://www.tuolumnecounty.ca.gov/342/CCW,webpage
tuolumne,Dynamic CCW Academy,,https://calaverasccw.com,209-770-5550,,,,https://www.tuolumnecounty.ca.gov/342/CCW,webpage
tuolumne,Grover Group,,https://ggccw.biz,510-676-6076,anoop@grovergroup.biz,,,https://www.tuolumnecounty.ca.gov/342/CCW,webpage
tuolumne,Hard Focus Firearms Training,,https://hardfocustraining.com,209-564-0332,hardfocustraining@gmail.com,,,https://www.tuolumnecounty.ca.gov/342/CCW,webpage
tuolumne,Kiwi's Custom Guns,,https://kiwiscustomguns.com,209-863-2355,,,,https://www.tuolumnecounty.ca.gov/342/CCW,webpage
tuolumne,Madison Society Foundation,,,,Registration@madisonsocietyfoundation.org,,,https://www.tuolumnecounty.ca.gov/342/CCW,webpage
tuolumne,ROZO Tactical,,https://rozotactical.com,209-425-0075,training@rozotactical.com,,,https://www.tuolumnecounty.ca.gov/342/CCW,webpage
tuolumne,Saber Tactics,,,650-276-0009,training@sabertactics.com,,,https://www.tuolumnecounty.ca.gov/342/CCW,webpage
tuolumne,Safe Insight,,https://safeinsight.net/california-ccw,877-217-7233,Info@SafeInsight.net,,,https://www.tuolumnecounty.ca.gov/342/CCW,webpage
tuolumne,Spartan Defense,,https://trainwithspartan.com,209-202-8283,,,,https://www.tuolumnecounty.ca.gov/342/CCW,webpage
tuolumne,Stage Stop Gun Shop,,https://stagestopgunshop.com,209-358-4867,Range@SSGS.US,,,https://www.tuolumnecounty.ca.gov/342/CCW,webpage
tuolumne,Valley Defense Consulting,,https://valleydefense.com,209-552-5728,training@valleydefense.com,,,https://www.tuolumnecounty.ca.gov/342/CCW,webpage
tuolumne,Weapons Training School,,https://weaponstrainingschool.com,209-532-6677,,,,https://www.tuolumnecounty.ca.gov/342/CCW,webpage
ventura,Banzai Operation,Marc Alabanza,https://www.vcccw.com,(805) 619-0979,marcalabanza@gmail.com,Thousand Oaks,CA,https://sheriff.venturacounty.gov/public-resources/carry-a-concealed-weapon-ccw/,webpage_embeds_pdf
ventura,Tactical Firearms Training Institute,Dave Manning,https://www.tacfire.com,(805) 890-1778,dave@tacfire.com,Santa Paula,CA,https://sheriff.venturacounty.gov/public-resources/carry-a-concealed-weapon-ccw/,webpage_embeds_pdf
ventura,Inglis CCW Firearm Training,Todd Inglis,https://www.inglisfirearmtraining.com,(805) 804-7776,inglisfirearmtraining@gmail.com,Ventura,CA,https://sheriff.venturacounty.gov/public-resources/carry-a-concealed-weapon-ccw/,webpage_embeds_pdf
ventura,California Tactical Academy,Jennifer Porter,https://ctala.com,(805) 479-7222,myfirearms@gmail.com,,CA,https://sheriff.venturacounty.gov/public-resources/carry-a-concealed-weapon-ccw/,webpage_embeds_pdf
ventura,Professional Firearms Training Academy,Miguel Viesca,https://www.professionalfirearmstraining.com,(805) 302-9600,mviesca@pftai.com,Oxnard,CA,https://sheriff.venturacounty.gov/public-resources/carry-a-concealed-weapon-ccw/,webpage_embeds_pdf
ventura,ENC Training - Empowered Not Cowered,Jeanne Raede,,(805) 901-2858,enc.ccw@gmail.com,,CA,https://sheriff.venturacounty.gov/public-resources/carry-a-concealed-weapon-ccw/,webpage_embeds_pdf
ventura,Military and Police Advisory Group,Robert Gager,,(805) 797-5567,rp_gager@yahoo.com,Newbury Park,CA,https://sheriff.venturacounty.gov/public-resources/carry-a-concealed-weapon-ccw/,webpage_embeds_pdf
ventura,Ventura CCW,Shawn Lindstrom,https://www.venturaccw.com,(805) 765-1486 or (805) 415-2310,calgunstraining@gmail.com,,CA,https://sheriff.venturacounty.gov/public-resources/carry-a-concealed-weapon-ccw/,webpage_embeds_pdf
ventura,Greg Sonnenburg,,,(805) 501-0478,csacannoneer@yahoo.com,Thousand Oaks,CA,https://sheriff.venturacounty.gov/public-resources/carry-a-concealed-weapon-ccw/,webpage_embeds_pdf
ventura,MV Tactical & Firearms,Brian Fitzpatrick,,(310) 720-2028,brian@mvtactical-firearmstraining.com,Thousand Oaks,CA,https://sheriff.venturacounty.gov/public-resources/carry-a-concealed-weapon-ccw/,webpage_embeds_pdf
ventura,Critical Advantage Consulting,David Songer,https://www.criticaladvantage.org,(805) 761-8068 or (805) 407-5023,songer@criticaladvantage.org,Ventura,CA,https://sheriff.venturacounty.gov/public-resources/carry-a-concealed-weapon-ccw/,webpage_embeds_pdf
ventura,Action Firearms Training,Daniel C. Shaffer,,(805) 857-4720,ccwfirearmstraining@yahoo.com,Simi Valley,CA,https://sheriff.venturacounty.gov/public-resources/carry-a-concealed-weapon-ccw/,webpage_embeds_pdf
ventura,Apex Firearms Training,Scott Druyun,https://www.laccw.net,(818) 825-8760,scott@laccw.net,Simi Valley,CA,https://sheriff.venturacounty.gov/public-resources/carry-a-concealed-weapon-ccw/,webpage_embeds_pdf
ventura,Worthan's Gun,Brian Worthan,,(805) 415-1547,brian@worthan.net,,CA,https://sheriff.venturacounty.gov/public-resources/carry-a-concealed-weapon-ccw/,webpage_embeds_pdf
ventura,True Aim CCW Certification,Dennis G. Shaffer,https://www.ccwcertification.com,(805) 426-9904,training@ccwcertification.com,Simi Valley,CA,https://sheriff.venturacounty.gov/public-resources/carry-a-concealed-weapon-ccw/,webpage_embeds_pdf
ventura,Covered 6,Jacob Sanchez,https://www.covered6.com,(805) 926-2055 or (805) 231-4164,jacob.sanchez@covered6.com,Moorpark,CA,https://sheriff.venturacounty.gov/public-resources/carry-a-concealed-weapon-ccw/,webpage_embeds_pdf
ventura,Black Moon Tactical,Gary Pentis,,(805) 947-8074,blkmoontactical@gmail.com,,CA,https://sheriff.venturacounty.gov/public-resources/carry-a-concealed-weapon-ccw/,webpage_embeds_pdf
ventura,308 Tactical,Will Miller,https://www.308tac.com,(805) 585-5220,william.miller@308tac.com,Lake Sherwood,CA,https://sheriff.venturacounty.gov/public-resources/carry-a-concealed-weapon-ccw/,webpage_embeds_pdf
ventura,CCW Permit Training and Renewals,Michael Kennedy,,(805) 843-4323,mikekennedy.author@gmail.com,,CA,https://sheriff.venturacounty.gov/public-resources/carry-a-concealed-weapon-ccw/,webpage_embeds_pdf
ventura,Home Grown Safety,Brandy Lengning,https://homegrownsafety.com,(805) 804-7406,brandy@homegrownsafety.com,Fillmore,CA,https://sheriff.venturacounty.gov/public-resources/carry-a-concealed-weapon-ccw/,webpage_embeds_pdf
ventura,Safe Insight,Michael Cox,https://www.safeinsight.net,(877) 217-7233,instruction@safeinsight.net,,CA,https://sheriff.venturacounty.gov/public-resources/carry-a-concealed-weapon-ccw/,webpage_embeds_pdf
ventura,Lapointe Firearms Training,James Lapointe,,(805) 402-0732,rdtllc@yahoo.com,,CA,https://sheriff.venturacounty.gov/public-resources/carry-a-concealed-weapon-ccw/,webpage_embeds_pdf
ventura,Chelsea Enterprise,Bruce Duckhart,,(805) 750-2291,chelsea.firearms@yahoo.com,Thousand Oaks,CA,https://sheriff.venturacounty.gov/public-resources/carry-a-concealed-weapon-ccw/,webpage_embeds_pdf
ventura,Argent Force Industries,John M. Smith,,(805) 222-5709,jmsgen@yahoo.com,Moorpark,CA,https://sheriff.venturacounty.gov/public-resources/carry-a-concealed-weapon-ccw/,webpage_embeds_pdf
ventura,Tanner Carpenter,,,(805) 328-8265,carpentertanner@gmail.com,Santa Paula,CA,https://sheriff.venturacounty.gov/public-resources/carry-a-concealed-weapon-ccw/,webpage_embeds_pdf
ventura,Covered 6,Chris Dunn,https://www.covered6.com,(805) 926-2055 or (818) 335-7205,chris@covered6.com,Moorpark,CA,https://sheriff.venturacounty.gov/public-resources/carry-a-concealed-weapon-ccw/,webpage_embeds_pdf
ventura,Dennis Haggard,,,(805) 405-4721,haggard.dennis@gmail.com,,CA,https://sheriff.venturacounty.gov/public-resources/carry-a-concealed-weapon-ccw/,webpage_embeds_pdf
ventura,Tim Trinh,,https://www.caliccw.com,(844) 573-9739,training@caliccw.com,,CA,https://sheriff.venturacounty.gov/public-resources/carry-a-concealed-weapon-ccw/,webpage_embeds_pdf
ventura,Tacteam,Larry Guevara,,(805) 216-5427,tacteamccw@yahoo.com,Oxnard,CA,https://sheriff.venturacounty.gov/public-resources/carry-a-concealed-weapon-ccw/,webpage_embeds_pdf
ventura,Martin Rudzinski,,,(805) 914-4328,martinrudzinski@yahoo.com,Camarillo,CA,https://sheriff.venturacounty.gov/public-resources/carry-a-concealed-weapon-ccw/,webpage_embeds_pdf
ventura,CMA Enterprises,Clement Alberts,,(805) 824-3650 or (805) 382-4548,km6okz@gmail.com,Oxnard,CA,https://sheriff.venturacounty.gov/public-resources/carry-a-concealed-weapon-ccw/,webpage_embeds_pdf
ventura,Victor Charlie Armory,Justin Young,https://www.vc-armory.com,(805) 320-7729,justin@vcarmory.com,Ventura,CA,https://sheriff.venturacounty.gov/public-resources/carry-a-concealed-weapon-ccw/,webpage_embeds_pdf
yuba,A Best CCW Training,,,916-744-6969,john@bestccwtraining.com,,,https://cms7files.revize.com/yubaca/Yuba%20County/Sheriff/CCW/CCW%20Instructors%20list%207-1-25.pdf,pdf
yuba,API Academy,,,530-749-0283,mike_hahn@eliteuniversalsecurity.com,,,https://cms7files.revize.com/yubaca/Yuba%20County/Sheriff/CCW/CCW%20Instructors%20list%207-1-25.pdf,pdf
yuba,Bad Moon Shooting,,,530-988-8772,Steve@BadMoonShooting.com,,,https://cms7files.revize.com/yubaca/Yuba%20County/Sheriff/CCW/CCW%20Instructors%20list%207-1-25.pdf,pdf
yuba,Bellicose Family Safety Solution,,,530-570-2746,bellicosefss@gmail.com,,,https://cms7files.revize.com/yubaca/Yuba%20County/Sheriff/CCW/CCW%20Instructors%20list%207-1-25.pdf,pdf
yuba,CCW Shooters,,,916-207-7350,mike@ccwshooters.com,,,https://cms7files.revize.com/yubaca/Yuba%20County/Sheriff/CCW/CCW%20Instructors%20list%207-1-25.pdf,pdf
yuba,CONseale,,,530-632-4101,john@conseale.com,,,https://cms7files.revize.com/yubaca/Yuba%20County/Sheriff/CCW/CCW%20Instructors%20list%207-1-25.pdf,pdf
yuba,Crossed Star Firearms,,,530-790-5187,crossedstarfirearms@yahoo.com,,,https://cms7files.revize.com/yubaca/Yuba%20County/Sheriff/CCW/CCW%20Instructors%20list%207-1-25.pdf,pdf
yuba,DAFAST,,,916-838-4926,DAFASTraining@gmail.com,,,https://cms7files.revize.com/yubaca/Yuba%20County/Sheriff/CCW/CCW%20Instructors%20list%207-1-25.pdf,pdf
yuba,Down Range,,,530-896-1992,info@downrangechico.com,,,https://cms7files.revize.com/yubaca/Yuba%20County/Sheriff/CCW/CCW%20Instructors%20list%207-1-25.pdf,pdf
yuba,Essential Self Defense,,,530-713-2070,tawadc95@yahoo.com,,,https://cms7files.revize.com/yubaca/Yuba%20County/Sheriff/CCW/CCW%20Instructors%20list%207-1-25.pdf,pdf
yuba,Family Defense Training LLC,,,707-334-7740,info@famdefenseccw.com,,,https://cms7files.revize.com/yubaca/Yuba%20County/Sheriff/CCW/CCW%20Instructors%20list%207-1-25.pdf,pdf
yuba,Miladi Defense,,,530-751-9400,sk@miladigroup.com,,,https://cms7files.revize.com/yubaca/Yuba%20County/Sheriff/CCW/CCW%20Instructors%20list%207-1-25.pdf,pdf
yuba,My CCW Now,,,775-842-1289,rescue4me@live.com,,,https://cms7files.revize.com/yubaca/Yuba%20County/Sheriff/CCW/CCW%20Instructors%20list%207-1-25.pdf,pdf
yuba,NorCal Tactical,,,530-713-7470,NorCalTacticalSales@gmail.com,,,https://cms7files.revize.com/yubaca/Yuba%20County/Sheriff/CCW/CCW%20Instructors%20list%207-1-25.pdf,pdf
yuba,Precision Firearms Training Solutions,,,916-398-3822,info@precisionfirearmstrainingsolutions.com,,,https://cms7files.revize.com/yubaca/Yuba%20County/Sheriff/CCW/CCW%20Instructors%20list%207-1-25.pdf,pdf
yuba,Reinhardt Firearms Instruction,,,530-635-4733,bigrugman@gmail.com,,,https://cms7files.revize.com/yubaca/Yuba%20County/Sheriff/CCW/CCW%20Instructors%20list%207-1-25.pdf,pdf
yuba,Shooters Paradise,,,530-673-4100,info@spyc.com,,,https://cms7files.revize.com/yubaca/Yuba%20County/Sheriff/CCW/CCW%20Instructors%20list%207-1-25.pdf,pdf
yuba,STTARR,,,760-784-0699,joe@sttarr.net,,,https://cms7files.revize.com/yubaca/Yuba%20County/Sheriff/CCW/CCW%20Instructors%20list%207-1-25.pdf,pdf
yuba,Twin Cities Rod and Gun Club,,,530-790-0464,twincitiesgunclubccw@gmail.com,,,https://cms7files.revize.com/yubaca/Yuba%20County/Sheriff/CCW/CCW%20Instructors%20list%207-1-25.pdf,pdf
yuba,California Online CCW,,,559-294-9400,INFO@CALIFORNIAONLINECCW.COM,,,https://cms7files.revize.com/yubaca/Yuba%20County/Sheriff/CCW/CCW%20Instructors%20list%207-1-25.pdf,pdf
