county,vendor_name,instructor_names,email,phone,website_url,booking_capability,city,state,address,price_16hr_full,price_8hr_renewal,price_add_a_gun,vendor_description,crawl_status,enrichment_confidence,confidence_notes,logo_path,instructor_image_paths,training_image_paths,enriched_at
alpine,California Online CCW,,,530-694-2231,https://californiaonlineccw.com/alpine-county-so,inquiry_only,Markleeville,CA,"99 Water St, Markleeville, CA 96120",,,,"The Alpine County Sheriff's Office provides CCW services covering roughly 1,100 square miles of Alpine County. They require appointments for shooting qualifications with a $150 fee for the live-fire portion. Non-resident applicants must complete a 16-hour course and arrange shooting qualification through the department.",success,low,"This appears to be a Sheriff's Office providing CCW services rather than a training vendor. Only found shooting qualification fee of $150, no course pricing or training details.",alpine/californiaonlineccw-com/logo.jpg,,,2026-04-13T04:37:12+00:00
alpine,Case Defensive Training Group,,,209-665-5541,https://casedefensivetraininggroup.com,inquiry_only,Angels Camp,CA,"The Angels Gun Club, Angels Camp, CA 95222",300,200,,"Case Defensive Training Group provides firearms training and CCW classes taught by Andrea and Chad Case, both Certified Deadly Force Instructors. They specialize in educating students on the judicious use of deadly force, covering California laws, mock scenarios, and court cases that emphasize justifiable self defense. The training is conducted at the Angels Gun Club in Angels Camp, CA and is currently approved by multiple law enforcement agencies including Angels PD, Jackson PD, and several county sheriff's offices.",success,high,"Clear pricing for CCW courses, specific location, detailed instructor credentials, and comprehensive description of services. Registration is email-based inquiry only.",,alpine/casedefensivetraininggroup-com/instructor_1.jpg|alpine/casedefensivetraininggroup-com/instructor_2.jpg|alpine/casedefensivetraininggroup-com/instructor_3.jpg,,2026-04-13T04:37:12+00:00
alpine,Dynamic CCW Academy,,,209-770-5550,https://calaverasccw.com,inquiry_only,Arnold,CA,"2403 Gun Club Rd, Angels Camp, CA 95222",,,,"Dynamic CCW Academy is led by instructors Tim and Mike, who are recognized for their depth of knowledge and professional approach to CCW training. The academy provides comprehensive CCW certification classes with well-structured material, real-life examples, and thorough explanation of firearm operation and concepts. They offer ongoing support to students after course completion, providing continued advice and references.",success,low,"Found contact information and good testimonial describing the business, but no pricing information, course structure details, or clear booking process. Website appears to focus on video content rather than course details.",alpine/calaverasccw-com/logo.jpg,,,2026-04-13T04:37:12+00:00
alpine,Northern Firearms Instruction,,,530-776-4855,https://countyccw.com,inquiry_only,,CA,"11091 Rhyolite Dr #1, Redding, CA 96003",,,,"Northern Firearms Instruction is a team of highly experienced NRA-credentialed instructors operating throughout California, serving over 50 counties and cities. They specialize in California CCW courses for both new and experienced shooters, teaching in a stress-free learning environment with private ranges and classrooms. NFI maintains strict instructor-to-student ratios and holds certifications including CA CCW, NRA Pistol, NRA Personal Protection, and DOJ Firearms Instruction.",success,medium,"Found good vendor description and multiple training locations, but no pricing information available and booking appears to require phone contact rather than direct online booking",,,alpine/countyccw-com/training_1.jpg|alpine/countyccw-com/training_2.jpg,2026-04-13T04:37:12+00:00
alpine,Sierra CCW Firearms Training,,,530-563-6397,https://www.sierraccw.net/,direct_booking,Truckee,CA,"10000 Truckee Airport Rd, Truckee, CA 96161",750,500,,"Sierra CCW provides objective, evidence-based instruction for California concealed carry classes in Truckee, California. The company is founded by Robert G. Scott, a Certified CCW Instructor, Range Safety Officer, and author of the California CCW Handbook. Sierra CCW offers one-on-one instruction scheduled at your convenience and specializes in classes designed for applicants with critical self-defense needs.",success,medium,"Clear pricing for full courses and direct booking capability, but no street address found and no information about add-a-gun pricing or day-by-day pricing breakdown",,,,2026-04-14T20:40:57+00:00
amador,Accuracy Firearm Training,,Exglock@gmail.com,916-316-6996,https://accuracyfirearm.com/,direct_booking,Rocklin,CA,"15501 Meiss Road, Sloughhouse, California 95683, United States",,,,"Accuracy Firearm Training provides CCW initial and renewal courses at Sacramento Valley Shooting Center, a private 851-acre outdoor range in Sloughhouse, CA. Led by NRA-certified instructor Razmik Carapetian (Mick), who has military background and competitive shooting experience with 8+ years of instruction and a 100% safety record. The company emphasizes safe, friendly training environments and offers classes for multiple California counties including Sacramento, Placer, and Contra Costa.",success,medium,"Clear booking capability and strong vendor description found, but no pricing information visible on the website content provided. Schedule shows 2-day courses but pricing details are missing.",amador/accuracyfirearm-com/logo.jpg,,,2026-04-14T20:40:57+00:00
amador,All American Safety LLC,Rick Tran,AllAmericanSafetyLLC@gmail.com,916-267-3882,https://allamericansafetyllc.com/,direct_booking,El Dorado Hills,CA,"15501 Meiss Road, Sloughhouse, CA 95683",350,150,,"All American Safety LLC is led by Rick, a firearms advisor serving the Sacramento region with over a decade of law enforcement experience. As an FBI-Certified Firearms Instructor and Certified CA Department of Justice Instructor, Rick specializes in firearms training, concealed carry weapons, everyday carry, urban survival, and responsible gun ownership. The company offers various pistol training levels from basic to advanced, along with CCW classes and women's-only training options.",success,medium,"Clear booking capability and CCW pricing found. Renewal class is listed as 4-hour (not the standard 8-hour), so mapped to null. No separate day pricing for 16hr course or add-a-gun fees found. Address is for the range location, not business address.",,,amador/allamericansafetyllc-com/training_1.jpg|amador/allamericansafetyllc-com/training_2.jpg|amador/allamericansafetyllc-com/training_3.jpg,2026-04-14T20:40:57+00:00
amador,Amador CCW Instruction,Mike Neff,mikeneff@volcano.net,209-304-1420,http://www.amadorccw.com/,inquiry_only,Fiddletown,CA,"11310 Prospect Drive #10-2, Jackson, CA 95642",,,,"Amador CCW provides firearms training conducted at a private range by appointment. Led by Mike Neff, a DOJ certified instructor and NRA Pistol Instructor, the company serves as an approved instructor for Amador and Tuolumne Counties. They offer personalized training with flexible scheduling to meet individual needs.",success,low,"No pricing information found. Basic contact info and credentials available, but limited details about specific course offerings or booking process beyond appointment-based training.",,,,2026-04-14T20:40:57+00:00
amador,Applied Firearms Training LLC,Don Sozzi,,209-981-7325,,,Plymouth,CA,,,,,,no_website,,,,,,2026-04-13T04:37:12+00:00
amador,Archer CCW,Kevin Archer,kma_4040@hotmail.com,559-760-0746,,,,CA,,,,,,no_website,,,,,,2026-04-13T04:37:12+00:00
amador,Basic Firearms Training,Philip Webster,,916-718-0976,https://www.basicfirearmstraining.net,direct_booking,Sacramento,CA,,260,175,87,"Basic Firearms Training is a veteran-owned training provider in Sacramento offering California CCW courses, BSIS firearms and security officer skills training, and retired law enforcement qualifications. They provide comprehensive firearms instruction taught by certified instructors with over 15 years of experience. The company emphasizes safety-focused training with hands-on experience and meets all California certification standards including Senate Bill 2 compliance.",success,high,"Clear pricing found for most courses, direct booking available via 'register online', detailed vendor description. Missing specific address and individual day pricing breakdown.",amador/basicfirearmstraining-net/logo.jpg,amador/basicfirearmstraining-net/instructor_1.jpg|amador/basicfirearmstraining-net/instructor_2.jpg|amador/basicfirearmstraining-net/instructor_3.jpg,amador/basicfirearmstraining-net/training_1.jpg|amador/basicfirearmstraining-net/training_2.jpg|amador/basicfirearmstraining-net/training_3.jpg,2026-04-13T04:37:12+00:00
amador,Bellicose Family Safety Solutions,,,530-272-2465,,,Grass Valley,CA,"13732 Mallory Ct, Grass Valley, CA 95949",,,,,parse_error,,,,,,2026-04-14T20:40:57+00:00
amador,Cali Gunlady,Erica Mitchell,CaliGunLady@gmail.com,209-637-7085,https://www.yelp.com/biz/gunlady-defensive-firearms-training-sloughhouse-2,inquiry_only,Sloughhouse,CA,"15501 Meiss Rd, Sloughhouse, CA 95683",,,,"Gunlady Defensive Firearms Training provides firearms training for law-abiding citizens who want the ability to protect themselves or their loved ones. Each person who receives training is treated as an individual, with lessons adjusted based on skill level and areas of concern. The course covers responsible and ethical firearm use for personal protection, proper mindset and mental awareness, plus range training including dry practice and live fire with emphasis on safety, situational awareness, and gun handling skills.",success,low,"Found good address and vendor description from business info, but no pricing information for CCW courses. Reviews mention CCW classes but no specific costs. Booking appears to be via email/phone contact based on review mentioning 'a few emails' to set up training.",amador/yelp-com/logo.jpg,,amador/yelp-com/training_1.jpg|amador/yelp-com/training_2.jpg|amador/yelp-com/training_3.jpg,2026-04-14T20:40:57+00:00
amador,Conway Defense,,NTConway@comcast.net,209-762-7862,,,,CA,,,,,,no_website,,,,,,2026-04-13T04:37:12+00:00
amador,Defensive Accuracy,,,408-687-3791,https://www.daccw.com,inquiry_only,Lodi,CA,"1350 B Mettler Rd, Lodi, CA 95242",,,60,"Defensive Accuracy is a California firearms instruction company serving the Bay Area and Central Valley that offers CCW initial training, renewals, and modifications. They provide private CCW classes and LEOSA qualifications, with services available by calling their instructor Denise. The company also offers various NRA instructor training courses throughout the year.",success,low,Limited pricing information found - only $60 fee which appears to be for modifications/add-a-gun based on context. No specific pricing for initial or renewal courses. Booking requires phone call to Denise. No physical address provided.,amador/daccw-com/logo.png,,,2026-04-13T04:37:12+00:00
amador,Delta Romeo Firearms Training,Darren Riddiough,,916-462-7158,https://www.deltaromeoft.com,direct_booking,Fair Oaks,CA,,,210,,"Delta Romeo Firearms Training LLC is a dedicated firearms training company based in Reno, Nevada, founded by Darren Riddiough who combines executive chef coaching experience with firearms instruction credentials. They offer comprehensive training programs for all skill levels including beginners, experts, military and law enforcement, with classes covering CCW, pistol fundamentals, defensive shooting, carbine training, and home defense. The company focuses on providing fun and safe educational experiences while helping the community better understand firearms safety, manipulation and defense.",success,medium,"Clear pricing and booking capability found, but no 16hr course pricing or street address. Vendor offers 8hr initial CCW class which is somewhat unusual.",amador/deltaromeoft-com/logo.jpg,,amador/deltaromeoft-com/training_1.jpg|amador/deltaromeoft-com/training_3.jpeg,2026-04-13T04:37:12+00:00
amador,Forensic Consultant Services,Michael Oliveira,,209-795-0985,,,Arnold,CA,,,,,,no_website,,,,,,2026-04-13T04:37:12+00:00
amador,Gold Country Firearms,Joe Dirickx,ccwtrainer@live.com,209-223-0000,https://www.gcfguns.com,inquiry_only,Jackson,CA,,,,,"Gold Country Firearms provides CCW training courses that combine classroom instruction with live-fire range qualification. Their comprehensive curriculum covers handgun safety, operation, firearms laws, defensive shooting techniques, and crisis situation survival skills. The courses include both California and Utah non-resident permit training options.",success,low,"No pricing information found, no direct booking system visible, contact is email/phone only. Address not provided on website content. Course outline is detailed but no specific pricing or scheduling information available.",,amador/gcfguns-com/instructor_1.jpg|amador/gcfguns-com/instructor_2.jpg,,2026-04-13T04:37:12+00:00
amador,Lagomarsino's Firearm,Wesley Lagomarsino,,209-401-0907,https://www.lfiguns.com,inquiry_only,Sloughhouse,CA,,200,100,,"Lagomarsino's Firearms Institute offers California CCW courses three times per month in the Sacramento area, taught by instructor Wes Lagomarsino. The institute provides both initial 16-hour CCW courses and renewal courses, along with progressive pistol training from basic to advanced levels. They also offer courses for multiple states including Utah, Nevada, Arizona, Florida, Oregon, and Virginia, with private lessons available upon request.",success,medium,"Clear pricing structure with 2-day courses at $200 and 1-day courses at $100, but specific breakdown between Day 1/Day 2 not provided. No physical address found. Contact info suggests phone-only booking. Strong vendor description available from website content.",,,amador/lfiguns-com/training_1.jpeg|amador/lfiguns-com/training_2.jpg|amador/lfiguns-com/training_3.jpg,2026-04-13T04:37:12+00:00
amador,Make Ready Firearms Training,Samuel Paredes,,916-717-0908,https://mkr-training.com/,inquiry_only,Folsom,CA,,,,,"Make Ready Firearms Training provides comprehensive firearms education in Coeur d'Alene, Idaho, serving everyone from newcomers to seasoned professionals. They offer a range of courses including introduction to firearms, gun safety classes, private instruction, tactical training, and group classes. The company emphasizes principle-based, purpose-built training that goes beyond basic range time to deliver world-class firearms education focused on safety, precision, and real-world readiness.",success,low,"No pricing information found, no specific address provided (only city/state), and no clear booking system visible. The website appears to be for a general firearms training company rather than specifically CCW permit courses.",,amador/mkr-training-com/instructor_1.webp|amador/mkr-training-com/instructor_2.webp,amador/mkr-training-com/training_1.png|amador/mkr-training-com/training_2.png|amador/mkr-training-com/training_3.webp,2026-04-14T20:40:57+00:00
amador,Morgan Training Center,Donald Morgan,MorganTrainingCenter@gmail.com,916-296-7873,https://www.shootingclasses.com/morgantrainingcenter/,inquiry_only,Elk Grove,CA,,,,,"Morgan Training Center is a veteran-owned small business operating since 1999, led by Donald Morgan who has backgrounds in military, law enforcement, and emergency services. The center provides USCCA-certified firearms training including concealed carry and home defense fundamentals, defensive shooting fundamentals, and women's handgun self-defense courses. They also offer emergency first aid fundamentals and CPR/AED training, combining firearms instruction with medical emergency preparedness.",success,low,"Found good vendor background and course offerings but no pricing information, specific address, or class scheduling details. All courses show 'No Upcoming Classes' requiring contact for enrollment.",,amador/shootingclasses-com/instructor_2.png,amador/shootingclasses-com/training_1.png,2026-04-14T20:40:57+00:00
amador,New Man's Karate,,,530-622-2330,https://newmanskarate.com/,inquiry_only,Placerville,CA,"4568 Missouri Flat Rd Ste. 3&4, Placerville, CA 95667",,,,New Man's Karate is a martial arts school established in 1994 that offers NRA Certified firearms courses alongside their martial arts programs. They provide CCW classes and other skill-building firearm training as part of their comprehensive offerings. The school serves students ranging from 4 to 79 years old and prides itself on safe gun handling practices and well thought out firearms training programs.,success,low,"While the site mentions they offer CCW classes and NRA certified firearms training, no specific pricing, course details, or booking information is provided for the CCW programs. The site focuses primarily on martial arts with firearms training mentioned briefly.",,,amador/newmanskarate-com/training_1.jpg,2026-04-14T20:40:57+00:00
amador,NTS Next Threat Solutions,,info@nextthreatsolutions.com,916-306-7959,https://www.nextthreatsolutions.com,inquiry_only,El Dorado Hills,CA,"4641 Post Street, Attn: Box 5119, El Dorado Hills, CA 95762",,,,"Next Threat Solutions is a firearms training company that actively supports the sustainment and growth of responsibly armed and prepared American communities through personal protection and individual resilience focused education, training, and advocacy. They operate under the motto 'You Will Fight Like You Train, So Train Well And Train Hard' and offer various courses and training programs.",success,low,"Only found basic mission statement and contact info. No pricing, specific course details, or clear booking process visible. Navigation suggests courses exist but content not provided.",amador/nextthreatsolutions-com/logo.jpg,,,2026-04-13T04:37:12+00:00
amador,Peabody's Gun Range,,geofpeabody@gmail.com,916-644-0991,https://peabodysgunrange.com,,Placerville,CA,,,,,,success,low,Website content appears to be unrelated to firearms training - shows Vietnamese sports betting content instead of CCW training information,amador/peabodysgunrange-com/logo.webp,,amador/peabodysgunrange-com/training_1.webp|amador/peabodysgunrange-com/training_2.webp|amador/peabodysgunrange-com/training_3.jpg,2026-04-13T04:37:12+00:00
amador,One on One Firearm Instruction,Joseph Truesdale,,916-494-9663,,,Rocklin,CA,"10398 Rockingham Dr #18, Sacramento, CA 95827",,,,,success,low,Website content appears to be unrelated to firearm instruction - contains only software crack/piracy content with no CCW training information,,,,2026-04-13T04:37:12+00:00
amador,Peoples Firearms Training,,,916-647-7632,https://www.facebook.com/pftraining.us/,,Ione,CA,,,,,,success,low,"Only header information provided - no content about services, pricing, booking, or vendor description available",,,,2026-04-14T20:40:57+00:00
amador,Pistols In The Pines,Laura Parker,,530-919-3964,https://pistolsinthepines.com/,inquiry_only,Placerville,CA,"1378 Broadway, Placerville, CA 95667",325,225,,"Pistols In The Pines is a women's firearms training company in Placerville, CA, operated by an NRA-certified female instructor. They specialize in empowering women through comprehensive firearms training in a supportive, comfortable environment. The company offers CCW courses, basic pistol training, and personal instruction, with a focus on safety, proficiency, and building confidence for women seeking to protect themselves and their loved ones.",success,medium,"Clear pricing found for 16hr initial CCW ($325) and 8hr renewal ($225). Only partial address (Placerville, CA 95667) found. Booking appears to be inquiry-only through contact form. No separate day pricing or add-a-gun fees found.",amador/pistolsinthepines-com/logo.png,,,2026-04-14T20:40:57+00:00
amador,Protection Plus Tactics,,,916-577-2522,https://www.protectionplustactics.com,direct_booking,Loomis,CA,"3877 Shawn Way Suite 100, Loomis, CA 95650",275,150,,"Protection Plus Tactics is Northern California's elite gun shop and training academy located in Loomis, CA, specializing in self-defense firearms sales, services, and training. They offer both private and group instruction for all skill levels, including Concealed Carry (CCW) and firearm safety classes, as well as courses on pistol, shotgun, long-distance shooting, carbine rifle, hand combatives, and tactical combat casualty care. The academy is led by Don, a decorated Marine combat veteran, and features a private range for personalized training experiences.",success,medium,"Found clear pricing for initial CCW ($275) and renewal ($150), plus direct booking capability. However, unclear if this is 16hr vs 8hr pricing structure, and no street address found despite Loomis, CA location mentioned.",amador/protectionplustactics-com/logo.jpg,,amador/protectionplustactics-com/training_1.jpg|amador/protectionplustactics-com/training_2.jpg|amador/protectionplustactics-com/training_3.jpg,2026-04-13T04:37:12+00:00
amador,ROZO Tactical,,,209-916-5113,,,Copperopolis,CA,,,,,,success,low,"This appears to be ROZO Group corporate furnished rentals, not ROZO Tactical firearms training. No CCW training content, pricing, or booking information found. Website is entirely focused on property management and furnished rentals.",amador/rozotactical-com/logo.png,,amador/rozotactical-com/training_1.jpg|amador/rozotactical-com/training_2.jpg|amador/rozotactical-com/training_3.jpg,2026-04-13T04:37:12+00:00
amador,RMC Firearms Instruction,Robert Cristoni,ccwinstr@gmail.com,916-747-3817,,,Foresthill,CA,,,,,,no_website,,,,,,2026-04-13T04:37:12+00:00
amador,Security Academy at McClellan,,,916-333-5308,,,McClellan,CA,"2409 Dean St #100, McClellan Park, CA 95652",,,,,no_website,,,,,,2026-04-13T04:37:12+00:00
amador,SAFETraining.us,,,,https://SAFETraining.us,,El Dorado,CA,,,,,,failed,,,,,,2026-04-14T20:40:57+00:00
amador,"Solution Six:8, Inc",,mrayfield@solution68.com,916-753-1865,https://www.solution68.com,inquiry_only,Elk Grove,CA,"9381 E. Stockton Blvd. Suite 200 Elk Grove, CA 95624",,,,,success,low,"This appears to be a private investigation and security consulting firm, not a CCW training vendor. No CCW courses, pricing, or firearms training mentioned on the website.",,,,2026-04-13T04:37:12+00:00
amador,Spartan Defense,Fidel,,209-202-8283,https://www.trainwithspartan.com/,direct_booking,Valley Springs,CA,"1711 Watertown Rd, Valley Springs, CA 95252",,,,"Spartan Defense LLC is a veteran-owned firearms training company established in 2013 that provides safe and practical firearms instruction across Northern California. They offer training for handguns, shotguns, carbine rifles, and precision rifles through both public classes and private instruction, with locations in Linden, Concord, and San Jose. The company provides First Responder and Military discounts and emphasizes responsible self-defense training.",success,low,"Website has booking capability and good company description, but no pricing information found for CCW courses. Multiple range locations listed but no specific street address for the main business.",amador/trainwithspartan-com/logo.jpg,,,2026-04-14T20:40:57+00:00
amador,Taylor Total Training Solutions Group,,,855-550-8755,https://ttsgi.com/,inquiry_only,Lake Havasu,AZ,,,,,"Total Training Solutions Group is a comprehensive firearms training company that offers CCW certifications and re-certifications across multiple states including Arizona, California, Florida, Minnesota, Nevada, and Utah. They provide practical instruction with experienced, accredited firearm instructors who focus on student success rather than ego-driven approaches. The company offers specialized courses for women, senior citizens, and persons with physical impairments, along with advanced training options including LaserShot simulator training and Force on Force scenarios.",success,medium,"Found clear pricing for 8hr initial CCW courses ($45 for most states, $100 for Nevada) and good vendor description. However, no specific address found despite Lake Havasu location mentioned, no 16hr course pricing, and booking appears to require contacting them directly rather than online booking.",,,amador/ttsgi-com/training_1.jpg|amador/ttsgi-com/training_2.jpg,2026-04-14T20:40:57+00:00
amador,Vandagriff Consulting,Erik Vandagriff,evandagriff@sebastiancorp.net,530-320-8858,,,Foresthill,CA,,,,,,no_website,,,,,,2026-04-13T04:37:12+00:00
amador,Weapons Training School,,,209-532-6677,https://www.weaponstrainingschool.com,inquiry_only,Jamestown,CA,"43545 Tuolumne Rd, Tuolumne, CA",,,,"Weapons Training School offers California CCW certification courses including 16-hour new applicant courses and 8-hour renewal courses, along with private lessons for handgun, rifle, and shotgun training. They emphasize proper preparation and safety, requiring students to bring their own firearms, ammunition, and safety equipment for live-fire qualifications. The school serves multiple counties and focuses on testing proficiency rather than basic training.",success,medium,Found course offerings and vendor description but no pricing information. Booking appears to be inquiry-based through email/phone contact. Address shows P.O. Box in Copperopolis but vendor location listed as Jamestown.,,,,2026-04-13T04:37:12+00:00
amador,West Point Concealed Weapons Training,G.L Young,,209-293-4527,https://wpcwt.com/,inquiry_only,West Point,CA,"910 Bald Mountain Rd., West Point, CA 95255",,,,"West Point Concealed Weapons Training offers California CCW and Utah concealed firearm permit training with instructors certified by the NRA, California DOJ, and State of Utah. They provide comprehensive courses using non-lethal laser training firearms in the classroom combined with live fire drills at the range using IDPA, law enforcement combat, and B-27 silhouette targets. The company offers 16-hour initial certification courses, 8-hour renewal courses, home defense training, and FSC certification.",success,low,No pricing information found anywhere on the website. Contact form suggests inquiry-only booking. Good description available but missing all pricing data.,,amador/wpcwt-com/instructor_1.jpg|amador/wpcwt-com/instructor_2.jpg,,2026-04-14T20:40:57+00:00
amador,Safely Carry,,safelycarry@gmail.com,916-296-4076,https://www.safelycarry.com,inquiry_only,El Dorado Hills,CA,"5170 Golden Foothill Pkwy, El Dorado Hills, CA 95762",,,,"Safely Carry provides CCW training classes for residents of El Dorado, Sacramento, Placer, and Amador counties in California. They offer inquiry-based scheduling through phone, text, or email contact, with upcoming class sign-ups available through their website.",success,low,"Website shows only basic contact information and service area. No pricing, specific course details, or address found. Booking appears to require inquiry first.",,,,2026-04-13T04:37:12+00:00
butte,Angel's Firearm Instruction,,djtdangel@sbcglobal.net,(530) 990-1807,https://www.angelsfirearmsinstruction.com,direct_booking,Chico,CA,,,,,"Angel's Firearms Instruction was founded by Dan Angel, a former Marine Scout Sniper and retired law enforcement professional with over 30 years of firearms experience. A.F.I. specializes in CCW training and long-range rifle instruction, with all CCW instructors being active or retired career law enforcement officers including SWAT operators and detectives. The company offers CCW classes for multiple California counties including Butte, Glenn, Tehama, and Sacramento, providing real-world instruction from the perspective of active law enforcement professionals.",success,low,"Found clear booking capability and good vendor description, but no pricing information was available on the website despite detailed class descriptions. Classes are offered with 'Pay Now' buttons but specific prices not disclosed.",butte/angelsfirearmsinstruction-com/logo.jpg,butte/angelsfirearmsinstruction-com/instructor_1.jpg|butte/angelsfirearmsinstruction-com/instructor_2.jpg|butte/angelsfirearmsinstruction-com/instructor_3.jpg,,2026-04-13T04:37:12+00:00
butte,AFI Crossed Star Firearms,,crossedstarfirearms@yahoo.com,(530) 790-5187,https://www.crossedstarfirearms.com,inquiry_only,Chico,CA,"12501 Loma Rica Rd, Marysville, CA 95901",300,175,,"AFI Crossed Star Firearms is a Northern California firearms instructor offering CCW classes and comprehensive firearms training for all levels of shooters. They provide 16-hour initial CCW courses, 8-hour renewal classes, multi-state CCW training, and various pistol instruction programs including ladies pistol courses. Their classes are approved for residents from multiple Northern California counties including Butte, Sacramento, Placer, and others.",success,medium,"Clear pricing found for renewal and full 16hr course, but no separate day pricing or address. Booking appears to require contacting them rather than direct online booking.",butte/crossedstarfirearms-com/logo.png,butte/crossedstarfirearms-com/instructor_1.png|butte/crossedstarfirearms-com/instructor_2.png,,2026-04-13T04:37:12+00:00
butte,Armed Safety Firearms Instruction,,armedsafety@yahoo.com,(530) 300-8000,,,Oroville,CA,,,,,,parse_error,,,,,,2026-04-14T20:40:57+00:00
butte,Down Range Indoor Training Center,,info@DownRangeChico.com,(530) 896-1992,https://www.downrangechico.com,unclear,Chico,CA,13407 Garner Ln,,,,"Down Range Indoor Training Center is Northern California's only 5-star rated range according to the National Shooting Sports Foundation, featuring the area's only 25-yard pistol, rifle and shotgun range. They offer comprehensive CCW and CCW renewal classes along with advanced pistol courses, specialized training for women and youth, and various defensive shooting scenarios. The facility also includes a full-service firearms retail area, on-site gunsmith, and serves as the area's only provider for professional-grade uniforms for police, fire, and EMS personnel.",success,low,"No pricing information found for any courses. Website mentions CCW and CCW renewal classes but no specific pricing, scheduling, or booking details. Class schedule and request pages referenced but not accessible in provided content.",butte/downrangechico-com/logo.png,,butte/downrangechico-com/training_1.png,2026-04-13T04:37:12+00:00
butte,Azevedo Firearms Training,,azevedofirearms@sbcglobal.net,(530) 518-9210,,,Biggs,CA,,,,,,no_website,,,,,,2026-04-13T04:37:12+00:00
butte,Echo Whiskey Tactical,,info@echowhiskeytactical.com,(530) 690-5599,https://www.echowhiskeytactical.com,inquiry_only,Durham,CA,,,,,"Echo Whiskey Tactical is a veteran-owned business that provides firearms and personal defense instruction from novice to expert levels. All instructors are certified law enforcement and military veterans with real-world critical incident experience. They offer CCW initial and renewal courses, tactical pistol training, workplace violence training, and private firearms courses throughout Northern California and Oregon.",success,low,"No pricing information found, no specific address beyond Durham CA, only general contact invitation for booking",,,,2026-04-13T04:37:12+00:00
butte,"Black Oak Training, Inc.",,info@blackoaktraining.com,(530) 624-1562,https://www.blackoaktraining.com,inquiry_only,Magalia,CA,"6005 Austin O'Brien Way, Magalia, CA 95954",,,,"Black Oak Training is a firearms training company in Magalia, CA offering comprehensive CCW courses including initial certification, renewals, and add-a-gun services. They provide a wide range of additional training including new shooter courses, marksmanship instruction, holstering classes, NRA RSO certification, and specialized programs like civilian TASER training and situational awareness. The company also offers CCW application assistance services and hunting day-trips.",success,low,"Website shows course offerings but no specific pricing information found. Only booking capability appears to be through 'LEARN MORE' links which suggest inquiry-based system. No street address provided, only city/state location.",butte/blackoaktraining-com/logo.png,,,2026-04-13T04:37:12+00:00
butte,Hammer Down,,info@hammerdowntactical.com,(530) 712-5432,https://www.hammerdowntactical.com,,Oroville,CA,,,,,,failed,,,,,,2026-04-13T04:37:12+00:00
butte,Chico Rod & Gun Club,,chicogunclub@gmail.com,(530) 715-0145,https://www.chicogunclub.org,unclear,Chico,CA,1456 UPPER PARK ROAD,,,,,success,low,"Website appears to be loading or mostly empty - only found basic contact info and a safety motto, no pricing or service details",,,,2026-04-13T04:37:12+00:00
butte,Miladi Defense,,staff@miladidefence.com,(530) 713-5139,https://www.miladidefense.com,direct_booking,Chico,CA,"950 Tharp Rd, Yuba City, CA 95993",,,,"Miladi Defense provides CCW certification courses in Yuba City, serving Yuba, Sutter, Placer, and Colusa counties. They offer the required 16-hour initial certification course and 8-hour renewal course covering firearm safety, handling, shooting techniques, and California concealed carry laws. The company also provides additional training options including fundamental handgun training and personal defense courses using laser technology.",success,low,"Clear booking capability and course descriptions found, but no pricing information available and no specific street address provided",,,,2026-04-13T04:37:12+00:00
butte,Monty's Combat Arms,,montyscombatarms@gmail.com,(530) 531-5150,,,Gridley,CA,,,,,,no_website,,,,,,2026-04-13T04:37:12+00:00
butte,Jim's Sporting Goods,,jhrogers@comcast.net,(530) 632-1462,https://jimssporting.com/,none,Biggs,CA,,,,,"Jim's Sporting Goods is a family-owned firearms retailer in Canton, Pennsylvania that serves the local community with quality sporting goods including firearms, ammunition, optics, and Liberty Safes. Their knowledgeable staff provides expert advice to customers from beginners to experts, with a commitment to exceptional service and a well-stocked showroom.",success,low,"This appears to be a firearms retailer/gun store, not a CCW training provider. No training services, pricing, or booking capabilities found - only retail firearm and sporting goods sales.",butte/jimssporting-com/logo.png,,butte/jimssporting-com/training_1.png|butte/jimssporting-com/training_2.jpg|butte/jimssporting-com/training_3.jpg,2026-04-14T20:40:57+00:00
butte,Northern Firearms Instruction,,Ted@usgunpro.com,(530) 999-1822,https://www.usgunpro.com,inquiry_only,Chico,CA,,,,,"Northern Firearms Instruction is a team of highly experienced NRA Firearms Instructors operating throughout California, serving over 50 counties and cities. They specialize in California CCW courses for both new and experienced shooters, offering California CCW, Ladies Only CCW, renewal classes, and basic firearms safety training. NFI claims to be considered the authority on CCW law and firearm training throughout California, with instructors who are NRA certified trainers, many being US military veterans or prior law enforcement.",success,medium,"Strong vendor description available but no pricing information found anywhere on the website. Booking appears to be inquiry-only based on 'Reserved Seating Only. Call Today!' messaging and class change request form, but no direct booking system visible.",,,,2026-04-13T04:37:12+00:00
butte,Red Dot Self Defense,,RedDotSelfDefense@gmail.com,(209) 920-7162,,,Chico,CA,,,,,,parse_error,,,,,,2026-04-13T04:37:12+00:00
butte,Patrick Benedict Firearms Training,,pbenedict74@gmail.com,(916) 704-4963,,,Oroville,CA,,,,,,no_website,,,,,,2026-04-13T04:37:12+00:00
butte,Vandagriff Consulting,,erikvandagriff@gmail.com,(530) 320-8858,,,Richvale,CA,,,,,,no_website,,,,,,2026-04-13T04:37:12+00:00
calaveras,Baxter Firearms Training,Michael Baxter,mike@alwaysBtraining.com,(916) 729-8377,https://alwaysbtraining.com/,inquiry_only,Sloughhouse,CA,,300,195,,"Baxter Firearms Training is a USCCA Official Partner offering concealed carry courses and firearms instruction in Sloughhouse, CA. The instructor specializes in small class sizes limited to 10 students or fewer, providing personalized coaching and live-fire practice. They offer midweek training options for those who cannot train weekends and utilize Mantis X Training systems for enhanced skill development.",success,medium,"Clear pricing found for initial CCW training ($300) and renewal ($195), but no specific address visible. Booking appears to be inquiry-only through contact forms. Unclear if the $300 initial course is 16 hours or if it follows the standard format.",,,calaveras/alwaysbtraining-com/training_2.jpeg|calaveras/alwaysbtraining-com/training_3.jpg,2026-04-14T20:40:57+00:00
calaveras,Bear Arms Defense,Seth Yeadon,seth-yeadon@hotmail.com,(209) 768-8378,https://bear-arms-defense.com/,,Angels Camp,CA,,,,,,failed,,,,,,2026-04-14T20:40:57+00:00
calaveras,Bellicose Family Safety Solutions,Karen Cose,kjcbellicose@gmail.com,(530) 272-2465,,,Grass Valley,CA,"13732 Mallory Ct, Grass Valley, CA 95949",,,,,parse_error,,,,,,2026-04-14T20:40:57+00:00
calaveras,Bill Tidwell,Bill Tidwell,bill@train2besafe.com,(510) 552-4742,https://www.reedsindoorrange.com/bill-tidwell,inquiry_only,Jamestown,CA,,500,300,,"Bill and Cathy Tidwell are NRA-certified instructors who have been teaching firearms safety and marksmanship in the Bay Area for over 35 years. They offer comprehensive CCW courses, basic handgun training, and various NRA courses including Personal Protection and Hunter Safety. Bill is a Marine Corps veteran with distinguished expert ratings who has taught over 20,000 people how to shoot safely.",success,medium,"Found clear pricing for 16hr and 8hr courses, but no breakdown for separate days or renewal pricing. Booking requires direct contact only. No specific address provided.",,,,2026-04-14T20:40:57+00:00
calaveras,Called2Arms Gun Range,,Sintex2@aol.com,(209) 5757-4867,https://sintexsecurity.com,inquiry_only,Modesto,CA,"2045 W Briggsmore Ave #A9, Modesto, CA 95350",250,150,,"Called2Arms is a Central Valley training provider with over 30 years of experience offering comprehensive security and firearms education. They specialize in both civilian CCW training and professional security courses, featuring certified instructors with NRA Law Enforcement, BSIS, DOJ CCW, and P.O.S.T. credentials. The company provides online CCW courses alongside a full suite of security training including Exposed Firearms, Baton, Taser, First Aid/CPR, and Defensive Tactics. They are proud Second Amendment advocates focused on preparing individuals for responsible firearm ownership and real-world personal defense situations.",success,high,"Clear pricing for online CCW courses, complete contact information, and detailed vendor description available. Only unclear on booking process details and separate day pricing structure.",calaveras/sintexsecurity-com/logo.png,,calaveras/sintexsecurity-com/training_1.jpg,2026-04-13T04:37:12+00:00
calaveras,Capito Frye Private Eye,Jason Frye,forenspsych@ymail.com,(209) 770-6283,,,Columbia,CA,"18120 4th Ave, Jamestown, CA 95327",,,,,no_website,,,,,,2026-04-13T04:37:12+00:00
calaveras,Case Defensive Training Group,Chad P. Case,,(209) 665-5541,https://casedefensivetraininggroup.com,inquiry_only,Angels Camp,CA,"Angels Gun Club, Angels Camp, CA 95222",300,200,,"Case Defensive Training Group is operated by certified deadly force instructors Andrea and Chad Case, who teach California CCW classes at the Angels Gun Club in Angels Camp. They specialize in educating students on the judicious use of deadly force through curriculum covering California laws, mock scenarios, and court cases emphasizing justifiable self-defense. The company is approved by multiple law enforcement agencies and offers legal support services to students involved in defensive scenarios.",success,high,Clear pricing found for 16hr initial ($300) and 8hr renewal ($200). Booking requires email registration. Address specified as Angels Gun Club location.,,calaveras/casedefensivetraininggroup-com/instructor_1.jpg|calaveras/casedefensivetraininggroup-com/instructor_2.jpg|calaveras/casedefensivetraininggroup-com/instructor_3.jpg,,2026-04-13T04:37:12+00:00
calaveras,CJ'S World,,info@cjsworld.net,(2090) 905-8615,https://www.cjsworld.net,direct_booking,Stockton,CA,"821 N El Dorado St, Stockton, CA 95206",275,200,75,"CJ's World is a firearms training company in Stockton, CA that offers comprehensive CCW courses, security guard training, and basic pistol instruction. They provide classroom and range-based training for California Concealed Carry Weapon licenses, BSIS security officer courses, and CPR/First Aid certification. The company emphasizes personalized instruction with a patient, one-on-one approach even in group settings.",success,high,"Clear pricing found for CCW courses and add-a-gun service, direct booking available through website, good vendor description available from website copy",calaveras/cjsworld-net/logo.jpeg,,,2026-04-13T04:37:12+00:00
calaveras,Coco Firearm Training,Timothy Trickel,tim@cocofirearmtraining.com,(925) 384-1920,https://cocofirearmtraining.com,unclear,Sloughhouse,CA,,,,,"Coco Firearm Training LLC is an approved CCW training vendor for many agencies within the Bay Area, including Alameda SO, Contra Costa SO, Sacramento SO, and numerous police departments. Based out of Oakley, California, they operate by appointment only and serve students throughout the region. The company offers firearms training and concealed carry training with established relationships across multiple law enforcement jurisdictions.",success,low,Website shows booking system elements but no pricing information visible. Has course listings mentioned but no actual course details or prices found in content.,,calaveras/cocofirearmtraining-com/instructor_1.jpg,,2026-04-13T04:37:12+00:00
calaveras,Concealed Coalition,,info@concealedcoalition.com,(800) 805-2238,https://www.concealedcoalition.com,direct_booking,Manteca,CA,,,,,"Concealed Coalition is a nationwide online authority for concealed carry permit training that combines next-generation digital learning with hands-on education experiences. They offer both online video courses and local in-person training through a network of certified instructors and classroom partnerships. The company focuses on changing perceptions about firearms through emotional, entertaining, and informative training experiences delivered by experienced instructors with diverse backgrounds.",success,medium,"Clear booking capability and good vendor description found, but no pricing information or specific address for Manteca location visible on the pages provided",,calaveras/concealedcoalition-com/instructor_1.jpg|calaveras/concealedcoalition-com/instructor_2.jpg|calaveras/concealedcoalition-com/instructor_3.jpg,calaveras/concealedcoalition-com/training_1.jpg,2026-04-13T04:37:12+00:00
calaveras,"Defensive Accuracy, LLC",,,(408) 687-3791,https://www.daccw.com,inquiry_only,Linden,CA,,,,,"Defensive Accuracy, LLC provides California CCW training including initial CCW courses, renewals, and modifications in the Bay Area/Central Valley region. They offer private CCW classes and LEOSA qualifications, with some services priced at $60 including range fees. The company also provides various NRA instructor training courses throughout the year.",success,low,"Website shows CCW services but no clear pricing structure for standard courses. Only found $60 for LEOSA qualifications. Contact required for booking (call Denise). No specific address found despite Linden, CA location mentioned.",calaveras/daccw-com/logo.png,,,2026-04-13T04:37:12+00:00
calaveras,Defensive Weapons School,Dan Souza,dan_souza05@yahoo.com,(925) 549-0480,https://defensiveweaponsschool.org/,direct_booking,Valley Springs,CA,,,,,"Defensive Weapons School is operated by Dan Souza, who has been instructing firearms safety, marksmanship and responsible tactics since 2005. The school offers CA CCW training for Tuolumne, Calaveras, San Joaquin, and Fresno counties, as well as Utah CCW and CA CCW Non Resident certifications. Dan holds multiple NRA certifications including Training Counselor, Pistol, Rifle, PPOH, PPIH, CRSO, and RTBV.",success,low,"Website has booking capability and instructor credentials but no pricing information, course details, or specific address found",,,,2026-04-14T20:40:57+00:00
calaveras,Dobbs Firearms Training,Charles Dobbs,cdobbs@dobbsfirearmtraining.com,(888) 486-0250,https://www.dobbsfirearmtraining.com/,direct_booking,Sloughhouse,CA,"3155 Goodrick Ave, Richmond, CA 94801",,265,,"Dobbs Firearms Training provides California CCW renewal courses that satisfy the 8-hour SB2 training requirements for multiple counties including Calaveras, Contra Costa, Solano, Napa, Sacramento, and Yolo County. They conduct classes at the Richmond Rod & Gun Club and offer online registration for their courses.",success,medium,"Found clear renewal pricing and booking capability, but no initial course pricing or additional services. Limited vendor description available from website content.",,,,2026-04-14T20:40:57+00:00
calaveras,Dynamic CCW Academy,Tim Muetterties,tim@skibear.com,(209) 770-5550,https://www.calaverasccw.com,inquiry_only,Angels Camp,CA,"2403 Gun Club Rd, Angels Camp, CA 95222",,,,"Dynamic CCW Academy is a firearms training provider led by instructors Tim and Mike, who are recognized for their depth of knowledge and ability to explain concepts with ease. They offer CCW training classes with well-structured material and real-life examples to demonstrate key concepts. The academy provides ongoing support to students after course completion with questions, advice, and references.",success,low,"Found clear address and vendor description from testimonial, but no pricing information or course details. Website appears to be primarily a blog/video content site with minimal service information.",calaveras/calaverasccw-com/logo.jpg,,,2026-04-13T04:37:12+00:00
calaveras,"First Response, Firearms & Tactical Training",,,(209) 625-8016,https://firstresponsetrng.com,direct_booking,Linden,CA,"828 S Hewitt Rd, Linden, CA 95236",225,125,,"First Response, Firearms and Tactical Training is a mobile training unit that provides concealed carry and firearms instruction to law enforcement and private citizens throughout California. Their instructors are California DOJ certified with over 75 years of combined law enforcement experience and POST certification. They offer courses at both indoor and outdoor ranges and will bring training directly to clients to save time and travel expenses.",success,medium,"Clear pricing for 16hr full course and 8hr renewal, booking system visible, good vendor description available. Missing address and day-by-day pricing breakdown. All pricing includes additional $20 daily range fee.",,calaveras/firstresponsetrng-com/instructor_1.jpg|calaveras/firstresponsetrng-com/instructor_2.jpg|calaveras/firstresponsetrng-com/instructor_3.jpg,,2026-04-13T04:37:12+00:00
calaveras,Forensic Consultant Services,Michael Oliveira,michael@forensicconsultantservices.com,(925) 872-9764,,,Angels Camp,CA,,,,,,no_website,,,,,,2026-04-13T04:37:12+00:00
calaveras,Fred's Firearms,,Fredsfirearms@gmail.com,(209) 840-2126,https://www.fredsfirearms.net,none,Oakdale,CA,136 N Yosemite Ave,,,,,success,low,"This is a firearms retail store, not a CCW training vendor. The website only shows inventory of firearms, ammunition, and accessories with no mention of training courses or CCW classes.",calaveras/fredsfirearms-net/logo.png,,,2026-04-13T04:37:12+00:00
calaveras,Grover Group,,anoop@grovergroup.biz,(510) 676-6076,https://ggccw.biz,inquiry_only,Tracy,CA,"1700 Standiford Ave Ste 230, Modesto, CA 95350",450,300,,"Grover Group Training is a California-approved DOJ SB2 CCW training provider led by certified instructors with credentials from the California Department of Justice, NRA, USCCA, and California POST. They offer hybrid delivery with virtual instructor-led lectures and live-fire qualification, serving over 30 sheriff's offices and police departments across Northern California. Their courses are limited to 10 students in semi-private classes with options for private courses and multi-state CCW add-ons.",success,high,"Clear pricing and course structure found. No specific street address provided, only Tracy, CA location. Add-a-gun pricing not explicitly stated but qualification includes up to 3 firearms.",calaveras/ggccw-biz/logo.png,,calaveras/ggccw-biz/training_1.jpeg|calaveras/ggccw-biz/training_2.jpg,2026-04-13T04:37:12+00:00
calaveras,Gunlady Defensive Firearms Training,Erica Mitchell,caligunlady@gmail.com,(209) 637-7085,,,Sloughhouse,CA,"15501 Meiss Rd, Sloughhouse, CA 95683",,,,,no_website,,,,,,2026-04-13T04:37:12+00:00
calaveras,"Kiwi's Custom Guns, Inc.",,info@kiwiscustomguns.com,(209) 863-2355,https://www.kiwiscustomguns.com,unclear,Riverbank,CA,3332 Santa Fe St,,,,"Kiwi's Custom Guns operates a state-of-the-art climate controlled indoor shooting range with five 25-yard lanes capable of handling any caliber up to .50 BMG. The facility features Action Target's latest technology including The Defender Stall system, tactical cart tables, Genesis Smart target retrieval system with wireless carriers and touchscreen controls, plus a sophisticated recirculation ventilation system for enhanced safety and comfort. They offer range services, training, gunsmithing, and retail.",success,low,"Website content only shows range facility details, no CCW training information, pricing, or booking details found",,,,2026-04-13T04:37:12+00:00
calaveras,KW Defense,Chuck Fields,info@kwdefense.com,(209) 451-4111,https://www.kwdefense.com,direct_booking,Stockton,CA,1640 N Broadway Ave,,,,"KW Defense is a premier firearm training facility and range in Stockton, CA that welcomes all experience levels. They offer retail products, range access, and training services with membership options that include unlimited range access, certifications, training discounts, and member-only events. The company positions itself as a one-stop shop for battle-tested products at competitive prices.",success,low,"Website shows they offer training and have booking capability through their app, but no specific CCW course pricing or details found. Strong on facility description but lacks CCW-specific information.",calaveras/kwdefense-com/logo.png,,,2026-04-13T04:37:12+00:00
calaveras,Lagomarsino's Firearms Institute,,ccwtrainer@live.com,(209) 401-0907,https://www.lfiguns.com,inquiry_only,Sacramento,CA,,200,100,,"Lagomarsino's Firearms Institute offers CCW courses and comprehensive firearms training in Sacramento. Led by instructor Wes Lagomarsino, they provide California initial and renewal courses three times per month, as well as Utah and Nevada CCW courses. The institute emphasizes practical skills with real-world training including holster work and magazine changes, backed by competitive pricing with no added gun fees or range fees.",success,medium,Clear pricing structure for courses but ambiguous whether the stated prices are specifically for CCW courses or all courses. No specific renewal pricing found. Address not provided on website.,,,calaveras/lfiguns-com/training_1.jpeg|calaveras/lfiguns-com/training_2.jpg|calaveras/lfiguns-com/training_3.jpg,2026-04-13T04:37:12+00:00
calaveras,Loyal Arms,,emilio@loyalarms.com,(916) 680-9888,https://loyalarms.com/,unclear,Folsom,CA,"1008 Riley Street, Suite 4, Folsom, CA 95630",,,,"Loyal Arms is a firearms retailer and training provider located in Folsom, California. They offer firearms sales, ammunition, FFL transfers, and firearms training services. The business operates with regular retail hours Monday through Friday 9am-5pm and Sundays 10am-4pm.",success,low,"Website mentions they offer trainings but provides no specific details about CCW courses, pricing, or booking process. Content focuses heavily on firearms sales and retail operations rather than training specifics.",,,,2026-04-14T20:40:57+00:00
calaveras,"Madison Society Foundation, Inc.",,Registration@madisonsocietyfoundation.org,(209) 318-5730,https://madisonsocietyfoundation.org/,,Oakdale,CA,"210 S Sierra Ave, Oakdale, CA 95361",,,,,success,low,Website content appears to be corrupted or encoded data - unable to extract any meaningful information about this vendor,,,,2026-04-14T20:40:57+00:00
calaveras,Northern Firearms Instruction,Seth Stout,sstout@usgunpro.com,(530) 999-1822,https://countyccw.com,inquiry_only,Calaveras,CA,,,,,"Northern Firearms Instruction is a team of highly experienced NRA-credentialed and DOJ-licensed firearms instructors operating throughout California. They specialize in California CCW courses for new and experienced shooters in a stress-free learning environment, teaching in over 50 counties and cities across the state. NFI is considered the authority on CCW law and firearm training throughout California, with instructors who collaborate on California CCW curriculum focused on safe firearms use.",success,medium,"Clear vendor description and service offerings found, but no pricing information available on website. Multiple locations listed but no specific address for Calaveras location. Booking appears to require contacting instructors directly.",,,calaveras/countyccw-com/training_1.jpg|calaveras/countyccw-com/training_2.jpg,2026-04-13T04:37:12+00:00
calaveras,Red Dot Self Defense,,reddotselfdefense@gmail.com,(209) 920-7162,,,Sloughhouse,CA,,,,,,no_website,,,,,,2026-04-13T04:37:12+00:00
calaveras,RMC Firearms Instruction,,ccwinstr@gmail.com,(916) 747-3817,,,Foresthill,CA,,,,,,no_website,,,,,,2026-04-13T04:37:12+00:00
calaveras,Rosengarten Firearm Training,Marcelo; Richard,rosengartenfirearmtraining@gmail.com,(209) 610-1425,https://www.rosengartenfirearm.com/,inquiry_only,Ripon,CA,"2339 W Hammer Ln Mailbox #110, Stockton, CA 95209",,,,"Rosengarten Firearms Training is a California DOJ certified training company established in 1998 that offers CCW classes accepted by multiple counties including San Joaquin, Calaveras, Sacramento, and Stanislaus. The company is led by experienced law enforcement instructors including a retired San Joaquin Sheriff's Sergeant, and specializes in personalized training with options for private one-on-one classes, group sessions, courses for women, people with disabilities, and classes conducted in Spanish.",success,low,No pricing information found anywhere on the website. Multiple 'CONTACT US' buttons suggest inquiry-only booking. Good description available but missing all pricing data.,,,calaveras/rosengartenfirearm-com/training_1.jpg|calaveras/rosengartenfirearm-com/training_2.jpg|calaveras/rosengartenfirearm-com/training_3.jpg,2026-04-14T20:40:57+00:00
calaveras,"ROZO Tactical, LLC",Ryan Oatts,rozotactical@gmail.com,(209) 916-5113,,,Copperopolis,CA,,,,,,parse_error,,,,,,2026-04-14T20:40:57+00:00
calaveras,Security & Firearms Training Academy,,Sherryann@safta-inc.com,(916) 500-1442,https://safta-inc.com/,inquiry_only,North Highlands,CA,"3355 Myrtle Avenue, Suite 200 North Highlands, CA 95660",,,,"Security & Firearms Training Academy (SAFTA) is a 100% veteran-owned firearms training company serving the Sacramento region, created by Marine Corps Veterans, retired law enforcement agents, and private security veterans. They offer CCW training courses approved by several Northern California counties, along with basic firearm and instinctive shooting courses designed for students of all ability levels. SAFTA's instructors have nearly 100 years of combined military, law enforcement, and private security experience, and they conduct firearms training at Placer Sporting Club, a private indoor shooting range in Roseville.",success,low,No pricing information found for any CCW courses. Website mentions CCW training and calendar but no booking system visible - only contact information provided. Good description available but lacks specific pricing details.,calaveras/safta-inc-com/logo.png,calaveras/safta-inc-com/instructor_1.jpg|calaveras/safta-inc-com/instructor_2.jpg,calaveras/safta-inc-com/training_1.jpg|calaveras/safta-inc-com/training_2.jpg|calaveras/safta-inc-com/training_3.jpg,2026-04-14T20:40:57+00:00
calaveras,Shooters on the Line,,shootersontheline@yahoo.com,(916) 337-1753,,,Sloughhouse,CA,,,,,,no_website,,,,,,2026-04-13T04:37:12+00:00
calaveras,Sierra Shield Firearms Training,,store@sierrashield.com,(530) 387-0110,,,Placerville,CA,,,,,,no_website,,,,,,2026-04-13T04:37:12+00:00
calaveras,Spartan Defense of California,Fidel Taylor,,(209) 202-8283,https://www.trainwithspartan.com,direct_booking,Valley Springs,CA,"1711 Watertown Rd, Valley Springs, CA 95252",,,,"Established in 2013, Spartan Defense LLC is a veteran-owned firearms training company that teaches safe and practical firearms use across Northern California. They offer training on handguns, shotguns, carbine rifles, and precision rifles through both open public classes and private instruction. The company operates at multiple range locations including Linden, Concord, and San Jose, and provides military and first responder discounts.",success,low,Website has booking capability and good company description but no pricing information found. Multiple range locations listed but no specific address for Valley Springs location mentioned.,calaveras/trainwithspartan-com/logo.jpg,,,2026-04-13T04:37:12+00:00
calaveras,Vandagriff Consulting,Eric Vandagriff,evandagriff@sebastiancorp.net,(530) 320-8858,,,Foresthill,CA,,,,,,no_website,,,,,,2026-04-13T04:37:12+00:00
calaveras,Weapons Training School,,,(209) 532-6677,https://www.weaponstrainingschool.com,inquiry_only,Jamestown,CA,"43545 Tuolumne Rd, Tuolumne, CA",,,,"Weapons Training School offers California CCW certification courses including 16-hour new applicant courses and 8-hour renewal courses with live-fire qualification. They provide group courses and private lessons for CCW, handgun, rifle, and shotgun training. The school emphasizes they are testing and qualifying students based on state and county requirements, not providing remedial training during the qualification process.",success,low,"No pricing information found anywhere on the website. Booking appears to be inquiry-only through email contact form. Only has P.O. Box address, no street address. Clear course offerings but missing all pricing details.",,,,2026-04-13T04:37:12+00:00
calaveras,West Point Concealed Weapons Training,G. L. Young,wpcwt@pacbell.net,(209) 293-4527,https://wpcwt.com/,inquiry_only,West Point,CA,"910 Bald Mountain Rd., West Point, CA 95255",,,,"West Point Concealed Weapons Training is a certified CCW training provider serving various California counties with instructors certified by the NRA, California DOJ, and Utah. They offer 16-hour initial CCW courses and 8-hour renewal courses using non-lethal laser training firearms in the classroom combined with live fire drills at their range. The company also provides Utah concealed firearm permits and emphasizes practical self-defense training with their motto focusing on avoiding dangerous encounters.",success,low,No pricing information found on website. Contact form suggests inquiry-only booking. Good description of services but missing all pricing details.,,calaveras/wpcwt-com/instructor_1.jpg|calaveras/wpcwt-com/instructor_2.jpg,,2026-04-14T20:40:57+00:00
del-norte,Bigfoot Firearms Training Academy,Aaron Ostrom; Cole Greene; Roy Williams,info@bigfootaa.com,(844) 926-6566,https://www.bigfootfirearmstraining.com,inquiry_only,Eureka,CA,"1535 6th Street, Eureka, CA 95501",,,,"Bigfoot Firearms Training Academy is the largest civilian firearms training facility in the region with over 10 years of experience, training up to 1,000 civilians annually. They offer CCW classes for both first-time applicants and renewals, along with a wide range of skill-building courses including handgun, AR-15, and shotgun training. The academy prides itself on an intimidation-free teaching approach tailored to building confidence for students of all skill levels.",success,low,No specific pricing information found for CCW courses. Website mentions CCW classes for both initial and renewal but provides no cost details. Contact information available but no direct booking system visible.,,,,2026-04-17T00:50:17+00:00
del-norte,Kevin Kaldveer,Kevin Kaldveer,,(707) 499-6312,,,,CA,,,,,,no_website,,,,,,2026-04-17T00:50:17+00:00
del-norte,Bob Saylor,Bob Saylor,,(707) 954-5771,,,Crescent City,CA,,,,,"Bob Saylor is a certified NRA firearms instructor and retired law enforcement officer serving Del Norte County. He is recognized by the Del Norte County Sheriff's Office as an authorized CCW instructor with over 25 years of firearms instruction experience.",success,low,No business name found - operates as an individual instructor. No website identified. No pricing information available. Listed on GOC 2024 CCW Trainer List and Del Norte County Sheriff's Office approved instructor list.,,,,2026-04-17T00:50:17+00:00
del-norte,Gene McManus,Gene McManus,,(707) 218-6117,,,Crescent City,CA,,,,,"Gene McManus is a retired Sheriff's Sergeant with 32 years of service at the Del Norte County Sheriff's Office. He is a certified CCW instructor recognized by the California Department of Justice and the National Rifle Association.",success,low,No business name found - operates as an individual instructor. No website identified. No pricing information available. Retired law enforcement with extensive experience. Listed on GOC 2024 CCW Trainer List.,,,,2026-04-17T00:50:17+00:00
del-norte,Ed Fleshman,Ed Fleshman,,(707) 951-6210,,,Crescent City,CA,,,,,"Ed Fleshman is a former Del Norte County Sheriff and certified CCW instructor with law enforcement credentials including California POST and FBI certifications. He serves as an approved CCW instructor for Del Norte County.",success,low,No business name found - operates as an individual instructor. No website identified. No pricing information available. Former county sheriff with extensive law enforcement background. Listed on GOC 2024 CCW Trainer List.,,,,2026-04-17T00:50:17+00:00
el-dorado,Armed and Hammered,,Armedandhammered2022@gmail.com,(916) 871-6007,https://www.armedandhammered.net/book-online,direct_booking,El Dorado Hills,CA,,320,190,,,success,medium,"Clear pricing and booking capability found, but no vendor description, address, or breakdown of 16hr course into day components",,,,2026-04-14T20:40:57+00:00
el-dorado,Best Handgun Training,,,(916) 744-6969,https://www.besthandguntraining.com,direct_booking,Lincoln,CA,"Tower Market Center, 2270 Nicolaus Rd #109, Lincoln, CA 95648",,,,"Best Handgun Training is a full-time firearms training facility located in Lincoln, CA, offering CCW courses, NRA certified instruction, and basic pistol courses. They provide DOJ certified CCW training for multiple California counties including El Dorado, Nevada, Placer, Sacramento, and others. The company features instructors with over 140 years of combined experience, many with law enforcement backgrounds, and offers 24/7 online scheduling with flexible weekday and weekend instruction.",success,medium,"Clear booking capability and detailed service description found, but no pricing information visible on the website. Address location mentioned as Lincoln, CA but no specific street address provided.",,,,2026-04-13T04:37:12+00:00
el-dorado,Big Horn Gun Shop,,,(530) 642-1892,https://bighornfirearms.com,,El Dorado,CA,6271 Pleasant Valley Rd,,,,,success,,,,,,2026-04-13T04:37:12+00:00
el-dorado,Dead Eye CCW,,Deadyeyeccw@hotmail.com,(408) 234-4903,,,El Dorado Hills,CA,,,,,,no_website,,,,,,2026-04-13T04:37:12+00:00
el-dorado,Defense Shot,,,(530) 206-6377,https://defenseshot.com,direct_booking,El Dorado Hills,CA,8233 Latrobe Rd,,,,"DefenseSHOT is a no-nonsense firearms training company located in El Dorado Hills, CA that provides CCW classes and firearms training for Sacramento, El Dorado, and Placer Counties. The company offers a relaxed, fun, and efficient training program designed to satisfy firearms enthusiasts at all levels from beginner to advanced. They boast a 100% approval rate for all CCW students trained over the years and offer various specialized courses including defensive handgun, rifle/carbine, ladies-only classes, and private instruction.",success,medium,"Clear vendor description and booking capability found, but no specific pricing information was available on the website content provided",el-dorado/defenseshot-com/logo.png,el-dorado/defenseshot-com/instructor_1.jpg|el-dorado/defenseshot-com/instructor_2.jpg|el-dorado/defenseshot-com/instructor_3.jpg,el-dorado/defenseshot-com/training_1.jpg|el-dorado/defenseshot-com/training_2.jpg|el-dorado/defenseshot-com/training_3.jpg,2026-04-13T04:37:12+00:00
el-dorado,Defense Triad,,,(916) 765-5661,https://www.defensivetriad.com,,Rocklin,CA,"6526 Lonetree Blvd Suite 200, Rocklin, CA 95765",,,,,failed,,,,,,2026-04-13T04:37:12+00:00
el-dorado,Hangtown Range,,,(530) 497-5443,https://www.hangtownrange.net,direct_booking,Placerville,CA,1540 Broadway,,,,"Hangtown Range is an indoor firearms and archery range in Placerville, California offering comprehensive shooting facilities, gun rentals, retail sales, and training programs. They feature state-of-the-art indoor ranges for all skill levels, CCW certification classes, and advanced MILO training systems. The facility combines range services, gun store, bulk ammo sales, and professional firearms maintenance all under one roof in El Dorado County.",success,low,"While the site mentions CCW certification and classes, no specific pricing information was found for any courses. Booking capability appears available through 'Make a Reservation' but no detailed CCW course structure or pricing visible.",el-dorado/hangtownrange-net/logo.jpg,,el-dorado/hangtownrange-net/training_1.jpg|el-dorado/hangtownrange-net/training_2.jpg|el-dorado/hangtownrange-net/training_3.jpg,2026-04-13T04:37:12+00:00
el-dorado,Lagomarsino's Firearm Institute Inc,,,(209) 401-0907,https://www.lfiguns.com,inquiry_only,Sacramento,CA,,200,100,0,"Lagomarsino's Firearms Institute is a Sacramento-based training company operated by instructor Wes Lagomarsino. They offer California initial and renewal CCW courses three times per month, as well as multi-state permits for Utah, Nevada, Arizona, Florida, Oregon, and Virginia. The institute emphasizes competitive pricing with most 2-day courses at $200 and 1-day courses at $100, with no additional gun or range fees.",success,medium,"Clear pricing structure found but had to infer that 2-day courses are 16hr initial ($200) and 1-day courses are 8hr renewals ($100). No booking system visible, only phone number provided. Address mentioned as Sacramento but no street address given.",,,el-dorado/lfiguns-com/training_1.jpeg|el-dorado/lfiguns-com/training_2.jpg|el-dorado/lfiguns-com/training_3.jpg,2026-04-13T04:37:12+00:00
el-dorado,Lock-n-Load,,,(916) 705-2258,https://www.locknloadconcealedcarry.com,direct_booking,El Dorado Hills,CA,"1061 Suncast Ln #9628, El Dorado Hills, CA 95762",275,195,15,"Lock n Load Concealed Carry Training is led by Dr. David Lungren, a certified California DOJ instructor approved to teach CCW courses for El Dorado, Placer, Sacramento, and Yolo counties. The training facility is located in El Dorado Hills and offers comprehensive California CCW classes, Utah multi-state permits, and basic through advanced defensive handgun shooting courses. Dr. Lungren brings military experience and expertise from his medical background to provide personalized firearms instruction with one-on-one assistance for each student.",success,high,"Clear pricing found for 16hr full course and 8hr renewal, direct booking available, good vendor description from website content. No specific address listed but location stated as El Dorado Hills training facility.",,,,2026-04-13T04:37:12+00:00
el-dorado,Loyal Arms,,,(916) 680-9888,https://www.loyalarms.com,,Folsom,CA,1008 Riley St Suite 4,,,,,failed,,,,,,2026-04-13T04:37:12+00:00
el-dorado,New Man's Karate,Scott Neuman,,530-622-2330,https://newmanskarate.com,inquiry_only,Placerville,CA,"4568 Missouri Flat Rd Ste. 3&4, Placerville, CA 95667",,,,New Man's Karate is a martial arts school established in 1994 that offers NRA Certified firearms courses and CCW classes in addition to their martial arts programs. They provide comprehensive firearms training focused on safe gun handling practices and skill building. The school serves families and individuals of all ages with various programs including self-defense training.,success,low,"Website mentions CCW classes and NRA certified courses but provides no pricing information, specific course details, or booking capabilities beyond a phone number for inquiries",,,el-dorado/newmanskarate-com/training_1.jpg,2026-04-13T04:37:12+00:00
el-dorado,Next Threat Solutions,,,916-306-7959,https://www.nextthreatsoulutions.com,,El Dorado Hills,CA,"4641 Post St, El Dorado Hills, CA 95762",,,,,failed,,,,,,2026-04-13T04:37:12+00:00
el-dorado,Northern Firearms Instruction,,sstout@usgunpro.com,(530) 999-1822,https://californiaonlineccw.com/northern-firearms-instruction#available-course,inquiry_only,Redding,CA,"11091 Rhyolite Drive #1, Redding, CA 96003",,,,"Northern Firearms Instruction (NFI) provides California and Southern Oregon residents with beginning to advanced firearms training, including CCW training, advanced personal protection, and rifle/shotgun training. Founded by retired US Army soldiers, NFI offers discrete, individualized firearms training tailored to specific needs and welcomes family members ages 10 and older. The company is considered an authority on CCW law and firearm training throughout California.",success,medium,"Clear business description and contact info found, but no pricing information available. Booking appears to be inquiry-based through phone/email contact.",el-dorado/californiaonlineccw-com/logo.png,,,2026-04-13T04:37:12+00:00
el-dorado,One on One Firearms Instruction LLC,,,(916) 494-9663,https://www.oneononefirearms.com,direct_booking,Sacramento,CA,"10398 Rockingham Dr #18, Sacramento, CA 95827",,,,"ONE on ONE Firearms Instruction LLC has been Northern California's premier destination for expert firearms training since 2009. They specialize in California CCW training, offering both Initial-Issue and Renewal classes approved for multiple counties, including Sacramento, Yolo, El Dorado, Nevada, Amador, and Shasta. The company maintains small class sizes to ensure a high instructor-to-student ratio and offers comprehensive training programs including handguns, carbines, rifles, shotguns, and competitive shooting classes taught by NRA and California DOJ Certified Firearms Instructors.",success,medium,"Clear booking capability and good vendor description found, but no specific pricing information available on the website content provided",el-dorado/oneononefirearms-com/logo.png,el-dorado/oneononefirearms-com/instructor_1.png|el-dorado/oneononefirearms-com/instructor_2.png|el-dorado/oneononefirearms-com/instructor_3.png,el-dorado/oneononefirearms-com/training_1.jpg,2026-04-13T04:37:12+00:00
el-dorado,Personalized Armed Defense,,Cjeremica@gmail.com,530-409-2346,,,Rescue,CA,,,,,,no_website,,,,,,2026-04-13T04:37:12+00:00
el-dorado,Personal Defense Weapons,,Pdweldoradocounty@gmail.com,530-919-3964,,,El Dorado Hills,CA,5047 Robert J Mathews Pkwy,,,,,no_website,,,,,,2026-04-13T04:37:12+00:00
el-dorado,Sacramento Gun Range,,c.schager@sgrange.us,916-246-2010,https://www.sgrange.us/,unclear,Sacramento,CA,3443 Routier Rd,,,,"Sacramento Gun Range is a comprehensive training facility and shooting range offering over 50 classes led by industry-leading professionals for all skill levels from beginners to advanced shooters. They feature state-of-the-art technology including the cutting-edge Reel Shots Live-Fire Simulator, 34 lanes across 5 separate indoor ranges, and experienced staff with over 30 years of gunsmithing expertise. The facility provides CCW training including initial 16-hour and 8-hour renewal courses, along with specialized classes like handgun fundamentals, shotgun home defense, and situational awareness workshops.",success,low,Website shows class listings including CCW courses but no pricing information visible. Mentions scheduling capabilities and range reservations but unclear if direct booking is available online. No specific address found on provided pages.,el-dorado/sgrange-us/logo.jpg,,el-dorado/sgrange-us/training_1.jpg|el-dorado/sgrange-us/training_2.jpg|el-dorado/sgrange-us/training_3.jpg,2026-04-14T20:40:57+00:00
el-dorado,Safely Carry,,,916-296-4076,https://www.safelycarry.com,,El Dorado Hills,CA,"5170 Golden Foothill Pkwy, El Dorado Hills, CA 95762",,,,,success,,,,,,2026-04-13T04:37:12+00:00
el-dorado,Shoot Don't Shoot,,,(530) 409-4211,https://sdsshootdontshoot.com,unclear,Placerville,CA,,,,,"Shoot Don't Shoot is a firearms training company based in Placerville, CA that provides CCW classes and personal protection training. They focus on responsible firearms ownership including secure storage, safe operation, and lawful transportation. The company emphasizes developing situational awareness and avoidance skills alongside firearms training, teaching students to recognize and avoid potential dangers before they occur.",success,low,"Website lacks pricing information, booking details, and specific course information. Only found general service description and customer testimonials mentioning CCW classes.",el-dorado/sdsshootdontshoot-com/logo.png,,el-dorado/sdsshootdontshoot-com/training_1.jpg|el-dorado/sdsshootdontshoot-com/training_2.jpg|el-dorado/sdsshootdontshoot-com/training_3.jpg,2026-04-13T04:37:12+00:00
el-dorado,Sierra Mountain Firearms,,,(530) 387-0110,https://sierramountainfirearms.com,direct_booking,Shingle Springs,CA,"4050 Durock Road #17, Shingle Springs, California 95682",,,,"Sierra Mountain Firearms is a full-service firearms dealer located in Shingle Springs, CA that offers buying, selling, and consignment services for firearms. They provide certified firearm training and CCW qualifying courses through their instructors. The business also offers FFL and ammunition transfer services for California-compliant firearms and accessories.",success,low,"Found clear address and booking capability with registration link, but no pricing information visible on the main website content. Training services are mentioned but without specific course details or costs.",,el-dorado/sierramountainfirearms-com/instructor_1.jpg|el-dorado/sierramountainfirearms-com/instructor_2.jpg|el-dorado/sierramountainfirearms-com/instructor_3.jpg,,2026-04-13T04:37:12+00:00
el-dorado,AAO,,Bryan@aao-co.com,(707) 400-3677,https://aao-co.com,direct_booking,,CA,,350,175,75,"AAO is a certified California CCW training provider serving the Bay Area and surrounding counties, offering both in-person and online CCW courses. The company is staffed by experienced instructors including law enforcement veterans and DOJ certified trainers. They provide comprehensive CCW instruction with personalized approach, offering 16-hour initial courses, 8-hour renewals, and additional services like red dot system training and firearm safety courses.",success,high,"Clear pricing found for most services, direct booking available through website, comprehensive vendor description available. Missing specific address and individual day pricing breakdown for 16hr course.",,el-dorado/aao-co-com/instructor_1.jpg|el-dorado/aao-co-com/instructor_2.jpg,el-dorado/aao-co-com/training_1.jpg|el-dorado/aao-co-com/training_2.jpg|el-dorado/aao-co-com/training_3.jpg,2026-04-13T04:37:12+00:00
el-dorado,Safe Insight,,Admin@Safeinsight.net,,https://safeinsight.myshopify.com/collections/non-resident-ccw,direct_booking,,CA,,399,299,,"Safe Insight provides California CCW training approved by the State of California to be completed online at your convenience 24/7, followed by a required private range qualification with an instructor in your state. They specialize in non-resident CCW training and offer both initial 16-hour and renewal 8-hour courses.",success,medium,"Clear pricing for full courses and online booking capability, but no address found and courses appear to be for non-residents only with online format rather than traditional in-person training",el-dorado/safeinsight-myshopify-com/logo.png,,,2026-04-13T04:37:12+00:00
fresno,Jim Bernardi Firearms Consulting,Jim Bernardi,BernardiFirearms@gmail.com,(559) 683-5869,https://www.instagram.com/jim_bernardi_/,unclear,,CA,,,,,,success,low,"Only an Instagram page title was provided - no actual website content with pricing, services, or business details",,,,2026-04-14T20:40:57+00:00
fresno,Aggy's Firearms Training,Tony Aguilar,snakedogsert@yahoo.com,(559) 907-0350,,,,CA,,,,,,no_website,,,,,,2026-04-13T04:37:12+00:00
fresno,Freedom Firearms Accessories & CCW Training,Rick Field,field.rick@att.net,(559) 999-2939,https://www.freedomfirearms.info/,inquiry_only,Fresno,CA,"W8W8 J6, Clovis, CA",,,,"Freedom Firearms is a firearms training company led by Rick Field, a former SWAT Law Enforcement Officer, Army Combat Medic, and Law Enforcement Certified Firearms Instructor. They offer comprehensive training from beginner to advanced levels, including CCW instruction, fundamentals of marksmanship, and advanced tactical shooting with handguns and rifles. Their approach emphasizes the legal, ethical, and practical dimensions of firearm use and ownership.",success,low,"No pricing information found, no specific address provided (only Fresno, CA location mentioned), and booking requires sending a message inquiry rather than direct scheduling",,,,2026-04-14T20:40:57+00:00
fresno,Kings Gun Center,Todd Cotta; Mark Evans; Patrick Fowler; Christopher Pietroforte; Austin Traylor; Christopher Costello; Shannon Cernosek,Info@KingsGunCenter.com,(559) 585-2000,https://kgchanford.com/,unclear,Hanford,CA,426 Park Ave,,,,,success,low,"Website content is primarily navigation elements and age verification prompts. No specific CCW training information, pricing, or detailed vendor description found. Only mentions generic 'classes' and 'online courses' without specifics.",fresno/kgchanford-com/logo.jpeg,,,2026-04-14T20:40:57+00:00
fresno,Advanced Combat Evolutions,Matt Alexander,info@advancedcombatevolutions.com,,https://www.advancedcombatevolutions.com/,direct_booking,,CA,,,,,,success,low,"This appears to be a law enforcement tactical training company offering POST-certified courses for police officers, not CCW permit training for civilians. No CCW-related pricing or services found.",,,,2026-04-14T20:40:57+00:00
fresno,Madera Regional Training Facility,Donald Wallace,ccw@maderafirearms.com,(559) 822-6400,https://maderafirearms.com/firearm-safety-training/,inquiry_only,Madera,CA,"14402 Hwy 41, Madera, CA 93636",,100,,"Madera Firearms offers the widest variety of firearm training and safety classes in the Central Valley. Their expert coaching staff focuses on training students to be responsible, ethical and safe shooters using a supportive approach without yelling or barking instructions. They provide both initial CCW training and renewal courses for Madera and Fresno County.",success,high,"Clear pricing and course descriptions found. Only offers 8hr courses, not 16hr. Has register button but appears to be inquiry-based.",fresno/maderafirearms-com/logo.png,,,2026-04-14T20:40:57+00:00
fresno,Fresno Rifle & Pistol Club,Atif Rana,frpcstaff@yahoo.com,(559) 299-6365,https://www.fresnorifleandpistolclub.com/,inquiry_only,Clovis,CA,15687 Auberry Rd,,,,"Fresno Rifle and Pistol Club is an outdoor recreational shooting facility located 15 minutes from Fresno and Clovis on 220 acres at the base of the Sierra foothills. Incorporated in 1934, FRPC provides a safe and comfortable environment to enjoy the sport of shooting and hosts five shooting clubs that offer a wide variety of shooting sports for the whole family. The club offers multiple ranges from 60 to 980 yards and has staff that provides gun education and CCW process assistance.",success,low,"Website focuses primarily on range facilities and shooting sports activities. While there's mention of CCW process assistance in reviews, no specific CCW training pricing, course details, or booking information is provided.",fresno/fresnorifleandpistolclub-com/logo.png,,fresno/fresnorifleandpistolclub-com/training_1.jpg|fresno/fresnorifleandpistolclub-com/training_2.jpg,2026-04-14T20:40:57+00:00
fresno,Next Step Training,Jeffery Watkins,jeff@nextsteptraining4me.com,(559) 707-3250,https://www.nextsteptraining4me.com/,direct_booking,,CA,,150,75,,"Next Step Training LLC is led by husband-and-wife team Jeff and Marni Watkins, combining backgrounds in law enforcement and education to provide comprehensive firearms training. They offer CCW permit courses, private training starting at $40 per hour, and various firearms training subscriptions. The company serves multiple California agencies including Fresno County Sheriff, Kings County Sheriff, Hanford PD, Lemoore PD, and Tulare County Sheriff, with an added bonus of offering non-resident Arizona permits.",success,high,"Clear pricing for initial and renewal courses found, direct booking available, and comprehensive vendor description available from website content",fresno/nextsteptraining4me-com/logo.png,,fresno/nextsteptraining4me-com/training_1.jpg,2026-04-14T20:40:57+00:00
fresno,On Target Firearms Instruction,"Gilbert ""Andy"" Washington",chiefrangemaster1@gmail.com,(559) 307-4254,,,,CA,,,,,,no_website,,,,,,2026-04-13T04:37:12+00:00
fresno,Hard Focus Firearms Training. LLC,Matthew Haywood,hardfocustraining@gmail.com,(209) 564-0332,,,Fresno,CA,,,,,,no_website,,,,,,2026-04-13T04:37:12+00:00
fresno,Concealed Coalition,Terry Scharfe; Alton Swayne; Anthony Bauer; Brian Chesmore; Nhon Nguyen; Jesse Blanpied; Michael Velasquez,info@concealedcoalition.com,(800) 805-2236,https://www.concealedcoalition.com,direct_booking,,CA,,,,,"Concealed Coalition is a nationwide online authority for concealed carry permit training that combines digital learning with hands-on education experiences. They offer both online video courses and local in-person training through a network of certified instructors and classroom partnerships with national brands. The company focuses on delivering emotional, entertaining, and informative concealed carry class training experiences with over 1,000,000 people trained nationwide.",success,low,"Clear booking capability and vendor description found, but no pricing information, specific addresses, or course duration details available on the content provided. Shows 2-day courses but no pricing structure.",,fresno/concealedcoalition-com/instructor_1.jpg|fresno/concealedcoalition-com/instructor_2.jpg|fresno/concealedcoalition-com/instructor_3.jpg,fresno/concealedcoalition-com/training_1.jpg,2026-04-13T04:37:12+00:00
fresno,JLPFI - John Lewis Professional Firearms Instruction,John Lewis,johnlpfi@gmail.com,(559) 349-3833,https://www.jlpfi.com,direct_booking,Clovis,CA,"1187 N Willow Ave. Suite #103-4, Clovis, CA 93611-4411",425,225,,"JLPFI (John Lewis Professional Firearms Instruction) is a Central Valley firearms training provider offering CCW courses approved by multiple law enforcement agencies including Fresno County Sheriff, Fresno PD, and several other Central Valley departments. They specialize in personalized training with a focus on mindset and muscle memory skills, offering courses in private or small group formats only. Their training approach emphasizes the difference between shooting and training, with a philosophy of keeping clients 'Forever In Training' (FIT).",success,high,Clear pricing found for 16hr initial ($425) and 8hr renewal ($225). Direct booking capability evident with 'BOOK ONLINE' buttons. No individual day pricing or add-a-gun fees mentioned.,,fresno/jlpfi-com/instructor_1.jpg|fresno/jlpfi-com/instructor_2.jpg,fresno/jlpfi-com/training_1.jpg,2026-04-13T19:36:25+00:00
fresno,Tactical 360,Chris Martinez,tactical360training@gmail.com,(661) 497-3089,https://tactical360.net/,inquiry_only,,CA,,,,,"Tactical 360 is a firearms training company located in Bakersfield, Kern County, California, led by certified instructor Chris Martinez who has over 30 years of experience. They provide training to law enforcement officers, military personnel, and private citizens, offering both in-person and online CCW courses as well as USCCA defensive tactics training. The company specializes in advanced defensive tactics and aims to provide firearms education that surpasses most who carry guns professionally.",success,low,No specific pricing found for CCW courses despite extensive course listings. Only found $100/hour for one-on-one training and $15 deposit requirement. Booking appears inquiry-based with RSVP requirements and contact forms.,fresno/tactical360-net/logo.png,fresno/tactical360-net/instructor_1.jpg|fresno/tactical360-net/instructor_2.png,fresno/tactical360-net/training_1.png|fresno/tactical360-net/training_3.png,2026-04-14T20:40:57+00:00
fresno,All Amercian Firearms Training,Manuel Duran,manuel.duranjr@icloud.com,(559) 352-9722,,,,CA,,,,,,no_website,,,,,,2026-04-13T04:37:12+00:00
fresno,High Caliber Tactical,Donald Penner,varminator@comcast.net,(559) 903-7547,,,,CA,,,,,,no_website,,,,,,2026-04-13T04:37:12+00:00
fresno,Operational Strategic Innovations Group,Ron J. Pierini,osig.official@gmail.com,(559) 417-9494,,,,CA,,,,,,no_website,,,,,,2026-04-13T04:37:12+00:00
fresno,Foothill Training,Steve Collins; Matt Alexander,stevesea58@gmail.com,(559) 355-3818,https://www.foothilltraining.com,direct_booking,Yokuts Valley,CA,"46241 Longview Rd, Yokuts Valley, CA 93675",200,100,,"Foothill Training is a firearms training center run by an instructor with extensive law enforcement and military credentials including POST Advanced Instructor Certification, SWAT qualification, and Navy diving instructor experience. They offer concealed carry permit training in a relaxed outdoor environment on their 5-acre facility, which includes an obstacle course and room clearing areas. The company provides both initial 16-hour CCW classes and 8-hour renewal courses, with meals included in their training sessions.",success,medium,"Clear pricing for full 16hr course ($200) and 8hr renewal ($100), direct booking available, but no address found and individual day pricing not specified",,fresno/foothilltraining-com/instructor_1.jpg|fresno/foothilltraining-com/instructor_2.jpg,,2026-04-13T04:37:12+00:00
fresno,Premier Tactical Training Services,Matthew Pimentel,premiertacticaltraining@hotmail.com,(559) 779-7742,,,Fresno,CA,,,,,,no_website,,,,,,2026-04-13T04:37:12+00:00
fresno,Elite Training Solutions,Eric Olson,jetsgt91@gmail.com,(559) 765-7702,,,,CA,,,,,,no_website,,,,,,2026-04-13T04:37:12+00:00
fresno,Marshall Security Training Academy,Edmon Muradyan,e.muradyan@yahoo.com,(818) 822-2525,,,Fresno,CA,"1457 W El Segundo Blvd, Compton, CA 90222",,,,,no_website,,,,,,2026-04-13T04:37:12+00:00
fresno,Pinnacle Firearms Training,Devon Fullner,dfullner19@gmail.com,(559) 259-3204,,,Selma,CA,,,,,,no_website,,,,,,2026-04-13T04:37:12+00:00
fresno,Instinct Defense,Jack Mulroy,info@instinct-defense.com,(559) 917-8266,https://instinct-defense.com/,inquiry_only,,CA,,,,,"Instinct Defense specializes in firearm safety/instruction and home defense strategies with the goal of providing knowledge and skills to protect yourself and loved ones. They offer a range of courses from basic pistol training for new shooters to advanced tactical classes, including women-specific classes, CCW initial and renewal courses, and emergency first aid training.",success,low,"Website shows courses including CCW initial/renewal but no pricing information. Schedule mentions calling to book certain courses, suggesting inquiry-based booking. No address or specific pricing found.",fresno/instinct-defense-com/logo.png,,fresno/instinct-defense-com/training_1.jpg|fresno/instinct-defense-com/training_2.jpg|fresno/instinct-defense-com/training_3.jpg,2026-04-14T20:40:57+00:00
fresno,Polar Bear Firearms & Training,Thomas K Cribbs,tkcribbs@att.net,(559) 333-0905,,,Lindsay,CA,,,,,,no_website,,,,,,2026-04-13T04:37:12+00:00
fresno,California CCP Training Inc.,Eddie Reynoso,eddie@CACCPTraining.com,(559) 679-8463,,,Exeter,CA,,,,,,no_website,,,,,,2026-04-13T04:37:12+00:00
fresno,Godspede Firearms & Training,Albert Chan,sertmarine.ac@outlook.com,(559) 972-6537,,,,CA,,,,,,no_website,,,,,,2026-04-13T04:37:12+00:00
fresno,Valley Firearms Training,Kevin Carnes,Kevin@Carnes.us.com,(559) 972-5007,,,,CA,,,,,,no_website,,,,,,2026-04-13T04:37:12+00:00
fresno,Aegis International,John Bawcom,,(559) 246-8745,,,,CA,,,,,,no_website,,,,,,2026-04-13T04:37:12+00:00
fresno,Garcia's Firearms Training,Ralph Garcia,gft.safety@gmail.com,(559) 469-7692,,,Coalinga,CA,"1410 E Elm Ave, Coalinga, CA 93210",,,,,no_website,,,,,,2026-04-13T04:37:12+00:00
fresno,Vigilance Plus Training & Development,Curtis Bloch,curtisbloch@vigilanceplus.life,(559) 949-7359,https://www.vigilanceplus.life/about-us,inquiry_only,,CA,,,,,"Vigilance Plus Training & Development offers a comprehensive range of personal safety and self-defense training solutions led by certified instructor Curtis Bloch. The company provides customizable training options including in-home, online, in-class, and on-range instruction covering concealed carry, home defense, firearms safety, and less-than-lethal self-defense alternatives. They specialize in creating a non-intimidating environment for students of all skill levels and serve individuals, families, organizations, and businesses with their consultative approach to personal protection training.",success,low,No pricing information found anywhere on the website. Booking appears to be inquiry-only through consultations. CCW course mentioned but no specific pricing for 16hr or 8hr formats. No address provided.,fresno/vigilanceplus-life/logo.jpg,fresno/vigilanceplus-life/instructor_1.jpg|fresno/vigilanceplus-life/instructor_2.png|fresno/vigilanceplus-life/instructor_3.png,fresno/vigilanceplus-life/training_1.jpg|fresno/vigilanceplus-life/training_2.jpg,2026-04-14T20:40:57+00:00
fresno,Police Science Institute & Range Pistol Club,"John Mikkelson; Chris Desmond; Gerald ""Marty"" True; Robert Simpson; Pedro ""Pete"" Marin; Curtis Hamett; John Shantz; Aaron Simpson; Brian Sanchez; Teddie Chao; Greg Delacerda; Jeffery Hanna",,(559) 276-9800,https://policescience.com,direct_booking,Fresno,CA,"5133 North Gates Ave, Fresno, CA 93722",190,75,,"Police Science Institute & Range Pistol Club has been the Valley's #1 independent school for security and law enforcement training since 1991. They operate Central California's premier indoor firearm range and full-service gun store, offering CCW classes alongside comprehensive security training programs. The institute combines theoretical coursework with hands-on field experiences and maintains a large selection of firearms and accessories in their showroom.",success,low,"Website shows clear booking capability and good vendor description, but no CCW pricing information found despite extensive content about other security training courses. CCW classes are mentioned but without specific pricing details.",,,fresno/policescience-com/training_3.png,2026-04-13T04:37:12+00:00
fresno,Zaks Guns,Rohi Zacharia,sales@zaksguns.com,(559) 673-4525,https://www.zaksguns.com/,none,Madera,CA,1906 Howard Rd,,,,"Zaks Guns LLC is a firearms retailer dedicated to providing competitive prices and customer service in the firearms industry. They specialize in firearm transfers, ammunition sales, and serve as a Blue Label dealer for Glock with LEO/First Responder discounts available for Smith & Wesson and Sig Sauer. The shop handles transfers from major online retailers and auction sites with California-compliant firearms verification.",success,low,"This is a gun shop/retailer, not a CCW training provider. No training courses, pricing, or booking capabilities mentioned - only retail sales and transfers.",fresno/zaksguns-com/logo.png,,,2026-04-14T20:40:57+00:00
fresno,Sun Mountain Gun Club,"Tory ""Doc"" Schmeiser",doc@sunmountaingunclub.com,(559) 683-3669,https://www.sunmountaingunclub.com/,inquiry_only,Coarsegold,CA,"32868 Shotgun Lane, Coarsegold, CA 93614",,,,"Sun Mountain Gun Club is a shooting facility nestled in the beautiful foothills of Coarsegold, just south of Yosemite National Park and approximately 30 miles north of Fresno. The club offers trap, sporting clays, pistol bays, rifle ranges, and various shooting courses including CCW classes and basic handgun courses. They feature state-of-the-art facilities with automated stations and host monthly shooting events for members and guests.",success,low,"Found clear address and general CCW class offerings, but no pricing information visible. Contact form suggests inquiry-only booking. No specific details about course duration or structure.",,,fresno/sunmountaingunclub-com/training_1.jpg|fresno/sunmountaingunclub-com/training_2.jpg,2026-04-14T20:40:57+00:00
fresno,Exeter Gunslingers,Nickoles Alvarez,nick@exetergunslingers.com,(559) 786-4570,https://exetergunslingers.com/,,Exeter,CA,"202 E Maple St, Exeter, CA 93221",,,,,success,low,"Only vendor name provided with no substantive website content to extract training offerings, pricing, or business details",,,,2026-04-14T20:40:57+00:00
fresno,Legacy Pistol Training,Arnold Serna,arnold@legacy-ptcw.com,(559) 393-9740,,,Orosi,CA,"12884 Risley Ave, Orosi, CA 93647",,,,,no_website,,,,,,2026-04-13T04:37:12+00:00
fresno,"Eclipse Firearms and Training, LLC",Sunny Le,EclipseFNT@Gmail.com,(209) 710-8554,,,Los Banos,CA,,,,,,no_website,,,,,,2026-04-13T04:37:12+00:00
fresno,Chavez Firearms 209,Chris Chavez,chavezfirearms209@gmail.com,(209) 308-9800,https://www.chavezfirearms209.com,inquiry_only,MERCED,CA,"2755 MCKEE ROAD, MERCED CA 95340",,,,"Chavez Firearms 209 is a smaller, full-service firearms shop that offers CCW classes for Madera, Merced, Fresno, and Stanislaus Counties, as well as Utah CCW classes. They emphasize personalized service with a comfortable atmosphere, treating customers with respect and taking time to answer questions. The business prides itself on passing savings to customers while providing the same services as larger competitors.",success,low,No pricing information found for any CCW courses. Only mentions Utah CCW classes (4 hr) and beginner shooting classes but no prices listed. Booking appears to require calling for availability.,fresno/chavezfirearms209-com/logo.jpg,,,2026-04-14T20:40:57+00:00
fresno,Rainey Mays Gun Shop,Rainey Chad Mays,Maysrainey@gmail.com,(310) 591-6193,https://maysgunshop.com,inquiry_only,Merced Co. area,CA,P.O. Box 154 El Nido CA 95317,,,,"Mays Gun Shop is a DOJ certified CCW instructor offering initial and renewal CCW training using NRA curriculum in the Merced County area. They provide comprehensive firearms training focusing on basic gun fundamentals, defensive skills, and mental wellness. The shop also offers gun sales, ammunition, FSC cards, transfers, and operates by appointment only.",success,low,"Website mentions CCW training courses (16hr initial, 8hr renewal) with 'Pay Now' buttons but no actual pricing visible. Contact requires appointment and phone inquiry. Limited structured information available.",,fresno/maysgunshop-com/instructor_1.jpg|fresno/maysgunshop-com/instructor_2.jpg,,2026-04-13T04:37:12+00:00
fresno,Central Valley Defensive Training,Paul Holt,instructor@cvdefensivetraining.com,(559) 797-1975,https://cvdefensivetraining.com/,inquiry_only,,CA,,,,,"Central Valley Defensive Training provides California CCW classes that satisfy SB2 requirements, along with NRA certified courses including Basic Pistol, Personal Protection Inside and Outside the Home, and Defensive Pistol training. They offer private one-on-one lessons, group classes, and qualification services for adding new firearms to CCW permits. The company serves multiple law enforcement agencies including Chowchilla Police, Fresno County, Madera County, and Fresno Police departments.",success,low,"Found good description of services and training offerings, but no pricing information or specific address. Only has request buttons for booking inquiries, not direct booking capability.",fresno/cvdefensivetraining-com/logo.png,fresno/cvdefensivetraining-com/instructor_1.jpg|fresno/cvdefensivetraining-com/instructor_2.png|fresno/cvdefensivetraining-com/instructor_3.png,fresno/cvdefensivetraining-com/training_1.png|fresno/cvdefensivetraining-com/training_2.jpeg|fresno/cvdefensivetraining-com/training_3.jpeg,2026-04-14T20:40:57+00:00
fresno,Estrada's Firearm Training,Greg Estrada,gonehuntin76@yahoo.com,(559) 804-1973,,,Coalinga,CA,,,,,,no_website,,,,,,2026-04-13T04:37:12+00:00
fresno,ACAM Society LLC,Alvin Moore Jr,training@acamsociety.com,(559) 797-1958,https://acamsociety.com,inquiry_only,,CA,,225,170,75,"ACAM Society LLC is a firearms training company that opened in 2021, serving Fresno, Madera, Kings, and Tulare counties in California. They specialize in CCW permit courses with both online and in-person options, offering flexible scheduling through appointment-only services. The company provides a multidisciplinary approach to firearm safety education and is approved by multiple county agencies for CCW training.",success,medium,"Clear pricing found for 16hr initial ($225), 8hr renewal ($170), and add-a-gun ($75). However, booking appears to be appointment-only with phone contact required, and no specific address provided - only general county coverage areas mentioned.",fresno/acamsociety-com/logo.jpg,fresno/acamsociety-com/instructor_1.jpg,,2026-04-14T20:40:57+00:00
fresno,Atif Rana,Atif Rana,atifrana786@gmail.com,(559) 289-2313,,,,CA,,,,,,no_website,,,,,,2026-04-13T04:37:12+00:00
fresno,Amerrickan-CCW,Donald R. Merrick,donaldrmerrick@gmail.com,(559) 287-9258,,,,CA,,,,,,no_website,,,,,,2026-04-13T04:37:12+00:00
fresno,Duck & Cover Tactical,Robert Leon Orndoff,DACTactical@gmail.com,(559) 421-8789,,,Fresno,CA,4655 W Jacquelyn Ave STE 102,,,,,no_website,,,,,,2026-04-13T04:37:12+00:00
fresno,The Firing Line,Jake Belemjian; Chris Stearns; Jacob Frazier,thefiringlineclovis@gmail.com,(559) 294-9400,https://www.californiaonlineccw.com,unclear,Clovis,CA,1173 Dayton Ave #103A,,,,"California Online CCW is an online education provider that offers comprehensive CCW training courses including 16-hour initial, 8-hour renewal, and non-resident CCW courses. Students complete the educational portion online at their own pace, then visit affiliated local ranges to complete the required live-fire qualification portion. The platform connects students with local affiliate instructors and ranges throughout California to complete the hands-on training requirements.",success,low,"This appears to be an online course platform rather than The Firing Line specifically. No pricing information found, no specific address for The Firing Line in Clovis, and booking process involves searching for local affiliates rather than direct booking.",fresno/californiaonlineccw-com/logo.png,,fresno/californiaonlineccw-com/training_3.png,2026-04-13T04:37:12+00:00
fresno,Matt Lopez Firearms Training,Matthew Lopez,1040mblopez1036@gmail.com,(559) 472-8416,,,,CA,,,,,,no_website,,,,,,2026-04-13T04:37:12+00:00
fresno,Hartman's Sporting Goods,Bruce Hartman,Hartmansguns@comcast.net,(559) 253-3100,,,,CA,,,,,,no_website,,,,,,2026-04-13T04:37:12+00:00
fresno,Ethos Protection Services,Sam Carter,sam@ethosprotectionservices.com,(559) 245-4300,,,Fresno,CA,"1040 E Herndon Ave Suite 104, Fresno, CA 93720",,,,,no_website,,,,,,2026-04-13T04:37:12+00:00
fresno,Practical Training Solutions LLC,Jeremy McMillan,info@practicaltrainingsolutionsllc.com,(559) 784-6451,https://www.practicaltrainingsolutionsllc.com,direct_booking,,CA,,200,130,,"Practical Training Solutions LLC provides professional firearms training designed to equip civilians with the knowledge and skills to protect themselves and others. They proudly serve Tulare, Kern, Kings, and Fresno Counties with CCW classes held in Porterville. The company offers both initial and renewal CCW courses with a focus on practical, real-world training applications.",success,medium,"Clear pricing for full initial course ($200) and renewal course ($130), direct booking available through their store, but no specific address found beyond general service area. No individual day pricing or add-a-gun fees listed.",fresno/practicaltrainingsolutionsllc-com/logo.jpg,,fresno/practicaltrainingsolutionsllc-com/training_1.webp|fresno/practicaltrainingsolutionsllc-com/training_2.jpg|fresno/practicaltrainingsolutionsllc-com/training_3.jpg,2026-04-13T04:37:12+00:00
fresno,Shooter Ready,Maria Diaz; Gavin Conely; James Loyd,,(559) 254-7722,,,Visalia,CA,300 S Mooney Blvd,,,,,no_website,,,,,,2026-04-13T04:37:12+00:00
fresno,Hold The Line,Rob Corley,pnrcorley@att.net,(559) 799-5850,,,Fresno,CA,,,,,,no_website,,,,,,2026-04-13T04:37:12+00:00
fresno,DRT Tactical,Rodolfo Tabares,,(559) 916-7812,,,,CA,,,,,,no_website,,,,,,2026-04-13T04:37:12+00:00
fresno,Gemini Training Systems,Justin Bowerman,Geminitraining78@icloud.com,(559) 706-5843,,,,CA,,,,,,no_website,,,,,,2026-04-13T04:37:12+00:00
fresno,Defensive Weapons School,Dan Souza,defensive_weapons_school@yahoo.com,(209) 660-3908,,,Fresno,CA,,,,,,no_website,,,,,,2026-04-13T04:37:12+00:00
fresno,Firearm & Personal Security Consultants,Richard Mendoza,fpsc1262@gmail.com,(559) 310-0090,,,,CA,,,,,,no_website,,,,,,2026-04-13T04:37:12+00:00
fresno,April Skye Defense Tactics,April Skye-Parsons,asdefensetactics@yahoo.com,(559) 679-6578,https://aprilskye.com/firearms-%26-training,inquiry_only,Visalia,CA,"1712 E Janelli Ct, Visalia, CA 93292",,,,"April Skye Defense Tactics is a certified firearms instructor offering CCW classes for Tulare, Kings, Fresno and Madera Counties in California. April specializes in teaching women and has extensive certifications including USCCA, The Well Armed Woman, and NRA instructor ratings. She operates by appointment only and also offers non-lethal personal safety products through Damsel in Defense.",success,low,"No pricing information found, no specific address provided, classes listed as TBA with instruction to check back later. Only contact method is phone/email inquiry.",fresno/aprilskye-com/logo.jpg,,,2026-04-14T20:40:57+00:00
fresno,Sovereign Protection Service,Steven Carrillo,Steve@sovereign-protection.com,(559) 206-5657,,,Fresno,CA,"36914 Ave 12 #9, Madera, CA 93636",,,,,no_website,,,,,,2026-04-13T04:37:12+00:00
fresno,"Blue Whale Security, Inc.",Mary Mitchell,info@bluewhalesecurityinc.com,(559) 324-1700,,,,CA,,,,,,no_website,,,,,,2026-04-13T04:37:12+00:00
fresno,S McPhetridge Firearms Training,Steven McPhetridge,SMcphetridgefirearmstraining@yahoo.com,(559) 991-9818,,,,CA,,,,,,no_website,,,,,,2026-04-13T04:37:12+00:00
fresno,Central Valley CCW,Vance Wedeking,CentralValleyCCW@Gmail.com,(559) 457-9335,,,,CA,,,,,,no_website,,,,,,2026-04-13T04:37:12+00:00
glenn,Azevedo Firearms Training,Dan Azevedo,azevedofirearms@sbcglobal.net,530-518-9210,,,Biggs,CA,,,,,,no_website,,,,,,2026-04-13T04:37:12+00:00
glenn,Bellicose Firearms Instruction,Karen Cose,bellicosefss@gmail.com,530-570-2746,,,Grass Valley,CA,"13732 Mallory Ct, Grass Valley, CA 95949",,,,,no_website,,,,,,2026-04-13T04:37:12+00:00
glenn,CCW Shooters,Michael Cordisco,mike@ccwshooters.com,916-207-7350,https://www.ccwshooters.com,inquiry_only,Yuba City,CA,,175,125,,"CCW Shooters is owned and operated by Mike Cordisco, a Life Member of the NRA and certified instructor who has lived in the Yuba-Sutter area his entire life. The company offers concealed carry permit training courses for individuals of all skill levels, with classes held every weekend across multiple California counties including Colusa, Glenn, Napa, Nevada, Sacramento, San Diego, Sutter, Yolo, and Yuba, as well as Arizona licensing. Mike brings telecommunications industry management experience and extensive firearms knowledge to provide comprehensive training in situational awareness, firearms management, and self-defense tactics.",success,medium,"Clear pricing for full 16hr course and renewal found, but no individual day pricing or street address. Booking appears to be inquiry-only based on 'contact us for scheduling' language.",glenn/ccwshooters-com/logo.png,glenn/ccwshooters-com/instructor_1.png,glenn/ccwshooters-com/training_1.jpg|glenn/ccwshooters-com/training_2.png|glenn/ccwshooters-com/training_3.png,2026-04-14T20:40:57+00:00
glenn,Chico Rod and Gun Club,Tanya LeDonne,chicogunclub@gmail.com,530-715-0145,,,Chico,CA,1456 Upper Park Rd,,,,,no_website,,,,,,2026-04-13T04:37:12+00:00
glenn,Angel's Firearm Instruction,Dan Angel,djtdangel@sbcglobal.net,530-990-1807,,,Chico,CA,,,,,,no_website,,,,,,2026-04-13T04:37:12+00:00
glenn,Down Range,Brian Gonsalves,brian@downrangechico.com,530-896-1992,https://www.downrangechico.com/,inquiry_only,Chico,CA,13407 Garner Ln,,,,"Down Range Indoor Training Center is the premier range and training facility in the North State of California, featuring the area's only 25-yard pistol, rifle and shotgun range. They offer numerous training classes including CCW and CCW renewal courses, advanced pistol courses, and specialized training for women and youth. The facility also includes a full-line firearms retail area, on-site gunsmith, and serves as the area's only full-service uniform shop for police, fire, EMS and other professionals.",success,low,"Found good vendor description and that they offer CCW/renewal classes, but no pricing information, specific booking capability details, or street address. Only mentions class schedule and request forms.",glenn/downrangechico-com/logo.png,,glenn/downrangechico-com/training_1.png,2026-04-14T20:40:57+00:00
glenn,Echo Whiskey Tactial,Eric Forsberg,forsberg148@yahoo.com,530-567-5094,,,Red Bluff,CA,,,,,,no_website,,,,,,2026-04-13T04:37:12+00:00
glenn,Norcal Defense,Todd Hansen,ncadefense@gmail.com,530-945-6430,https://www.ncadefense.com,inquiry_only,Sutter,CA,"1802 1st Ave, Sutter, CA 95982",,,,"NorCal Defense is based in Redding, California and specializes in firearm training with an emphasis on the legal carrying and use of handguns. They offer CCW training that is certified and accepted in the Counties of Tehama, Shasta, and the City of Red Bluff, as well as an advanced pistol course. The company helps people achieve a greater level of personal security through classroom and range training, emphasizing that awareness and proper mindset are key to safety.",success,low,"Website provides good vendor description but no pricing information, no specific address, and no clear booking mechanism - only mentions contacting them for questions",glenn/ncadefense-com/logo.png,,glenn/ncadefense-com/training_1.png|glenn/ncadefense-com/training_2.jpg|glenn/ncadefense-com/training_3.jpg,2026-04-14T20:40:57+00:00
glenn,Northern Firearms Instruction,Seth Stout,,530-999-1822,https://countyccw.com,inquiry_only,Redding,CA,"1659 Hilltop Dr, Redding, CA 96002",,,,"Northern Firearms Instruction is a team of highly experienced NRA-credentialed firearms instructors operating throughout California since 2007. They specialize in California CCW courses for new and experienced shooters, teaching in over 50 counties and cities with a focus on safe firearms use in a stress-free learning environment. NFI maintains strict instructor-to-student ratios and offers classes at multiple locations including Sportsman's Warehouse stores.",success,medium,"Good vendor description and location info found, but no pricing information available on the website. Booking appears to be inquiry-based with class change requests rather than direct online booking.",,,glenn/countyccw-com/training_1.jpg|glenn/countyccw-com/training_2.jpg,2026-04-13T04:37:12+00:00
glenn,State of Jefferson Firearms Training,Frank Caltabiano,guntrainer1911@gmail.com,530-227-9224,https://packyourpistol.com/,direct_booking,Red Bluff,CA,"26950 Manton Rd., Red Bluff, CA",295,150,,"State of Jefferson Firearms Training is a certified firearms training center serving North State California residents including Tehama, Shasta, Glenn, Trinity, Lassen and Siskiyou counties. They offer both initial 16-hour CCW classes completed over two days and 8-hour renewal classes typically finished in one day. The training combines classroom instruction on firearms laws and use of deadly force with range time for shooting qualification with all firearms intended for the permit.",success,high,"Clear pricing found for both renewal and initial courses, direct booking available through 'Add to Cart' buttons, comprehensive description of services and coverage area provided",glenn/packyourpistol-com/logo.jpg,,,2026-04-14T20:40:57+00:00
glenn,Protection Solutions,Robert Johnson,bob_49er@hotmail.com,978-888-4536,,,Elk Creek,CA,,,,,,no_website,,,,,,2026-04-13T04:37:12+00:00
glenn,Crossed Star Firearms,Morgan Dant,crossedstarfirearms@yahoo.com,530-790-5187,https://www.crossedstarfirearms.com/,inquiry_only,Marysville,CA,"12501 Loma Rica Rd, Marysville, CA 95901",300,175,,"Crossed Star Firearms is a Northern California firearms instructor offering CCW classes and firearms training for all skill levels. They provide 16-hour initial CCW courses, 8-hour renewal classes, and multi-state CCW training approved for residents of over a dozen counties including Butte, Sacramento, Placer, and Yuba. The instructor emphasizes creating a comfortable learning environment with particular focus on supporting female students.",success,medium,"Clear pricing for renewal and full 16hr course found, but no address or specific booking system. Day 1/Day 2 pricing not broken out separately.",glenn/crossedstarfirearms-com/logo.png,glenn/crossedstarfirearms-com/instructor_1.png|glenn/crossedstarfirearms-com/instructor_2.png,,2026-04-14T20:40:57+00:00
glenn,Michigan Firearm and CPL Training,"John ""Mark"" Harrop",mark@mifcpl.com,586-419-8088,https://mifcpl.com/,inquiry_only,Corning,CA,"5525 Rebecca Way, Corning, CA 96021",290,140,,"Michigan Firearm and CPL Training operates in both California and Michigan, offering CCW and CPL certification classes. They specialize in making beginners comfortable while providing comprehensive firearms training with certified range officers and POST-certified instructors. The company offers regular practice sessions, group classes, and advanced defensive training beyond basic certification.",success,medium,"Clear pricing for CA CCW courses and booking process, but no specific street address found and no day-by-day pricing breakdown for the 16-hour course",,glenn/mifcpl-com/instructor_1.jpg|glenn/mifcpl-com/instructor_2.jpg|glenn/mifcpl-com/instructor_3.jpg,,2026-04-14T20:40:57+00:00
glenn,NorCal Tactical,Jose L Chavez,norcaltacticalsales@gmail.com,530-713-7470,https://norcaltactical.com/,inquiry_only,Sutter,CA,"1802 1st Avenue, Sutter, California 95982, United States",,,60,"NorCal Tactical is a firearms dealer and training provider located in Sutter, California that offers concealed carry courses including initial and renewal classes. They provide both group and private courses and maintain an inventory of handguns, rifles, shotguns, ammunition, and optics. The business emphasizes personalized service and can special order items not currently in stock.",success,low,All concealed carry course pricing shows 'Contact for pricing' rather than specific amounts. Only clear pricing found was for adding a firearm ($60). Limited course details available.,,glenn/norcaltactical-com/instructor_1.jpg|glenn/norcaltactical-com/instructor_2.jpg|glenn/norcaltactical-com/instructor_3.jpg,,2026-04-14T20:40:57+00:00
glenn,Armed Safety Firearms Instruction,Kevin P. Johnston,armedsafety@yahoo.com,530-300-8000,,,Cottonwood,CA,,,,,,no_website,,,,,,2026-04-13T04:37:12+00:00
glenn,"Black Oak Training, Inc.",Anne Barrett,info@blackoaktraining.com,530-624-1562,https://blackoaktraining.com/,inquiry_only,Magalia,CA,"6005 Austin O'Brien Way, Magalia, CA 95954",,,,"Black Oak Training, Inc. offers comprehensive firearms training courses including CCW initial and renewal classes, new shooter programs, and specialized training like holstering, situational awareness, and NRA Range Safety Officer certification. They also provide CCW application assistance and FSC study materials. The company has received positive testimonials from students praising their thorough and practical approach to firearms education.",success,low,"Website only shows course categories with 'LEARN MORE' links but no actual pricing or detailed course information. No address found despite location being Magalia, CA. Booking appears to require contacting them directly.",glenn/blackoaktraining-com/logo.png,,,2026-04-14T20:40:57+00:00
glenn,AAO Training,Bryan Kinney,info@aao-co.com,707-400-3677,https://aao-co.com,direct_booking,Petaluma,CA,,350,175,75,"AAO Training is a certified California CCW course provider serving the Bay Area and surrounding counties, offering both in-person and online concealed carry training. Led by DOJ certified instructors with law enforcement backgrounds, they provide comprehensive CCW instruction including 16-hour initial courses and 8-hour renewal courses. The company emphasizes personalized instruction tailored to each student's skill set and offers specialized services like red dot system training.",success,high,"Clear pricing found for most services, direct online booking available, but no specific street address provided - only general Petaluma location mentioned",,glenn/aao-co-com/instructor_1.jpg|glenn/aao-co-com/instructor_2.jpg,glenn/aao-co-com/training_1.jpg|glenn/aao-co-com/training_2.jpg|glenn/aao-co-com/training_3.jpg,2026-04-14T20:40:57+00:00
glenn,Tactagar,Alex Garlock,tactagar110@gmail.com,530-415-8315,,,Arbuckle,CA,"875A Richland Rd, Yuba City, CA 95991",,,,,no_website,,,,,,2026-04-13T04:37:12+00:00
glenn,Bigfoot Firearms Training Academy,Aaron Ostrom; Cole Greene; Roy Williams,info@bigfootaa.com,(844) 926-6566,https://www.bigfootfirearmstraining.com,inquiry_only,Eureka,CA,"1535 6th Street, Eureka, CA 95501",,,,"Bigfoot Firearms Training Academy is the largest civilian firearms training facility in the region with over 10 years of experience, training up to 1,000 civilians annually. They offer CCW classes for both first-time applicants and renewals, along with a wide range of skill-building courses including handgun, AR-15, and shotgun training. The academy prides itself on an intimidation-free teaching approach tailored to building confidence for students of all skill levels.",success,low,No specific pricing information found for CCW courses. Website mentions CCW classes for both initial and renewal but provides no cost details. Contact information available but no direct booking system visible.,,,,2026-04-13T04:37:12+00:00
glenn,Dee Adams Fire Arms Safety Training,Dee Adams,DAFASTraining@gmail.com,916-838-4926,,,Rio Oso,CA,,,,,,no_website,,,,,,2026-04-13T04:37:12+00:00
glenn,Concealed Coalition,Terry Scharfe,scheduling@concealedcoalition.com,310-986-2296,https://www.concealedcoalition.com,direct_booking,,CA,,,,,"Concealed Coalition is a nationwide concealed carry training provider offering both online and in-person courses. They have trained over 1,000,000 students through their network of certified instructors and classroom partnerships with national brands. The company focuses on delivering emotional, entertaining, and informative hands-on concealed carry training experiences with scenario-based learning and emphasizes extinguishing fear through education.",success,low,No pricing information found despite extensive content. Clear booking capability through 'Register' buttons for scheduled classes. Good vendor description available but missing key pricing and address data.,,glenn/concealedcoalition-com/instructor_1.jpg|glenn/concealedcoalition-com/instructor_2.jpg|glenn/concealedcoalition-com/instructor_3.jpg,glenn/concealedcoalition-com/training_1.jpg,2026-04-14T20:40:57+00:00
humboldt,Black Spot Firearms,Dan Kistler,,(707) 599-3516,,,,CA,,,,,,no_website,,,,,,2026-04-13T04:37:12+00:00
humboldt,Kevin Christie Enterprises,Kevin Christie,,(707) 498-7312,,,,CA,,,,,,no_website,,,,,,2026-04-13T04:37:12+00:00
humboldt,Broese's Tactical,Andy Broese Van Groenou; Jason Daniels,,(707) 845-2651,,,,CA,,,,,,no_website,,,,,,2026-04-13T04:37:12+00:00
humboldt,Dynamic Firearms Training,Heidi Hanscome,,(207) 313-9903,https://www.dynamicfirearmsme.com,,,CA,,,,,,failed,,,,,,2026-04-13T04:37:12+00:00
humboldt,Fortuna Pistol Club,Mike Johnson,,(707) 496-0018,,,Fortuna,CA,"1375 Carson Woods Rd, Fortuna, CA 95540",,,,,no_website,,,,,,2026-04-13T04:37:12+00:00
humboldt,Bigfoot Firearms Training Academy,Aaron Ostrom; Cole Greene; Roy Williams,info@bigfootaa.com,(844) 926-6566,https://www.bigfootfirearmstraining.com,inquiry_only,Eureka,CA,"1535 6th Street, Eureka, CA 95501",,,,"Bigfoot Firearms Training Academy is the largest civilian firearms training facility in the region with over 10 years of experience, training up to 1,000 civilians annually. They offer CCW classes for both first-time applicants and renewals, along with a wide range of skill-building courses including handgun, AR-15, and shotgun training. The academy prides itself on an intimidation-free teaching approach tailored to building confidence for students of all skill levels.",success,low,No specific pricing information found for CCW courses. Website mentions CCW classes for both initial and renewal but provides no cost details. Contact information available but no direct booking system visible.,,,,2026-04-13T04:37:12+00:00
humboldt,Redwood Firearms Collective LLC,Andrew Evans,,(707) 497-9138,https://redwoodfirearmscollective.com,,Arcata,CA,,,,,,success,,,,,,2026-04-13T04:37:12+00:00
humboldt,Well Armed Firearms,Kelly O'Day,,(707) 499-0682,https://wellarmedfirearms.com,,Eureka,CA,,,,,,failed,,,,,,2026-04-13T04:37:12+00:00
humboldt,Kevin Kaldveer,Kevin Kaldveer,,(707) 499-6312,,,,CA,,,,,,no_website,,,,,,2026-04-13T04:37:12+00:00
imperial,Bushido Training Group,Donnie Wharton,flyhelos@gmail.com,(760)427-3244,https://www.bushidotraining.com,direct_booking,El Centro,CA,"925 N Imperial Ave, El Centro, CA 92243",325,200,35,"Bushido Training Group is a veteran-owned firearms training company that provides California CCW certification courses exclusively for Imperial County residents. They offer the full range of CA concealed carry courses including initial 16-hour classes, 8-hour renewals, and permit modifications, taught by approved agency instructors. The company also provides additional defensive pistol courses, women's defense classes, and fingerprinting services for CCW applications.",success,high,"Clear pricing for main CCW courses, confirmed Imperial County restriction, direct booking system visible, good vendor description available",,,,2026-04-13T04:37:12+00:00
imperial,Indigenous Weapons Training,Robert R. Boas,rrboas1015@gmail.com,(760)791-0698,,,,CA,,,,,,no_website,,,,,,2026-04-13T04:37:12+00:00
imperial,Three Tier Training Group,,3tiertraininggroup@gmail.com,(760) 457-0345,,,,CA,,,,,,no_website,,,,,,2026-04-13T04:37:12+00:00
imperial,Northern Firearms Instruction,,,(530) 999-1822,https://www.countyccw.com,inquiry_only,,CA,,,,,"Northern Firearms Instruction is a team of NRA-credentialed and DOJ-licensed firearms instructors operating throughout California. They specialize in California CCW courses for new and experienced shooters, teaching in over 50 counties and cities with a curriculum focused on safe firearms use in a stress-free learning environment. NFI maintains strict instructor-to-student ratios and offers classes at various locations including Sportsman's Warehouse stores and private ranges throughout the state.",success,medium,"Found good vendor description and some booking info (reserved seating only, call today), but no pricing information and no specific address since they operate at multiple locations statewide",,,imperial/countyccw-com/training_1.jpg|imperial/countyccw-com/training_2.jpg,2026-04-13T04:37:12+00:00
imperial,AAO,,,(707) 400-3677,https://www.californiaccwcourses.com,direct_booking,,CA,,199,100,,"AAO offers California DOJ-compliant online CCW courses for both residents and non-residents. They provide 16-hour initial courses and 8-hour renewal courses that include instruction, quizzes, and final exams, with students needing to achieve at least 80% to receive completion certificates. The company also offers a separate California Firearms Safety & Legal Responsibility course.",success,medium,"Clear pricing for full courses and online booking capability found, but no physical address, individual day pricing, or add-a-gun fees. Vendor focuses on online training rather than in-person instruction.",imperial/californiaccwcourses-com/logo.jpg,,imperial/californiaccwcourses-com/training_1.png,2026-04-13T04:37:12+00:00
inyo,Powers Firearms Training,,,(661) 871-7273,https://www.powersfirearmstraining.com,direct_booking,Bakersfield,CA,"20238 Woody Rd, Bakersfield, CA 93308",,,,"Powers Firearms Training is a family-owned business serving Kern County for over 50 years, operated by Craig and Becky Powers. They offer specialized courses and certifications in Concealed Carry (CCW), Ladies/Co-Ed Beginning/Intermediate Handgun, Defensive Firearms, Security Officer Firearms, and customized individual or group instruction. The company provides both online training courses that can be completed at your own pace and in-person training with range qualification, serving Kern, Inyo, Mono, and Tulare counties with multi-state permit options available at no additional charge.",success,medium,"Clear vendor information and course offerings found, with direct enrollment capability, but no specific pricing information was visible on the website content provided",,,,2026-04-13T04:37:12+00:00
inyo,STTARR – Sierra Tactical Training,,,(760) 784-0699,https://www.sttarr.net,direct_booking,Bishop,CA,"595 W Line St. Bishop, CA 93514",275,150,,"Sierra Tactical Training and Active Response Resources (STTARR) is located in Bishop, California and provides certified CCW training for Inyo and Mono Counties. They offer both 16-hour initial CCW courses and 8-hour renewal classes, featuring online coursework combined with in-person range qualification. The company has instructors with over 100 years of combined firearms training experience in law enforcement and public safety, and also provides advanced defensive handgun courses and tactical training.",success,high,"Clear pricing found for both initial and renewal courses, definitive address, and comprehensive vendor description. Has online booking capability with scheduled classes and payment options.",,inyo/sttarr-net/instructor_1.jpg|inyo/sttarr-net/instructor_2.jpg|inyo/sttarr-net/instructor_3.jpg,,2026-04-13T04:37:12+00:00
inyo,GUNS4US Inc.,,,(760) 375-1004,https://www.guns4us.com,,,CA,409 S China Lake Blvd,,,,,failed,,,,,,2026-04-13T04:37:12+00:00
kings,April Skye-Parsons Defense Tactics,April Skye-Parsons,,(559) 679-6578,,,Visalia,CA,"1712 E Janelli Ct, Visalia, CA 93292",,,,,no_website,,,,,,2026-04-13T04:37:12+00:00
kings,Armed Response Training,,,(559) 799-3858,,,,CA,,,,,,no_website,,,,,,2026-04-13T04:37:12+00:00
kings,Arnold Serna Legacy Pistol Training,Arnold Serna,arnold@legacy-ptcw.com,(559) 393-9740,,,Orosi,CA,"12884 Risley Ave, Orosi, CA 93647",,,,,no_website,,,,,,2026-04-13T04:37:12+00:00
kings,Ben Liu Firearms Instructor,Ben Liu,,(510) 468-1428,https://firearms.benliu.us/,inquiry_only,,CA,,,,,"Ben Liu provides firearms instruction and CCW training in Fresno, Kings, and Tulare counties. He offers both online and in-person CCW courses that meet SB 2 requirements with 16-hour initial and 8-hour renewal training. Ben Liu has partnered with U.S. LawShield to provide online CCW instruction and also offers various NRA training courses including Basic Pistol Shooting and Personal Protection programs.",success,low,"No pricing information found anywhere on the site, only contact information for inquiries. Service area and course offerings are clear but no booking system or specific pricing details available.",kings/firearms-benliu-us/logo.png,,,2026-04-14T20:40:57+00:00
kings,Brogan Firearms Training,,jonbrog@hotmail.com,(559) 331-1778,,,,CA,,,,,,no_website,,,,,,2026-04-13T04:37:12+00:00
kings,California Concealed Carry Permit Training Inc,Eddie Reynoso,,(559) 679-8463,,,,CA,,,,,,no_website,,,,,,2026-04-13T04:37:12+00:00
kings,Central Valley CCW,Vance Wedeking,CentralValleyCCW@Gmail.com,(559) 512-0845,https://www.centralvalleyccw.com/,inquiry_only,,CA,,300,150,,"Central Valley CCW Training provides online and in-person CCW certification courses approved for Fresno and King County residents. They offer convenient self-paced online classes combined with required hands-on training completion, along with basic firearms training, advanced tactical training for CCW holders, and active shooter response courses.",success,medium,"Clear pricing found for renewal ($150) and initial 16hr course ($300), but no address provided. Booking appears to be inquiry-only via email/phone contact.",kings/centralvalleyccw-com/logo.png,,kings/centralvalleyccw-com/training_1.jpg|kings/centralvalleyccw-com/training_3.jpg,2026-04-14T20:40:57+00:00
kings,Concealed Coalition,Terry Scharfe,,(800) 805-2236,https://www.concealedcoalition.com,direct_booking,Columbus,CA,,,,,"Concealed Coalition is a nationwide online authority for concealed carry permit training that offers both online and in-person classes. The company has trained over 1,000,000 people through their network of certified instructors and partners with national brands for classroom locations and gun range alliances. They provide comprehensive concealed carry courses that include online video education, hands-on firearm training, and certification programs designed to help students defend themselves and their families.",success,low,No pricing information found anywhere on the website content. Clear booking capability with 'Register' buttons for classes. Good vendor description available but missing address and all pricing data.,,kings/concealedcoalition-com/instructor_1.jpg|kings/concealedcoalition-com/instructor_2.jpg|kings/concealedcoalition-com/instructor_3.jpg,kings/concealedcoalition-com/training_1.jpg,2026-04-13T04:37:12+00:00
kings,D.B. Firearms Training,,,(559) 294-0976,,,,CA,,,,,,no_website,,,,,,2026-04-13T04:37:12+00:00
kings,Doyle Brothers Firearms Training,,,(559) 779-2042 or (559) 318-6877,,,,CA,,,,,,no_website,,,,,,2026-04-13T04:37:12+00:00
kings,Elite Training Solutions,Eric Olson,jetsgti91@gmail.com,(559) 765-7702,,,,CA,,,,,,no_website,,,,,,2026-04-13T04:37:12+00:00
kings,Estrada's Firearm Training,,,(559) 804-1973,,,,CA,,,,,,no_website,,,,,,2026-04-13T04:37:12+00:00
kings,"Firearm & Personal Security Consultants, LLC",Richard Mendoza,,(559) 310-0090,,,,CA,,,,,,no_website,,,,,,2026-04-13T04:37:12+00:00
kings,"Francisco ""Paco"" Villarreal",Francisco Villarreal,,(559) 790-3071,https://www.sangerfirearmsacademy.com,,,CA,,,,,,failed,,,,,,2026-04-13T04:37:12+00:00
kings,Foothill Training,,,(559) 355-3818,https://foothilltraining.com/,direct_booking,Yokuts Valley,CA,"46241 Longview Rd, Yokuts Valley, CA 93675",200,100,,"Foothill Training is a law enforcement training center that offers concealed carry permit classes in a relaxed outdoor environment. The instructor holds extensive qualifications including POST Advanced Instructor Certification, SWAT qualification, and multiple firearms instructor certifications. They operate on a 5-acre outdoor facility that includes an obstacle course and room clearing areas, with classes that include meals.",success,medium,"Clear pricing found for 16hr initial ($200) and 8hr renewal ($100) courses with direct booking capability. However, no address found and pricing structure for individual days not specified - only combined 16hr course price available.",,kings/foothilltraining-com/instructor_1.jpg|kings/foothilltraining-com/instructor_2.jpg,,2026-04-14T20:40:57+00:00
kings,Fortis Self Reliance,,,(559)-903-3609,,,,CA,,,,,,no_website,,,,,,2026-04-13T04:37:12+00:00
kings,Freedom Firearms and Firearms Training,Rick Field,,(559) 999-2939,,,Clovis,CA,"W8W8 J6, Clovis, CA",,,,,no_website,,,,,,2026-04-13T04:37:12+00:00
kings,Front Sight Firearms Training Institute,,,800-987-7719 or (702) 837-7433,,,Pahrump,CA,,,,,,no_website,,,,,,2026-04-13T04:37:12+00:00
kings,Gallardo Firearms Training,,gfirearmsraining@gmail.com,(559) 788-7265,https://gfirearmstraining.com/,unclear,Porterville,CA,"28956 Indian Reservation Dr, Porterville, CA 93257",,,,"Gallardo Firearms Training is operated by two brothers, Jesus and Adolfo Gallardo, who are military veterans and competitive shooters with law enforcement experience. They provide CCW training for Tulare County and Kings County, emphasizing knowledge, skills, and ability in firearms training. The company offers a variety of pistols, rifles, and shotguns for use in their classes, accommodating students who don't own firearms.",success,low,"No pricing information found anywhere on the site. Classes are listed in calendar but no booking mechanism or pricing details provided. Address shows 'Porterville, CA' in title but no specific street address given.",,,kings/gfirearmstraining-com/training_2.jpg|kings/gfirearmstraining-com/training_3.jpg,2026-04-14T20:40:57+00:00
kings,Garcia's Firearm Training,Ralph Garcia,,(559) 469-7692,,,Coalinga,CA,"1410 E Elm Ave, Coalinga, CA 93210",,,,,no_website,,,,,,2026-04-13T04:37:12+00:00
kings,GH Guns & CCW Instruction,Gary Harron,,(559) 226-6189,,,,CA,,,,,,no_website,,,,,,2026-04-13T04:37:12+00:00
kings,Godspede Firearms & Training,Albert Chan,,(559) 972-6537,,,,CA,,,,,,no_website,,,,,,2026-04-13T04:37:12+00:00
kings,"Hard Focus Firearms Training, LLC",Matthew Haywood,,(209) 564-0332,https://hardfocustraining.com/ffl-info,inquiry_only,,CA,,,,,"Hard Focus Firearms Training, LLC is a fully licensed FFL and California firearms and ammunition dealer located in Merced, California. They offer CCW training courses including initial 16-hour and renewal 8-hour classes, along with Utah Non-Resident CCW and private/custom training. The company also provides comprehensive firearms transfer services, ammunition transfers, and California Firearm Safety Certificate testing.",success,low,"No pricing information found for CCW courses despite training being offered. Only found FFL transfer fees and FSC test pricing. Location shows Merced, California but no specific address. Training courses listed but no details or booking system visible.",,kings/hardfocustraining-com/instructor_1.jpg|kings/hardfocustraining-com/instructor_2.jpg|kings/hardfocustraining-com/instructor_3.jpg,,2026-04-14T20:40:57+00:00
kings,Hold The Line,Rob Corley,prcorley@att.net,(559) 799-5850,,,,CA,,,,,,no_website,,,,,,2026-04-13T04:37:12+00:00
kings,John Lewis Professional Firearm Instruction,John Lewis,,(559) 349-3833,,,Fresno,CA,"5730 N First St, Fresno, CA 93710",,,,,no_website,,,,,,2026-04-13T04:37:12+00:00
kings,Keith Dixon,Keith Dixon,,(559) 905-2968,,,,CA,,,,,,no_website,,,,,,2026-04-13T04:37:12+00:00
kings,Kings Gun Center,Todd Cotta,,(559) 585-2000,https://kgchanford.com/,unclear,,CA,426 Park Ave,,,,,success,low,"Website content appears to be mainly navigation elements and age verification. No specific information about CCW courses, pricing, or detailed services found. Only mentions general classes and classroom rental.",kings/kgchanford-com/logo.jpeg,,,2026-04-14T20:40:57+00:00
kings,Lock & Load Firearms Instruction,,,(559) 443-9040,,,Kingsburg,CA,"10222 E Clarkson Ave, Kingsburg, CA 93631",,,,,no_website,,,,,,2026-04-13T04:37:12+00:00
kings,Mike Huddleston Heads Up Defense,Mike Huddleston,,(559) 772-9853,,,,CA,,,,,,no_website,,,,,,2026-04-13T04:37:12+00:00
kings,Next Step Training LLC,Jeffery Watkins; Marni Watkins,,(559) 707-3249,,,,CA,,,,,,no_website,,,,,,2026-04-13T04:37:12+00:00
kings,Northern Firearms Instruction,Ted Lidie,,(530) 999-1822,https://countyccw.com/,inquiry_only,Redding,CA,"11091 Rhyolite Dr #1, Redding, CA 96003",,,,"Northern Firearms Instruction is a team of highly experienced NRA Firearms Instructors operating throughout California, serving over 50 counties and cities. They specialize in California CCW courses for new and experienced shooters in a stress-free learning environment, with classes held at various Sportsman's Warehouse locations and other venues across the state. NFI instructors are NRA credentialed and DOJ licensed, with many being military veterans or former law enforcement.",success,low,No pricing information found anywhere on the website. Multiple locations listed but no specific business address. Website shows booking forms but appears to be inquiry-based rather than direct booking. Good description content available but critical pricing data completely missing.,,,kings/countyccw-com/training_1.jpg|kings/countyccw-com/training_2.jpg,2026-04-14T20:40:57+00:00
kings,Pinnacle Firearms Training,Devon Fullner,dfullner19@gmail.com,(559) 259-3204,,,,CA,,,,,,no_website,,,,,,2026-04-13T04:37:12+00:00
kings,Police Science Institute,,,(559) 276-9800,https://policescience.com/,direct_booking,Fresno,CA,"5133 North Gates Ave, Fresno, CA 93722",190,75,,"Police Science Institute has been the Valley's #1 independent school for security and law enforcement training since 1991. Founded on the premise of blending professionalism and science in new and creative ways, they combine theoretical and research coursework with hands-on professional skills development. The institute operates a full-service gun range and showroom, offering CCW classes alongside their comprehensive security training programs.",success,low,Website shows CCW classes are offered but no specific pricing found for any CCW courses. Online payments are preferred but actual costs not displayed. Strong vendor description available but missing all pricing data.,,,kings/policescience-com/training_3.png,2026-04-14T20:40:57+00:00
kings,Practical Training Solutions,Jeremy McMillan,info@practicaltrainingsolutionsLLC.com,(559) 493-8825,https://www.practicaltrainingsolutionsllc.com/,direct_booking,,CA,,200,130,,"Practical Training Solutions, LLC provides professional firearms training designed to equip civilians with the knowledge and skills to protect themselves and others. They proudly serve Tulare, Kern, Kings, and Fresno Counties with initial and renewal CCW classes. The company offers custom challenge coins and emphasizes practical training that matters.",success,medium,"Clear pricing for full 16hr initial ($200) and 8hr renewal ($130) courses with direct booking capability, but no individual day pricing or address found. Vendor serves multiple counties but specific address not provided.",kings/practicaltrainingsolutionsllc-com/logo.jpg,,kings/practicaltrainingsolutionsllc-com/training_1.webp|kings/practicaltrainingsolutionsllc-com/training_2.jpg|kings/practicaltrainingsolutionsllc-com/training_3.jpg,2026-04-14T20:40:57+00:00
kings,Rankin Field Weapons Range,Samuel Cui,,(559) 684-8853,https://rankinfield.org/,inquiry_only,Tulare,CA,"20000 Road 140, Tulare CA 93274",,130,,"Rankin Field Weapons Range is Central California's ultimate weapons range offering firearms training and CCW permit services. They provide multiple pistol ranges, a 100-yard rifle range, and flexible hours for entertaining and safe target practice. The facility also offers pistol competition ranges, Law Enforcement training, challenging competitions and special events.",success,medium,"Found clear pricing for CCW courses and good vendor description, but no specific 16-hour course breakdown or add-a-gun pricing. Booking appears to be inquiry-based through contact forms.",kings/rankinfield-org/logo.png,,kings/rankinfield-org/training_1.jpg|kings/rankinfield-org/training_2.jpg|kings/rankinfield-org/training_3.jpg,2026-04-14T20:40:57+00:00
kings,"Ron Koetsier, TK Firearms",Ron Koetsier,,(559) 901-6455,,,Tulare,CA,,,,,,no_website,,,,,,2026-04-13T04:37:12+00:00
kings,Scott R. James II,Scott R. James II,,(559) 352-6982,,,,CA,,,,,,no_website,,,,,,2026-04-13T04:37:12+00:00
kings,Sher Beard,Sher Beard,,(559) 288-1778,,,,CA,,,,,,no_website,,,,,,2026-04-13T04:37:12+00:00
kings,Sierra Technical Advisory Group,,,(505) 417-8106,,,,CA,,,,,,no_website,,,,,,2026-04-13T04:37:12+00:00
kings,Tactical 360 Firearms Defensive Tactical,Chris Martinez,,(661) 497-3089,,,,CA,,,,,,no_website,,,,,,2026-04-13T04:37:12+00:00
kings,The Firing Line,Chris Stearns,,(559) 294-9400,https://www.thefiringlineclovis.com/,unclear,Clovis,CA,,,,,"The Firing Line is an indoor shooting range in Clovis, California that has been operating since March 2012. They offer a 12-lane public pistol range plus 6 additional lanes for members to shoot small-bore rifles, along with firearm rentals, sales, and accessories. The facility provides both online and in-person CCW training with a team of instructors having over 50 years of combined experience, offering flexibility for residents in Fresno, Madera, and Kings Counties.",success,low,"No specific pricing information found for any CCW courses. Mentions both 16-hour initial and 8-hour renewal courses available online and in-person, but no costs listed. No clear booking mechanism shown on the page content.",kings/thefiringlineclovis-com/logo.jpg,,kings/thefiringlineclovis-com/training_2.jpg|kings/thefiringlineclovis-com/training_3.jpg,2026-04-14T20:40:57+00:00
kings,Vandagriff Consulting,Erik Vandagriff,,(530) 320-8858,,,,CA,,,,,,no_website,,,,,,2026-04-13T04:37:12+00:00
kings,Vigilance Plus Training & Development,,curtisbloch@vigilanceplus.life,(559) 949-7359,https://www.vigilanceplus.life/about-us,inquiry_only,,CA,,,,,"Vigilance Plus Training & Development provides a broad range of personal safety and self-defense solutions through a consultative, concierge-level approach. Led by certified instructor Curtis Bloch, they offer highly customizable training options including in-home, online, in-class, and on-range instruction. Their courses cover everything from basic firearms safety and concealed carry to less-than-lethal self-defense options, with specialized programs for women, real estate agents, children, and families.",success,low,"While vendor description is strong, no pricing information found for any courses. Only offers general 'Enroll in Course' buttons without specific CCW course pricing. Mentions 8-hour concealed carry course but no cost listed.",kings/vigilanceplus-life/logo.jpg,kings/vigilanceplus-life/instructor_1.jpg|kings/vigilanceplus-life/instructor_2.png|kings/vigilanceplus-life/instructor_3.png,kings/vigilanceplus-life/training_1.jpg|kings/vigilanceplus-life/training_2.jpg,2026-04-14T20:40:57+00:00
kings,Wade Roberts Firearms Training,Wade Roberts,,(559) 303-2848,https://waderobertsfirearmstraining.com/,inquiry_only,Tulare,CA,"1535 E Bardsley Ave, Tulare, CA",,,,"Wade Roberts Firearms Training is an NRA Training Counselor and NRA Certified CCW Instructor serving Tulare, Kings, and Fresno Counties as well as Fresno City. The training meets requirements for Arizona and Florida non-resident CCW permits and Wade can conduct ""Off Duty"" qualifications for CDCR and other agencies. He is recognized by the California Department of Justice as a ""Comparable Training Entity"" and can issue certificates allowing students to apply to become DOJ Certified Instructors.",success,medium,"Found clear instructor credentials and service area, but no pricing information available. Booking requires calling/texting for information. Address found for class location at Tulare Elks Lodge.",kings/waderobertsfirearmstraining-com/logo.jpg,,,2026-04-14T20:40:57+00:00
kings,Wilson Tactical Operations and Training LLC,Eric Wilson,,(931) 542-7702,https://wilsontacticaloperationsandtrainingllc.com/,inquiry_only,,CA,,,,,"Wilson Tactical Operations and Training, LLC is a comprehensive firearms training company serving beginner to advanced shooters in both private and group settings. They offer firearm safety certificate training, tactical movement training, basic to advanced shooting instruction across pistol, rifle and long rifle platforms, personal home defense training, and CCW classes. The company provides both classroom and mobile training services, primarily serving Tulare, Visalia, Porterville, Lindsay and Fresno areas, with home classroom training options available.",success,low,No pricing information found for any courses. Contact form suggests inquiry-only booking. Schedule shows CCW classes but no pricing details. No specific address provided.,,kings/wilsontacticaloperationsandtrainingllc-com/instructor_1.jpg,,2026-04-14T20:40:57+00:00
kings,W&S Firearms Training Lemoore Sportsman's Club,,,(559) 380-8597 or (559) 816-0709,,,Lemoore,CA,"23310 Elgin Ave, Lemoore, CA 93245",,,,,no_website,,,,,,2026-04-13T04:37:12+00:00
lake,Mendo CCW,David Goodman,team@mendoccw.com,(707) 485-2481,https://www.mendoccw.com,direct_booking,Ukiah,CA,"Ukiah Rifle Pistol Club, 2300 Vichy Springs Rd., Ukiah, CA",240,120,30,"OUR PROGRAM: Under the authorization of the presiding Sheriffs for Mendocino, and Lake Counties, we provide the necessary training, for RESIDENTS of those counties, seeking to obtain, renew or modify a concealed carry weapons (CCW) permit. The student will be presented with a summary of legal requirements & implications of lawfully carrying a loaded, concealed handgun in public, with emphasis on conflict avoidance, respect for others, responsible gun ownership and safety. We train the student in essential handgun handling and shooting skills, however applicants should have a basic knowledge of their weapon before attending the class. Upon completion of the course, the student should have a clear understanding of California laws pertaining to the use of force and concealed carry of firearms. While directly observed in exercise and course of fire, the student shall demonstrate the ability to safely carry, handle and fire their chosen handgun, through performance in technique and marksmanship. INSTRUCTOR: David Goodman is a United States Marine Veteran, serving as a Combat Marksmanship Instructor where he trained Marines in both rifle and pistol marksmanship. He further refined his skills after graduating from the Advanced Instructor Course to become an Edison Range Primary Marksmanship Instructor, responsible for training recruits at Marine Corps Boot Camp. After his military service, he transitioned into law enforcement training, becoming a certified P.O.S.T. SWAT Sniper, P.O.S.T. Tactical Rifle Instructor, and P.O.S.T. Tactical Handgun Instructor. With over 9 years of experience teaching marksmanship, he brings a deep understanding of firearms, safety, and real-world application to every class he leads. David has dedicated his career to teaching safe, effective, and confident firearms handling. His goal is to help responsible citizens gain the skills, mindset, and legal knowledge necessary to carry with confidence. Four years ago David began teaching CCW classes alongside Ron Prickett, a retired Police Sergeant. Upon his retirement from instruction, Ron passed on Mendo CCW to David to continue the standard of training that Ron built. PRIVATE OFF SITE COURSES ARE AVAILABLE, CALL OR EMAIL TO DISCUSS DETAILS: 707-485-2481 / team@mendoccw.com It should be noted that a CCW class is not always for a beginner. It is generally designed for and intended to be a venue for applicants with a basic understanding of shooting and gun handling techniques. To that point, for less experienced persons, preparatory training could prove beneficial, increasing the applicant's confidence and probable success. If this is something you are interested in, please contact us. Check out our RESOURCES and F.A.Q.'s page for other information and links. For more information on the CCW application process, click the specific link below, for your county of residence. Mendocino County SO CCW, Sonoma County SO CCW, Lake County SO CCW.",success,high,"Same program as Mendocino County listing; vendor authorized for Lake County residents per website.",,mendocino/mendoccw-com/instructor_1.jpg,,2026-04-13T04:37:12+00:00
lassen,AAO,Bryan Kinney; Kristin McNelis; Michael Phennicie; Sarah Wrathall; Kevin Giannone; Annette Phillips; Barry Bond,info@californiaccwcourses.com,(707) 400-3677,https://aao-co.com/,direct_booking,,CA,,350,175,75,AAO offers certified California CCW courses taught by multiple DOJ-certified instructors including law enforcement veterans with extensive tactical experience. They provide both in-person and online CCW training serving the Bay Area and surrounding counties. The company emphasizes personalized instruction and comprehensive training with a focus on real-world situational awareness and practical skills.,success,high,"Clear pricing found for most services, direct booking available, good vendor description, but no specific address found and individual day pricing not separated",,lassen/aao-co-com/instructor_1.jpg|lassen/aao-co-com/instructor_2.jpg,lassen/aao-co-com/training_1.jpg|lassen/aao-co-com/training_2.jpg|lassen/aao-co-com/training_3.jpg,2026-04-14T20:40:57+00:00
lassen,Armed Safety Firearm Instruction,Kevin Johnston,armedsafety@yahoo.com,(530) 300-8000,,,Cottonwood,CA,,,,,,no_website,,,,,,2026-04-13T04:37:12+00:00
lassen,Bellicose,Karen Cose,bellicosefs@gmail.com,(530) 272-2465,,,Grass Valley,CA,"13732 Mallory Ct, Grass Valley, CA 95949",,,,,no_website,,,,,,2026-04-13T04:37:12+00:00
lassen,Cap Off Firearms,Mike Pickens; Christopher Mancebo; Jefferey Holtzclaw,mrmpickens@yahoo.com,(530) 254-4626,,,Susanville,CA,,,,,,no_website,,,,,,2026-04-13T04:37:12+00:00
lassen,Chris McNally,Chris McNally,chrismcnally@rocketmail.com,(530) 260-7553,,,Susanville,CA,,,,,,no_website,,,,,,2026-04-13T04:37:12+00:00
lassen,Concealed Coalition,Terry Scharfe,,(985) 634-0296,,,,CA,,,,,,no_website,,,,,,2026-04-13T04:37:12+00:00
lassen,Crossed Star Firearms,Morgan Dant,crossedstarfirearms@yahoo.com,(530) 790-5187,https://www.crossedstarfirearms.com,inquiry_only,Susanville,CA,"12501 Loma Rica Rd, Marysville, CA 95901",300,175,,"Crossed Star Firearms is a Northern California firearms instructor offering CCW classes and training for all levels of shooters. They provide classes approved for residents from 14 counties including Butte, Lassen, Placer, Sacramento, and others. The company offers various firearms instruction including pistol familiarization, firearm safety, ladies pistol courses, and situational awareness training.",success,medium,"Clear pricing for 16hr and renewal courses, but no specific address found and booking appears to require contacting them rather than direct online booking",lassen/crossedstarfirearms-com/logo.png,lassen/crossedstarfirearms-com/instructor_1.png|lassen/crossedstarfirearms-com/instructor_2.png,,2026-04-13T19:36:25+00:00
lassen,Dave Adams,Dave Adams,dave@brcarms.com,(707) 689-0172,,,Nubieber,CA,,,,,,no_website,,,,,,2026-04-13T04:37:12+00:00
lassen,Distinguished Firearms,Rick Deruyter,rick_deruyter@hotmail.com,(530) 524-7594,https://distinguishedfirearms.com/,direct_booking,Redding,CA,,285,125,,"Distinguished Firearms Instruction specializes in Concealed Weapons Classes and firearms instruction in Northern California, serving Shasta, Siskiyou, and surrounding counties. They offer a comprehensive 16-hour, two-day CCW class that complies with California regulations and SB2 changes, including tactical, CPR, and trauma training. The company emphasizes providing training in a fun and extremely safe environment.",success,medium,"Clear pricing found for 16hr full course ($285) and renewal ($125). Has online booking system. However, no address found and some pricing appears inconsistent between different sections of the site. New gun qualification mentioned as free but unclear if this is add-a-gun pricing.",,,,2026-04-14T20:40:57+00:00
lassen,Down Range,Rhiley Harrison; Stephen Dyke; Sean Evans; Brian Gonsalves,Registration@DownRangeChico.com,(530) 896-1992,https://www.downrangechico.com/,inquiry_only,Chico,CA,13407 Garner Ln,,,,"Down Range Indoor Training Center is the North State's only 25-yard pistol, rifle and shotgun range, offering comprehensive firearms training including CCW courses and advanced pistol training. They feature a full-service firearms retail area, on-site gunsmith, and uniform shop serving law enforcement professionals. As one of only two 5-star rated ranges in California according to the National Shooting Sports Foundation, they emphasize customer service and creating a healthy learning environment for all skill levels.",success,low,Found good vendor description but no pricing information or specific address. Only references to requesting classes but no direct booking system visible.,lassen/downrangechico-com/logo.png,,lassen/downrangechico-com/training_1.png,2026-04-14T20:40:57+00:00
lassen,Echo Whiskey Tactical Training,Jeff Wallace,,(530) 690-5599,https://www.echowhiskeytactical.com,inquiry_only,Redding,CA,,,,,"Echo Whiskey Tactical is a veteran-owned business that provides firearms and personal defense instruction through all levels of experience, from novice to expert. All of their instructors are certified and highly experienced law enforcement and military veterans with real world experience and involvement with multiple critical incidents. They offer CCW initial and renewal courses, tactical pistol training, workplace violence response training, and private firearms courses throughout multiple California counties.",success,low,"No pricing information found anywhere on the site. No specific address provided, only service area counties listed. Booking appears to be inquiry-only based on 'Contact us' language for private classes, but no clear booking system described.",,,,2026-04-13T19:36:25+00:00
lassen,Firearms Training International,Robert Cristoni,ccwinstr@gmail.com,(530) 388-6148,,,Foothills Auburn,CA,,,,,,no_website,,,,,,2026-04-13T04:37:12+00:00
lassen,L7 Adventures,Minh-Thi O'Callaghan,L&AdventuresInc@gmail.com,(408) 858-3077,https://www.l7adventures.com,unclear,Alturas,CA,,,,,L7 Adventures offers outdoor recreation and training classes in a remote part of California that few have experienced. They provide fun and informative training classes but require early sign-ups to avoid cancellation due to low enrollment.,success,low,"Website mentions training classes but provides no specific details about CCW courses, pricing, or booking process. Very generic outdoor recreation content.",lassen/l7adventures-com/logo.png,,,2026-04-14T20:40:57+00:00
lassen,Lassen Community College,Dean Growdon; Terra Avilla,tdowning@lassencollege.edu,(530) 251-8801,https://www.lassencollege.edu,none,Susanville,CA,"478-200 CA-139, Susanville, CA 96130",,,,,success,low,This appears to be a general community college website with no CCW training information found. The course outlines show various academic programs but no firearms or CCW training courses are mentioned.,,,,2026-04-14T20:40:57+00:00
lassen,Michael Mai,Michael Mai,Elevatedtactical@gmail.com,,,,Susanville,CA,,,,,,no_website,,,,,,2026-04-13T04:37:12+00:00
lassen,Northern Firearm Instruction,Seth Stout; Theodore Lidie; Emily Booth,strout@usgunpro.com,(530) 999-1822,https://www.countyccw.com,inquiry_only,Redding,CA,"1659 Hilltop Dr, Redding, CA 96002",,,,"Northern Firearms Instruction is a team of highly experienced NRA credentialed and DOJ licensed instructors operating throughout California since 2007. They are authorized to teach CCW courses to residents in over 50 California counties and cities, with classes varying in length based on county requirements and most mandating a minimum of 8 hours of training. NFI specializes in providing stress-free learning environments and maintains strict instructor-to-student ratios to ensure quality training experiences.",success,low,No pricing information found anywhere on the site. Booking appears to be inquiry-only through forms. Address found for Redding location at Sportsman's Warehouse. Good vendor description available but critical pricing data missing.,,,lassen/countyccw-com/training_1.jpg|lassen/countyccw-com/training_2.jpg,2026-04-13T19:36:25+00:00
lassen,Nice Shot Indoor Shooting Range,Michael Rynearson; Andrew Torres; Andrew Hackett; Fred Mowrey,niceshotrange@gmail.com,(530) 241-6486,,,Redding,CA,4765 Caterpillar Rd,,,,,no_website,,,,,,2026-04-13T04:37:12+00:00
lassen,One on One Firearms,Ryan Harrigan; Brandon Cammara,joe@oneononefirearms.com,(916) 494-9663,https://oneononefirearms.com/,direct_booking,Sacramento,CA,"10398 Rockingham Dr #18, Sacramento, CA 95827",,,,"ONE on ONE Firearms has been Northern California's premier destination for expert firearms training since 2009. Their highly-rated firearms instructors have taught thousands of students, providing group, semi-private, and private firearms instruction in a safe and fun learning environment. They specialize in California CCW training, offering both Initial-Issue and Renewal classes approved for multiple counties, including Sacramento, Yolo, El Dorado, Nevada, Amador, Shasta, and more. They keep class sizes small to maintain a high instructor-to-student ratio and are taught by professional, NRA and California DOJ Certified Firearms Instructors.",success,low,"Clear booking system and detailed vendor description found, but no pricing information visible on any of the pages provided. The site has a structured class booking system but prices are not displayed.",lassen/oneononefirearms-com/logo.png,lassen/oneononefirearms-com/instructor_1.png|lassen/oneononefirearms-com/instructor_2.png|lassen/oneononefirearms-com/instructor_3.png,lassen/oneononefirearms-com/training_1.jpg,2026-04-14T20:40:57+00:00
lassen,Safe Insight,Aaron Miller,,(877) 217-7233,https://www.safeinsight.net,unclear,,CA,,99,300,,"Safe Insight offers sheriff-approved online CCW training that allows students to complete sections at their own pace. The company provides training from retired law enforcement instructors, includes one-on-one qualification sessions, and offers up to one hour of private instruction. They serve multiple California counties including Los Angeles, Orange, Ventura, and Sacramento counties.",success,medium,Found $99 pricing for online training but unclear if this covers full 16hr requirement or just online portion. Qualification fees are separate and variable ($75-$150). No clear booking process visible on extracted content.,lassen/safeinsight-net/logo.png,,,2026-04-13T19:36:25+00:00
los-angeles,TRB Training FT3 Tactical Range,,info@trbtraining.com,(949) 566-7263,https://www.trbtraining.com,direct_booking,Stanton,CA,8230 Electric Ave,300,300,,"Tap Rack Bang Training specializes in practical firearms instruction for civilian defenders, offering CCW training courses and advanced pistol/rifle classes. They operate as relentless 2nd Amendment advocates providing no-nonsense training with over 30 combined years of experience training Marines, law enforcement, and civilians. The company offers both group classes and private training sessions with professional instructors.",success,medium,"Found clear pricing for 2-day CCW course ($300-450 range, took lower) and 8hr renewal ($300), plus direct booking capability. However, no specific address found for Stanton location, and pricing shows ranges rather than exact amounts. Course structure appears to be 16hr total but not clearly broken into day-by-day pricing.",los-angeles/trbtraining-com/logo.png,los-angeles/trbtraining-com/instructor_1.jpg,los-angeles/trbtraining-com/training_1.png|los-angeles/trbtraining-com/training_2.png|los-angeles/trbtraining-com/training_3.png,2026-04-13T19:36:25+00:00
los-angeles,MV Tactical & Firearms Training,Brian,brian@mvtactical-firearmstraining.com,(310) 720-2028,https://mvtactical-firearmstraining.com,direct_booking,Santa Clarita,CA,,,400,,"MV Tactical & Firearms Training, Inc. is devoted to giving customers the best training experience available with accomplished and experienced instructors. They offer family-friendly training for every level gun owner from basic to advanced tactical courses, with low student-instructor ratios to ensure proper training time with each student. The company provides proven, battle-tested methods to prepare students for real world scenarios and offers both group courses and private training options.",success,medium,"Found clear renewal pricing ($400-500) and direct booking capability with 'Register Now' buttons, but no 16-hour initial course pricing or specific address. Good vendor description available from website copy.",los-angeles/mvtactical-firearmstraining-com/logo.jpg,,,2026-04-13T04:37:12+00:00
los-angeles,Firearms Training Associates,,info@ftatv.com,(714) 701-9918,https://ftatv.com,unclear,Corona,CA,"14995 River Road, Corona, CA 92880",,,,"Firearms Training Associates is a Southern California firearms training company that conducts courses in a friendly, relaxed environment emphasizing safety and mastery of weapons systems for all experience levels. Their team of instructors comprises experts from diverse backgrounds including law enforcement, military, government agencies, and competition. They offer a wide range of courses from beginner to advanced levels including pistol training, rifle training, tactical training, concealed carry, and armorer courses.",success,low,"Found address and good vendor description, but no specific CCW pricing visible. Training packages shown but no individual CCW course prices. Booking capability unclear - shows 'Click for schedule' but no visible booking process.",los-angeles/ftatv-com/logo.jpg,,los-angeles/ftatv-com/training_1.jpg|los-angeles/ftatv-com/training_2.png|los-angeles/ftatv-com/training_3.jpg,2026-04-13T04:37:12+00:00
los-angeles,Concealed Coalition,,info@concealedcoalition.com,(877) 835-7560,https://concealedcoalition.com,inquiry_only,La Puente,CA,,,,,"Concealed Coalition is a nationwide online authority for concealed carry permit training that combines digital learning with hands-on education experiences. They offer both online video courses and local in-person training through a network of certified instructors and classroom partnerships. The company focuses on changing perceptions about firearms through emotional, entertaining, and informative concealed carry class experiences.",success,low,"Website is generic marketing content with no specific pricing, address, or detailed service information. Only has ZIP code lookup for finding local classes. No California-specific CCW pricing or course structure visible.",,los-angeles/concealedcoalition-com/instructor_1.jpg|los-angeles/concealedcoalition-com/instructor_2.jpg|los-angeles/concealedcoalition-com/instructor_3.jpg,los-angeles/concealedcoalition-com/training_1.jpg,2026-04-13T04:37:12+00:00
los-angeles,Double Tap Training Center,Simon,simon@doubletapshooting.com,(818) 363-1777,https://www.doubletapshooting.com,inquiry_only,Lake View Terrace,CA,"12651 Little Tujunga Canyon, Lake View Terrace CA 91342",,,,"Double Tap Training Center is a licensed professional firearms training facility located in Lake View Terrace, California, serving as an authorized CCW training provider for Los Angeles County Sheriff Department and LAPD. Led by Rangemaster Simon Cruz with over 25 years of law enforcement experience, the center offers comprehensive firearms training to law-abiding citizens and public safety personnel. The facility provides instruction in Filipino, Spanish, and Armenian languages and maintains numerous professional certifications including NRA, DOJ, POST, and FBI credentials.",success,low,"Clear facility information and description found, but no pricing information or course structure details visible on the pages provided. Registration requires inquiry via phone/email.",,los-angeles/doubletapshooting-com/instructor_1.jpg,,2026-04-13T04:37:12+00:00
los-angeles,Aegis Authority,,aegisauthority@yahoo.com,(626) 347-0801,https://www.aegisauthority.com,direct_booking,Rancho Cucamonga,CA,,349,199,,"Aegis Authority is led by Professional Firearms Training Counselors Julie and Steve with over 20 years in the shooting industry and 22 years of experience as California State DOJ CCW Instructors. They are certified by all San Bernardino and Los Angeles County Sheriff's Departments to instruct students applying for California CCW permits. The company has trained over 25,000 new firearms owners and offers both in-person and online CCW classes, including specialized women's-led training programs.",success,medium,"Found clear pricing for full 16hr course ($349) and renewal ($199), plus online option ($299). Multiple booking options visible but no physical address found. Some pricing variations noted (private classes, 2-day renewal at $229).",,los-angeles/aegisauthority-com/instructor_1.jpg|los-angeles/aegisauthority-com/instructor_2.jpg|los-angeles/aegisauthority-com/instructor_3.jpg,,2026-04-13T04:37:12+00:00
los-angeles,Medic Up Consulting,Ron,ron@medicupconsulting.com,(714) 767-0156,https://www.medicupconsulting.com,direct_booking,Azusa,CA,,425,275,95,"Medic Up Consulting LLC is a deputy-led CCW training company serving Los Angeles, Orange, and San Bernardino counties with SB2 compliant courses. They offer comprehensive training that combines firearms instruction with medical trauma response skills including tourniquet application, wound packing, and stop-the-bleed techniques. Led by experienced law enforcement officers, their structured approach focuses on real-world legal scenarios, defensive training, and professional safety protocols.",success,high,Clear pricing found for main courses and add-on service. Strong vendor description available from website content. Direct booking capability evident from course listings. Missing specific street address.,los-angeles/medicupconsulting-com/logo.jpg,,los-angeles/medicupconsulting-com/training_1.png|los-angeles/medicupconsulting-com/training_2.png|los-angeles/medicupconsulting-com/training_3.png,2026-04-13T04:37:12+00:00
los-angeles,CalGuns Training,,calgunstraining@gmail.com,(805) 765-1486,https://www.calgunstraining.com,direct_booking,Piru,CA,,,,,"Cal Guns Training is led by Shawn, a former law enforcement officer with over 15 years of teaching experience who provides firearm instruction across Ventura County, Los Angeles, and Southern California. The company specializes in CCW certification courses, NRA Basic Handgun and Rifle classes, DOJ instructor certification, and private firearms training. They emphasize patient, non-intimidating instruction that welcomes all skill levels and ages, offering both group and personalized one-on-one sessions tailored to individual pace and goals.",success,low,"Website has clear booking capability and good vendor description, but no pricing information found for any courses. Location is listed as Piru, CA but no street address provided on the website.",los-angeles/calgunstraining-com/logo.png,los-angeles/calgunstraining-com/instructor_1.jpg,los-angeles/calgunstraining-com/training_1.png|los-angeles/calgunstraining-com/training_2.png|los-angeles/calgunstraining-com/training_3.png,2026-04-13T04:37:12+00:00
los-angeles,ShootSafe Academy FT3 Tactical Range,,shootsafe@outlook.com,(714) 625-1507,https://www.shootsafeacademy.com,inquiry_only,Stanton,CA,8230 Electric Ave,,,,"Shootsafe Academy has been providing professional firearms instruction to Southern California for over 13 years, serving Orange, Los Angeles, Riverside and San Diego counties. They offer 16-hour basic and 8-hour renewal CCW courses, as well as AZ and UT non-resident certification allowing carry in over 38 states through reciprocity agreements. Their small class sizes provide personalized attention tailored to individual student needs and concerns.",success,low,Found clear service offerings and vendor background but no pricing information or booking system. Only 'Request Information' buttons suggest inquiry-only booking. No physical address listed.,los-angeles/shootsafeacademy-com/logo.jpg,,,2026-04-13T19:36:25+00:00
los-angeles,CCW Permit Instruction Evans Gun World,Orville,orville@ccwpi.com,(949) 769-9099,https://www.ccwpermitinstruction.com,inquiry_only,Orange,CA,1637 N Brian St,250,195,,"CCW Permit Instruction, led by NRA-certified instructor Orville Wright, offers comprehensive 16-hour California CCW Permit training courses for residents of Orange County, Los Angeles County, Ventura County, Fresno County, and Madera County, as well as 8-hour renewal courses for existing permit holders. Orville brings over 30 years of firearms experience and holds certifications as an NRA Certified Pistol Instructor, NRA Certified Chief Range Safety Officer, and Concealed Firearms Certified Instructor through the Utah Bureau of Criminal Identification. His courses are approved by five California Sheriff's Departments and cover firearm safety, California and federal law, live fire qualification, and the full CCW permit application process. In addition to California permits, Orville provides instruction for Utah, Arizona, and Florida non-resident multi-state CCW permits. Private one-on-one courses are available for those seeking a personalized experience.",success,high,Done manually,,,,2026-04-13T19:36:25+00:00
los-angeles,Anchor Point Tactical,Jeff,anchorpointtactical.jeff@gmail.com,(310) 703-3732,,,Los Angeles,CA,"2319 W Olive Ave A, Burbank, CA 91506",,,,,no_website,,,,,,2026-04-13T04:37:12+00:00
los-angeles,M5 Training School of Protective Services,,M5protectivetraining@gmail.com,(661) 418-6995,https://www.m5protectivetraining.com,,Lancaster,CA,"121 Carriage Ln Unit 111, Lancaster, CA 93534",,,,,failed,,,,,,2026-04-13T04:37:12+00:00
los-angeles,VIP CCW Services LAX Airport Range,,vipccwservices@gmail.com,(310) 500-9200,https://www.vipccwservices.com,unclear,Inglewood,CA,"927 W Manchester Blvd, Inglewood, CA 90301",,,,"VIP CCW Services has been providing California CCW permit training since 2015, operating seven days a week with modular formatted classes to accommodate busy schedules. They are authorized training providers for numerous California law enforcement agencies including LASD, LAPD, and Orange County Sheriff's Department. The company offers hybrid online/in-person training, multi-state CCW classes, and private instruction, taught by CA POST certified law enforcement instructors and DOJ CCW instructors.",success,low,No pricing information found anywhere on the website. No clear booking mechanism visible. Address not listed despite being located at LAX Airport Range in Inglewood. Good vendor description available but critical business details missing.,los-angeles/vipccwservices-com/logo.jpg,,,2026-04-13T19:36:25+00:00
los-angeles,Coach K's Training,Kealii,kealii@coachkstraining.com,714-724-8705,https://www.coachkstraining.com,inquiry_only,Pala,CA,"19235 Ventura Blvd, Tarzana, CA 91356",,,,"Coach K's Training is located in Orange County, CA and offers a comprehensive range of training courses including urban and wilderness survival, firearm safety, self defense, and Basic Life Support. The company emphasizes hands-on training with detailed instruction that goes beyond basic steps to include the why, when, and practical applications. They provide both individual courses and maintain a calendar of scheduled events.",success,low,"Website mentions firearm instruction but provides no CCW-specific course information, pricing, or detailed booking process. Only general contact information available.",los-angeles/coachkstraining-com/logo.png,,los-angeles/coachkstraining-com/training_2.jpg|los-angeles/coachkstraining-com/training_3.jpg,2026-04-13T04:37:12+00:00
los-angeles,The Kit Group,Pete,pete@thekitgroup.com,(949) 422-0313,https://www.thekitgroup.com,,Chino Hills,CA,,,,,,success,low,Website blocked by security service (Incapsula) - unable to access any content,,,,2026-04-13T04:37:12+00:00
los-angeles,Jarvis Firearms Training,,Info@JarvisFirearmsTraining.com,(661) 752-5024,https://www.jarvisfirearmstraining.com,direct_booking,Mojave,CA,"14866 United St, Mojave, CA 93501",300,150,,"Jarvis Firearms Training is a veteran-owned company serving Kern and Los Angeles Counties, offering initial and renewal CCW permit courses, STOP THE BLEED, and NRA and customized courses from beginner to advanced tactical. Lead instructors Neva and Chris Pahl are DOJ CCW Certified and P.O.S.T. Certified, bringing extensive backgrounds in education, engineering, and military service to every class.",success,high,done manually,,,,2026-04-13T04:37:12+00:00
los-angeles,Armed Response Marksman The Gun Shop,,info@arm4you.com,(661) 243-3117,https://www.arm4you.com,direct_booking,Lancaster,CA,,,,,"Armed Response Marksman is a firearms training provider that offers California concealed carry courses (CCW) and renewal training. They provide a positive learning environment for students of all backgrounds and offer both rifle and pistol instruction along with basic defensive handgun classes. The instructor, Shiloh Darrow, focuses on educating students with quality instruction to help them continue learning and enjoying the safe use of firearms.",success,medium,"Found good vendor description and clear booking capability through calendar system, but no pricing information visible on any classes or specific address details beyond 'Gun Shop' location references",los-angeles/arm4you-com/logo.jpg,,los-angeles/arm4you-com/training_1.jpg|los-angeles/arm4you-com/training_2.jpg|los-angeles/arm4you-com/training_3.jpeg,2026-04-13T19:36:25+00:00
los-angeles,Sentri Institute,Paul,paul@sentriinstitute.com,(949) 591-9747,https://www.sentriinstitute.com,,Stanton,CA,"12534 Valley View St #182, Garden Grove, CA 92845",,,,,failed,,,,,,2026-04-13T04:37:12+00:00
los-angeles,Safe Insight,,info@safeinsight.net,(877) 217-7233,https://www.safeinsight.net,direct_booking,Artesia,CA,,,,,"Safe Insight offers sheriff-approved online CCW training that allows students to complete sections at their own pace, featuring instruction from retired law enforcement. They provide one-on-one qualification sessions with up to one hour of private instruction and offer a money back guarantee. The company serves multiple California counties including Los Angeles, Orange, Ventura, and Sacramento counties.",success,medium,"Found clear description and booking capability with online training model, but specific pricing is limited to $99 fee and qualification ranges of $75-$150. No traditional 16hr or 8hr course pricing structure identified.",los-angeles/safeinsight-net/logo.png,,,2026-04-13T04:37:12+00:00
los-angeles,Apex Firearms Training,Scott,scott@laccw.net,(818) 825-8760,https://www.laccw.net,inquiry_only,Sylmar,CA,,,,,"Apex Firearms Training serves Los Angeles and Ventura County with over 30 years of firearms instruction experience. Their lead instructor Scott holds CA POST certifications for handgun, rifle, and shotgun instruction, plus CA DOJ CCW Instructor certification, and has won multiple California State speed shooting titles. They offer both group classes at Burbank Firing Line and one-on-one training on a private outdoor range, teaching everything from basic handgun to advanced techniques like drawing from holster and shooting on the move.",success,low,"No pricing information found anywhere on the site. Contact form suggests inquiry-only booking. No specific address provided, only general service areas mentioned.",,,,2026-04-13T04:37:12+00:00
los-angeles,"Paragraph 2, LLC",Jim,jim@paragraph2.net,(714) 200-1202,https://www.paragraph2.net,direct_booking,Corona,CA,"14995 River Rd, Corona, CA 92880",275,175,,"Paragraph 2, LLC is a comprehensive firearms training company led by Jim Belanger, serving multiple Southern California counties including Los Angeles, Orange, Riverside, San Diego, and San Bernardino. They offer CCW training, NRA basic shooting courses, USCCA instructor certifications, and specialized classes like home defense fundamentals and women's handgun training. As approved training vendors for multiple county sheriff departments, they provide both in-person and online training options with classes held at various locations including Bass Pro Shops.",success,high,"Clear pricing found for 16hr initial ($275) and 8hr renewal ($175), multiple booking options available, comprehensive vendor description available from website content",los-angeles/paragraph2-net/logo.png,los-angeles/paragraph2-net/instructor_2.png,los-angeles/paragraph2-net/training_1.png,2026-04-13T04:37:12+00:00
los-angeles,"Defensive Firearms Training, LLC",,info@dftus.com,(424)522-3523,https://www.dftus.com,inquiry_only,Glendale,CA,,,,,"Defensive Firearms Training, LLC is a professional firearms training company operated by certified instructors with 25 years of combined military and law enforcement experience. Their instructors are licensed California attorneys who have worked in criminal law for over 10 years and hold certifications from the LA County Sheriff's Department, FBI, NRA, and Sig Sauer Academy. They offer a diverse curriculum including pistol, rifle, and shotgun training for basic to advanced skill levels, home defense courses, Los Angeles County CCW classes, and women's only programs.",success,low,"No pricing information found anywhere on the website. No clear booking system visible, only 'Contact Us' option. Address not specified beyond Glendale, CA location.",,,los-angeles/dftus-com/training_2.jpg|los-angeles/dftus-com/training_3.jpg,2026-04-13T04:37:12+00:00
los-angeles,Basic Gun Safety FT3 Tactical Range,Roger,roger@basicgunsafety.com,(714) 864-0203,https://www.basicgunsafety.com,inquiry_only,Stanton,CA,"13252 Garden Grove Blvd, Garden Grove, CA 92843",,,,"Basic Gun Safety is led by Roger Harvey, a retired Army Colonel and current U.S. Military Pentathlon Team coach who trains at the U.S. Olympic Training Center. The facility features a $30,000 LaserShot Simulator with hundreds of professionally-acted CCW and law enforcement scenarios for realistic training. They offer personalized CCW courses for Orange and LA County residents, along with advanced firearms training, competitive coaching, and specialized programs including women's self-defense and family firearms safety training.",success,medium,"Clear vendor description and address found, but no specific pricing information provided. Booking appears to be by phone/email contact only. Site mentions courses are taught but prices require calling for information.",,,,2026-04-13T19:36:25+00:00
los-angeles,First Step Shooting LAX Airport Range,,firststepshooting@gmail.com,(323) 577-9304,https://www.firststepshooting.com,inquiry_only,Inglewood,CA,"292 S. La Cienega Blvd. #104, Beverly Hills, CA 90211",,,,"First Step Shooting is an NRA, USCCA, and California DOJ certified firearms training company founded by Daniel Ferszt that provides concealed carry certification and basic pistol courses to law-abiding citizens. They are an approved training provider for the Los Angeles Sheriff's Department, Los Angeles Police Department, and all other departments within Los Angeles County. The company offers comprehensive CCW courses covering firearm safety, marksmanship, state laws, and shooting qualifications, along with specialized programs including women's self-defense and advanced shooting techniques.",success,medium,"Strong vendor description and clear services offered, but no pricing information found anywhere on the website. Contact form suggests inquiry-only booking process.",,,,2026-04-13T19:36:25+00:00
los-angeles,Hansen Firearms Training FT3 Tactical Range,,info@californiagunpermit.com,(949) 573-4099,https://www.californiagunpermit.com,direct_booking,Long Beach,CA,,275,300,0,"Hansen Firearms Training is Southern California's top rated firearms training company for concealed firearm permits. They offer CCW classes officially approved by Orange, San Diego, and Los Angeles Counties, as well as the cities of Los Angeles and Long Beach. The company provides both in-person and online blended learning options, along with basic and advanced handgun training, medical trauma, and active attacker response courses.",success,medium,Found clear description and full course pricing starting at $275. Specific renewal pricing not listed separately. First 3 guns are free for qualification. Some pricing details missing for individual days and renewal courses.,,,los-angeles/californiagunpermit-com/training_1.png|los-angeles/californiagunpermit-com/training_3.png,2026-04-13T19:36:25+00:00
los-angeles,Elite CCW and Firearms Training,,info@eliteccw.com,(714) 600-3120,https://www.eliteccw.com,inquiry_only,Fountain Valley,CA,"18183 Euclid St, Fountain Valley, CA 92708",400,300,,"EliteCCW is the premiere training provider in Southern California, founded by a former Orange County Sheriff CCW supervisor. They offer authorized training for multiple jurisdictions including Orange County, Los Angeles County, San Diego County, Arizona, Utah and Florida. Their Fountain Valley facility features state-of-the-art simulator training, an indoor shooting range, and a fully stocked pro shop for comprehensive firearm education and training.",success,medium,"Found full 16hr course price and clear address, but missing individual day prices and renewal pricing. Booking appears to require inquiry/email contact rather than direct online booking.",los-angeles/eliteccw-com/logo.png,,los-angeles/eliteccw-com/training_1.jpeg|los-angeles/eliteccw-com/training_2.jpeg|los-angeles/eliteccw-com/training_3.jpeg,2026-04-13T04:37:12+00:00
los-angeles,SouthWest Training Center,,info@southwesttrainingcenter.org,(310) 650-6896,https://www.southwesttrainingcenter.org,inquiry_only,Sylmar,CA,"10285 Glenoaks Blvd #6, Pacoima, CA, 91331",,,,"Southwest Training Center is a dedicated group of professional instructors committed to providing excellent training for career professionals and everyday users alike. They offer a diverse range of courses including concealed carry classes, firearms training, security courses, medical training, law enforcement training, and self-defense courses. Drawing skills from a broad range of industries, they position themselves as a go-to provider for comprehensive professional training.",success,low,Website under construction with no pricing information available. Only basic contact info and general course categories found. Concealed carry classes mentioned but no specific details or pricing provided.,los-angeles/southwesttrainingcenter-org/logo.png,,los-angeles/southwesttrainingcenter-org/training_1.png|los-angeles/southwesttrainingcenter-org/training_2.png|los-angeles/southwesttrainingcenter-org/training_3.jpg,2026-04-13T04:37:12+00:00
los-angeles,Together we Step,,t_w_step@yahoo.com,(562) 810-7631,https://www.togetherwestep.com,direct_booking,Lytle Creek,CA,"1905 Lytle Creek Rd., Lytle Creek, California, 92358",,,,"Together We S.T.E.P is a certified firearm training company led by instructor Lawrence Enge, who is a USCCA firearm instructor and NRA range safety officer. The company provides CCW classes for LA County, Riverside, San Bernardino, and Orange County, as well as multi-state CCW training and CPR/First Aid instruction. Their name stands for 'together we survive, train, educate, and protect,' reflecting their core training philosophy.",success,low,"Clear booking capability and address found, but no pricing information available on the website despite multiple 'Book' buttons present",los-angeles/togetherwestep-com/logo.png,,los-angeles/togetherwestep-com/training_1.jpg,2026-04-13T04:37:12+00:00
los-angeles,Evans Security Training Academy & Range,Levans,Levans4189@gmail.com,(424) 785-5554,https://evanssecuritytrainingacademy.com,inquiry_only,Los Angeles,CA,"2359 Rosecrans Ave, Los Angeles, CA, 90059",,,,"Evans Security Training Academy is a fully state licensed security training facility established in 1982, specializing in security guard training, firearm training, and first aid training. The academy features instructors with over 30 years of law enforcement experience and maintains an on-site indoor pistol range and Live Scan machine for customer convenience. They offer California CCW and Utah CCW training alongside their security training programs.",success,low,"While the vendor offers CCW training and has detailed facility information, no specific CCW course pricing or course structure details were found. The website mentions a 'Price List' page but the actual pricing content was not included in the provided content.",los-angeles/evanssecuritytrainingacademy-com/logo.jpg,,los-angeles/evanssecuritytrainingacademy-com/training_1.jpg|los-angeles/evanssecuritytrainingacademy-com/training_2.png|los-angeles/evanssecuritytrainingacademy-com/training_3.png,2026-04-13T04:37:12+00:00
los-angeles,Alpha Culture LLC,,training@alphacultureFA.com,(951) 564-1059,https://www.alphaculturefa.com,direct_booking,Perris,CA,"27851 Bradly Rd suite 130F, Sun City, CA 92586",,,,"Alpha Culture LLC is a firearms training company that provides holistic approach training with both field and classroom instruction. They offer Basic Firearms courses, USCCA courses, and Basic CPR & Life Support training. The company emphasizes that safety and self-defense training starts before an incident occurs and provides training materials for continued learning.",success,low,"Clear booking capability and address found, but no specific pricing information available. Course offerings are mentioned but without details on CCW-specific courses or costs.",los-angeles/alphaculturefa-com/logo.png,,,2026-04-13T04:37:12+00:00
los-angeles,Northern Firearms Instruction,,,(800) 913-1393,https://www.countyccw.com,inquiry_only,Rancho Cucamonga,CA,"11091 Rhyolite Dr #1, Redding, CA 96003",,,,"Northern Firearms Instruction is a team of highly experienced NRA Firearms Instructors operating throughout California and serving over 50 counties and cities. They specialize in California CCW courses for new and experienced shooters, teaching in a stress-free learning environment. NFI maintains strict instructor-to-student ratios and is composed of 100% NRA credentialed instructors who must update their credentials yearly.",success,medium,"Strong vendor description found and clear service offerings, but no pricing information available and no specific address for Rancho Cucamonga location. Multiple teaching locations listed but none specifically in Rancho Cucamonga. Booking appears to require contacting them directly.",,,los-angeles/countyccw-com/training_1.jpg|los-angeles/countyccw-com/training_2.jpg,2026-04-13T04:37:12+00:00
los-angeles,APEX Defense Strategies LLC,,info@apexdefensivestrategies.com,(714) 497- 0714,,,Chino,CA,,,,,,no_website,,,,,,2026-04-13T04:37:12+00:00
los-angeles,Seven 4 Para,Eloy,eloy@seven4para.com,(424) 371-6070,https://www.seven4para.com,,Artesia,CA,,,,,,failed,,,,,,2026-04-13T04:37:12+00:00
los-angeles,NationwideCCW,,info@nationwideccw.com,(818) 660-6123,https://www.nationwideccw.com,direct_booking,,CA,6034 Vineland Ave,,,,NationwideCCW offers concealed firearm training with LAPD and LASD certifications as well as multi-state certifications. They market their training as affordable and encourage immediate enrollment through their website.,success,low,"Only basic marketing content visible - no specific pricing, detailed course information, or address found. Booking capability inferred from 'Enroll Now' and 'Sign Up Today' calls to action.",,,,2026-04-13T04:37:12+00:00
los-angeles,Paladin Defense Group,,paladindefensegroup@gmail.com,(661) 675-8686,https://paladindefensegroup.com,,Palmdale,CA,,,,,,failed,,,,,,2026-04-13T04:37:12+00:00
los-angeles,Public Safety Institute,,,(323) 767-8484,https://www.publicsafetyinstitute.us,direct_booking,Artesia,CA,"6400 E Washington Blvd, Commerce, CA 90040",275,150,,"Public Safety Institute is a California state-licensed training provider (TFF 1303) serving over 20,000 students with BSIS and county-approved CCW training. They offer multi-county approved CCW courses for Los Angeles, Riverside, and Kern counties, along with comprehensive security training programs. The institute provides flexible payment plans and promises to get students started in days rather than months.",success,medium,"Clear pricing for CCW initial ($275) and renewal ($150) courses found, and vendor offers direct booking. However, no specific address found and pricing structure doesn't clearly separate into day 1/day 2 components for the 16-hour course.",,,los-angeles/publicsafetyinstitute-us/training_1.png|los-angeles/publicsafetyinstitute-us/training_2.jpg|los-angeles/publicsafetyinstitute-us/training_3.png,2026-04-13T04:37:12+00:00
los-angeles,Comfort Zone Assurance,,gilgiss@comfortzoneassurance.com,(760) 500-4127,https://www.comfortzoneassurance.com,inquiry_only,Orange,CA,"1026 N Tustin St, Orange CA 92867",,,,"Comfort Zone Assurance is a California DOJ-certified CCW training provider based in Orange, CA. They offer both initial 16-hour CCW courses (split into Day 1 classroom and Day 2 classroom/range) and 8-hour renewal courses. The company focuses on providing realistic, experience-based training to help students develop self-sufficiency skills until professional help arrives.",success,medium,"Found clear course offerings and address, but no pricing information. Calendar events show structured CCW training but booking appears to require contact via phone.",,,,2026-04-13T04:37:12+00:00
los-angeles,308 Tactical Firearms Training,,info@308tac.com,(805) 585-5220,https://www.308tac.com,direct_booking,Santa Paula,CA,"1315 E Main St, Santa Paula, CA 93060",,,,"308 Tactical Firearms Training is an LAPD and LASD approved CCW training provider serving Los Angeles, Ventura, Kern, San Diego to Plumas Counties, and many other states. They offer comprehensive California CCW courses taught by certified instructors who also train law enforcement and military personnel. The training includes defensive handgun skills, legal knowledge, and drawing from holster techniques, with courses designed to meet rigorous standards of major California law enforcement agencies.",success,medium,"Clear booking capability through calendar system and good vendor description from website copy, but no pricing information found anywhere on the site. Course structure shows 2-day CA CCW courses but no prices listed.",los-angeles/308tac-com/logo.png,los-angeles/308tac-com/instructor_1.jpg|los-angeles/308tac-com/instructor_2.jpg,los-angeles/308tac-com/training_1.jpg|los-angeles/308tac-com/training_2.jpg|los-angeles/308tac-com/training_3.jpg,2026-04-13T04:37:12+00:00
los-angeles,Phoenix Tactical Solutions,,maani@phoenixtacticalsolutions.com,(747) 333-8221,https://www.phoenixtacticalsolutions.com,inquiry_only,Sylmar,CA,"12651 Little Tujunga Canyon Rd C, Lake View Terrace, CA 91342",,,,"Phoenix Tactical Solutions is a Los Angeles-based firearms training company that provides tactical solutions and customized DEF-TAC programs for defensive needs. They serve civilians, military personnel, law enforcement, and contractors with specialized courses including handgun, rifle, shotgun, and force-on-force training. As an approved CCW training provider for LA County, they emphasize safety-first instruction with individual attention in both group and private lesson formats.",success,low,"Website mentions being an approved CCW training provider for LA County but provides no specific pricing information, course schedules, or direct booking functionality. Only has general contact form for inquiries.",,,los-angeles/phoenixtacticalsolutions-com/training_1.jpg|los-angeles/phoenixtacticalsolutions-com/training_2.jpg|los-angeles/phoenixtacticalsolutions-com/training_3.jpg,2026-04-13T04:37:12+00:00
los-angeles,KD Security Group,,info@kdsecuritygroup.com,(310) 867-5877,https://www.kdsecuritygroup.com,none,Sylmar,CA,,,,,"KD Security Group provides estate, family, executive, celebrity and event protection services staffed with law enforcement officers and military veterans. The company offers customized security plans tailored to individual needs, with expertise in risk assessment, tactical response, and crisis management. Their team maintains affiliations with law enforcement and intelligence agencies to enhance their protective capabilities.",success,low,"This appears to be a private security company focused on personal protection services, not a CCW firearms training vendor. No CCW training courses, pricing, or booking information found.",,,,2026-04-13T04:37:12+00:00
los-angeles,LA Progressive Shooters,,tom@laprogressiveshooters.com,(323) 900-5277,https://laprogressiveshooters.com,direct_booking,Azusa,CA,"1171 E Alosta Ave #10001, Azusa, CA 91702",439,239,,"L.A. Progressive Shooters specializes in demystifying guns and making the experience fun and educational, with an emphasis on safety and comfort. They offer a comprehensive range of pistol training courses from beginner fundamentals to advanced red dot optics training, and provide CCW classes through partnerships. The company focuses on creating safe, inclusive spaces for learning firearms, including dedicated classes for women, femmes, trans, and non-binary folks.",success,medium,"Found clear CCW pricing and booking capability with 'Book Now' buttons throughout. Good vendor description from their own copy. However, missing specific address (only shows 'Azusa' location) and no add-a-gun pricing found.",,los-angeles/laprogressiveshooters-com/instructor_1.jpg|los-angeles/laprogressiveshooters-com/instructor_2.jpg|los-angeles/laprogressiveshooters-com/instructor_3.jpg,,2026-04-13T04:37:12+00:00
los-angeles,The CCW School,,katie@theccwschool.com,(562) 645-3494,https://www.theccwschool.com,inquiry_only,Artesia,CA,"545 W Valencia Dr, Fullerton, CA 92832",300,200,,"The CCW School provides online and in-person CCW training courses approved for Orange County, Los Angeles County, and San Diego County jurisdictions. They offer flexible program options including online courses for select areas, with no additional range fees. The school also provides multi-state permit training for Florida and Arizona, allowing CCW holders to carry in approximately 74% of the USA.",success,high,"Clear pricing and service offerings found, though no physical address listed and booking appears to require email/phone contact",,,los-angeles/theccwschool-com/training_2.png|los-angeles/theccwschool-com/training_3.png,2026-04-13T04:37:12+00:00
los-angeles,American Academy of Protective Training,,training@myaapt.com,(877) 765-1428,https://myaapt.com,inquiry_only,Van Nuys,CA,"6819 Sepulveda Blvd #309, Van Nuys, CA 91405",,,25,"American Academy of Protective Training (AAPT) is a California-licensed security training facility that offers comprehensive firearms training programs for civilians, security professionals, and law enforcement. They specialize in California CCW courses, NRA basic firearm training, and tactical defensive training with a focus on developing combat mindset and reflexive conditioned response. AAPT emphasizes practical, realistic training delivered by professional instructors with national recognition in firearms training and tactical strategies.",success,medium,"Clear vendor description and some pricing found, but no standard 16hr/8hr CCW course structure. Only found California CCW at $150 initial/$75 renewal and add-a-gun pricing. No clear address or direct booking system.",los-angeles/myaapt-com/logo.png,,,2026-04-13T04:37:12+00:00
los-angeles,Route 66 Shooting Sports Park,,training@r66ssp.com,(909) 880-0093,https://www.r66ssp.com/training,unclear,San Bernardino,CA,15810 Cajon Blvd,,,,"Route 66 Shooting Sports Park is a shooting facility that promotes safe and responsible firearms ownership. They offer various training programs including firearms safety courses, pistol and handgun courses, long gun courses, CCW courses, and specialized courses. The facility caters to new and first-time shooters with programs designed to help them get started in the right direction.",success,low,"Only found general course categories and mission statement. No specific pricing, address, or booking details. Training calendar referenced but not accessible in provided content.",,,,2026-04-13T04:37:12+00:00
los-angeles,Cobra Tactical Inc.,,contact@cobratactical.com,(661) 257-1406,https://www.cobratactical.com,unclear,Valencia,CA,"28910 Avenue Penn Unit 210 Valencia, CA 91355",,,,"Cobra Tactical Inc. is a Valencia-based firearms dealer that has served law enforcement, military, and civilians since 2003. They offer gun sales, gunsmithing services, and firearms training including CCW training, defensive pistol courses, hunter education, and pistol fundamentals. The company also manufactures their own line of AR-15 parts and accessories under the Cobra Tactical brand.",success,low,"Website mentions CCW training in navigation menu but no detailed course information, pricing, or booking details found. Primarily appears to be an e-commerce site focused on gun sales and parts.",los-angeles/cobratactical-com/logo.jpg,,los-angeles/cobratactical-com/training_1.jpg,2026-04-13T04:37:12+00:00
madera,AAO,Bryan Kinney,,707-400-3677,https://californiaccwcourse.com,,,CA,,,,,,failed,,,,,,2026-04-13T04:37:12+00:00
madera,ACAM Society LLC,Alvin Moore,training@acamsociety.com,559-797-1958,https://acamsociety.com/,inquiry_only,,CA,,225,170,75,"ACAM SOCIETY LLC is a firearms training company established in 2021 that offers both online and in-person CCW courses compliant with California's SB2 requirements. They provide a hybrid approach with 15 hours of online instruction plus 1 hour of live-fire qualification for initial courses, and specialize in training for real estate professionals. The company is approved by multiple counties including Madera, Fresno, and Kings County.",success,high,"Clear pricing for main courses and add-on services found, but booking requires phone appointment and no address listed",madera/acamsociety-com/logo.jpg,madera/acamsociety-com/instructor_1.jpg,,2026-04-14T20:40:57+00:00
madera,Advanced Combat Evolutions,Matt Alexander,info@advancedcombatevolutions.com,559-360-0704,https://www.advancedcombatevolutions.com/,direct_booking,,CA,,,,,"Advanced Combat Evolutions is a POST-certified tactical training company specializing in law enforcement courses. They offer specialized training in precision rifle fundamentals, sniper operations, vehicle extractions, building searches, and various tactical operations. The company provides both scheduled courses across California and private training options for law enforcement agencies.",success,low,"This appears to be a law enforcement training vendor, not a CCW/civilian firearms training provider. No CCW-related pricing or services found - all courses are POST-certified for law enforcement personnel only.",,,,2026-04-14T20:40:57+00:00
madera,AEGIS International,John Bawcom,aegisbawcom@gmail.com,559-246-8745,,,,CA,,,,,,no_website,,,,,,2026-04-13T04:37:12+00:00
madera,Amerrickan-CCW,Donald Merrick,donaldrmerrick@gmail.com,559-287-9258,,,,CA,,,,,,no_website,,,,,,2026-04-13T04:37:12+00:00
madera,Ammo Dogs,Joe Ohanian,joeammodogs@gmail.com,559-241-4472,,,,CA,,,,,,no_website,,,,,,2026-04-13T04:37:12+00:00
madera,April-Skye Defense Tactics,April Skye Parsons,,559-679-6578,https://aprilskye.com,inquiry_only,Visalia,CA,"1712 E Janelli Ct, Visalia, CA 93292",,,,"April Skye Defense Tactics is run by April Skye Parsons, a certified firearms instructor for California, Utah and Tennessee who offers CCW classes for Tulare, Kings, Fresno and Madera Counties in California. She holds multiple certifications including USCCA, NRA, and The Well Armed Woman instructor credentials, and specializes in teaching women firearms safety and concealed carry in a comfortable learning environment. April also serves as a Tulare County Sheriff's Office Volunteer in Patrol board member and offers non-lethal personal protection products through Damsel in Defense.",success,low,"Found instructor credentials and service area but no pricing information, specific course details, or physical address. Only contact phone number and appointment-based booking available.",madera/aprilskye-com/logo.jpg,madera/aprilskye-com/instructor_1.jpg|madera/aprilskye-com/instructor_2.jpg|madera/aprilskye-com/instructor_3.jpg,,2026-04-13T04:37:12+00:00
madera,Ashworth Firearms Training,Ernie Rodrigues,ernierodrigues@gmail.com,559-304-8611,,,,CA,,,,,,no_website,,,,,,2026-04-13T04:37:12+00:00
madera,Barone Arms,Charles Barone,firearms.ca@barone.one,843-779-7759,,,,CA,,,,,,no_website,,,,,,2026-04-13T04:37:12+00:00
madera,Blue Whale Security inc,Mary Mitchell,info@BlueWhaleSecurityinc.com,559-324-1700,,,,CA,,,,,,no_website,,,,,,2026-04-13T04:37:12+00:00
madera,Brenda Collins,Brenda Collins,bcollins613@yahoo.com,559-250-4702,,,,CA,,,,,,no_website,,,,,,2026-04-13T04:37:12+00:00
madera,Candelario Salas,Candelario Salas; Paul Islas,csalas@marksmendefensivetraining.com,559-269-3415,,,,CA,,,,,,no_website,,,,,,2026-04-13T04:37:12+00:00
madera,CCW Permit Intruction,Orville Wright,orville@ccwpi.com,949-769-9099,,,Orange,CA,"1940 N Tustin St # 102, Orange, CA 92865",,,,,no_website,,,,,,2026-04-13T04:37:12+00:00
madera,Central Valley CCW,Vance Wedeking,centralvalleyCCW@gmail.com,559-512-0845,https://www.centralvalleyccw.com/,inquiry_only,,CA,,300,150,,"Central Valley CCW Training provides online and in-person CCW certification courses approved for Fresno and King County residents. They offer convenient self-paced online classes combined with required hands-on training, along with basic firearms training, advanced tactical courses, and active shooter response training for CCW holders.",success,medium,Found clear pricing for 16hr initial ($300) and 8hr renewal ($150) courses with online/in-person hybrid format. No address found and booking appears to be email-only inquiry system.,madera/centralvalleyccw-com/logo.png,,madera/centralvalleyccw-com/training_1.jpg|madera/centralvalleyccw-com/training_3.jpg,2026-04-14T20:40:57+00:00
madera,Central Valley Defensive Training,Paul Holt,Instructor@cvdefensivetraining.com,559-797-1975,https://cvdefensivetraining.com/,inquiry_only,,CA,,,,,"Central Valley Defensive Training provides firearms training courses including California CCW classes that satisfy SB2 requirements, NRA Basic Pistol, Personal Protection Inside and Outside the Home, and various defensive pistol courses. They offer both private one-on-one lessons and group classes, with specialized services for last-minute renewal classes and adding new firearms to CCW permits. The company serves multiple counties including Fresno, Madera, and works with various police departments in the Central Valley area.",success,low,"Found good description content but no specific pricing information, no address, and booking appears to be inquiry-only through request forms. PDF content was corrupted and unreadable.",madera/cvdefensivetraining-com/logo.png,madera/cvdefensivetraining-com/instructor_1.jpg|madera/cvdefensivetraining-com/instructor_2.png|madera/cvdefensivetraining-com/instructor_3.png,madera/cvdefensivetraining-com/training_1.png|madera/cvdefensivetraining-com/training_2.jpeg|madera/cvdefensivetraining-com/training_3.jpeg,2026-04-14T20:40:57+00:00
madera,Chad Specht,Chad Specht,spstraining559@gmail.com,559-776-2248,,,,CA,,,,,,no_website,,,,,,2026-04-13T04:37:12+00:00
madera,Chris Williams,Chris Williams,cwilliams0691@gmail.com,559-994-1261,,,,CA,,,,,,no_website,,,,,,2026-04-13T04:37:12+00:00
madera,Donovan Failla,Donovan Failla,djfailla3@gmail.com,559-970-8716,,,,CA,,,,,,no_website,,,,,,2026-04-13T04:37:12+00:00
madera,Duck and Cover Tactical,Leon Orndoff,DACtactical@gmail.com,559-421-8789,https://dactactical.com/,inquiry_only,,CA,4655 W Jacquelyn Ave STE 102,,,,"Duck and Cover Tactical is a Fresno gun shop offering firearms, ammunition, and comprehensive training programs led by Spike, a U.S. Marine with over 20 years of tactical experience and combat deployments. They provide CCW permit courses including initial concealed carry classes and 8-hour recertification training. The facility emphasizes affordability and aims to help people legally acquire and safely use firearms through professional instruction in a modern, accessible location.",success,low,Found detailed information about the business and training programs but no specific pricing for CCW courses. Training courses are mentioned but prices are not listed. Address shows only general area (Shaw and CA-99 intersection) but no full street address.,madera/dactactical-com/logo.png,,madera/dactactical-com/training_1.png|madera/dactactical-com/training_2.jpg|madera/dactactical-com/training_3.jpg,2026-04-14T20:40:57+00:00
madera,"Eclipse Firearms & Training, LLC",Sunny Le,Sunny@Eclipsefnt.com,209-710-8554,,,,CA,,,,,,no_website,,,,,,2026-04-13T04:37:12+00:00
madera,Elite Training Solutions,Eric Olsen,jetsgt91@gmail.com,559-765-7702,,,,CA,,,,,,no_website,,,,,,2026-04-13T04:37:12+00:00
madera,Ernie Rodrigues,Ernie Rodrigues,ernierodrigues@gmail.com,559-304-8611,,,,CA,,,,,,no_website,,,,,,2026-04-13T04:37:12+00:00
madera,Ethos Firearms & Defensive Training,Sam Carter,sam@ethosprotectionservices.com,559-245-4300,,,,CA,,,,,,no_website,,,,,,2026-04-13T04:37:12+00:00
madera,Exeter Gunslingers,Devin Stout,devin@exetergunslingers.com,559-786-4570,https://exetergunslingers.com/,,Exeter,CA,"202 E Maple St, Exeter, CA 93221",,,,,success,low,"Only vendor name provided, no substantial website content available to extract pricing, booking, or descriptive information",,,,2026-04-14T20:40:57+00:00
madera,Foothill training,Steve Collins,service@Foothilltraining.com,559-355-3818,https://foothilltraining.com/,direct_booking,Yokuts Valley,CA,"46241 Longview Rd, Yokuts Valley, CA 93675",200,100,,"Foothill Training is a California-based firearms training company offering CCW courses in a relaxed outdoor environment on their 5-acre facility. Led by an instructor with extensive law enforcement and military qualifications including POST Advanced Instructor Certification and SWAT experience, they provide both initial 16-hour CCW classes and 8-hour renewal courses. Their training includes meals and takes place at an outdoor range with obstacle courses and room clearing facilities.",success,high,"Clear pricing found for both initial ($200) and renewal ($100) courses, direct booking capability evident, strong vendor description available from website copy, but no specific address provided",,madera/foothilltraining-com/instructor_1.jpg|madera/foothilltraining-com/instructor_2.jpg,,2026-04-14T20:40:57+00:00
madera,Freedom Firearms,Rick Field,field.rick@att.net,559-999-2939,https://www.freedomfirearms.info/,inquiry_only,Clovis,CA,,,,,"Freedom Firearms is led by Rick Field, a SWAT Law Enforcement Officer, Army Combat Medic, and Law Enforcement Certified Firearms Instructor who brings real-world experience to firearms education. They offer CCW instruction, fundamentals of marksmanship, and advanced tactical training for all skill levels. The company emphasizes a holistic approach to responsible gun ownership, covering legal, ethical, and practical dimensions of firearm use.",success,low,"No pricing information found, no specific address, only general contact form for booking inquiries. Good vendor description available but missing key operational details.",,,,2026-04-14T20:40:57+00:00
madera,Fresno Rifle and Pistol Club,Rana Atif,atifrana786@gmail.com,559-299-6365,https://www.fresnorifleandpistolclub.com,unclear,Clovis,CA,,,,,"Fresno Rifle and Pistol Club is an outdoor recreational shooting facility located 15 minutes from Fresno and Clovis on 220 acres at the base of the Sierra foothills. Incorporated in 1934, FRPC provides a safe environment for shooting sports and hosts five shooting clubs with monthly matches. Reviews mention staff member Joey helping with gun education and CCW process, though specific CCW training details are not provided.",success,low,"Found only a brief mention of CCW process assistance but no CCW training program details, pricing, or booking information. This appears to be primarily a shooting range/club rather than a CCW training vendor.",madera/fresnorifleandpistolclub-com/logo.png,,madera/fresnorifleandpistolclub-com/training_1.jpg|madera/fresnorifleandpistolclub-com/training_2.jpg,2026-04-14T20:40:57+00:00
madera,Garcia's Firearms Training,Ralph Garcia,Gft.safety@gmail.com,559-469-7692,,,Coalinga,CA,"1410 E Elm Ave, Coalinga, CA 93210",,,,,no_website,,,,,,2026-04-13T04:37:12+00:00
madera,Gemini Training Systems,Justin Bowerman Owner,Geminitraining78@icloud.com,559-706-5843,,,,CA,,,,,,no_website,,,,,,2026-04-13T04:37:12+00:00
madera,Gery Harron,Gery Harron,geryharron@sbcglobal.net,559-226-6289,,,,CA,,,,,,no_website,,,,,,2026-04-13T04:37:12+00:00
madera,Grover Group,Anoop Grover,anoop@grovergroup.biz,510-676-6076,http://ggccw.biz,inquiry_only,,CA,,450,300,,"Grover Group Training is a California Department of Justice certified CCW training provider approved by 30+ sheriff's offices and police departments across Northern California. They offer hybrid delivery courses combining virtual instructor-led lectures with live-fire qualification, led by certified instructors with credentials from DOJ, NRA, USCCA, and California POST. The company also provides firearms transfers as a licensed FFL01 dealer and law enforcement training as a POST-certified instructor.",success,high,Clear pricing structure and detailed course information found. Booking appears to require contact for registration. No specific address found on the website content provided.,madera/ggccw-biz/logo.png,,madera/ggccw-biz/training_1.jpeg|madera/ggccw-biz/training_2.jpg,2026-04-14T20:40:57+00:00
madera,Hammer Stryke,Duane Young; John; Dave Givens,dave@hammerstryke.com,209-614-1718,https://www.hammerstryke.com,direct_booking,,CA,,220,110,20,"Hammer Stryke Self-Reliance Training is a California corporation providing advanced firearms training, CCW classes, and personal protection skills throughout central California. They operate training facilities in Mariposa and Merced Counties and serve Mariposa, Madera, Merced, and Stanislaus counties for CCW training. The company emphasizes comprehensive training that exceeds minimum requirements, with instructors having backgrounds in military, law enforcement, search and rescue, and emergency medicine.",success,medium,"Found clear pricing and booking info, but no specific address and unclear if $220 is for full 16hr course or different structure. Strong vendor description available from website copy.",madera/hammerstryke-com/logo.png,,,2026-04-14T20:40:57+00:00
madera,Hard Focus Training,Matthew Haywood,matt@hardfocustraining.com,209-564-0332,https://hardfocustraining.com,unclear,,CA,,,150,,"Hard Focus Firearms Training is dedicated to providing the best, most effective techniques in Defensive Shooting to protect yourself and loved ones. They pride themselves on going above and beyond minimum standards by providing the best experience and safest environment for their students. The company is approved for CCW certification in Merced, Madera, Fresno, Tulare, San Benito, Tuolumne and Stanislaus counties in California.",success,medium,"Found clear pricing for 8hr renewal ($150) and good vendor description, but missing pricing for 16hr initial course, address, and clear booking process. Training calendar mentioned but not accessible.",,madera/hardfocustraining-com/instructor_1.jpg|madera/hardfocustraining-com/instructor_2.jpg|madera/hardfocustraining-com/instructor_3.jpg,,2026-04-14T20:40:57+00:00
madera,High Caliber Tactical,Donald Penner,varminator@comast.net,559-903-7547,,,,CA,,,,,,no_website,,,,,,2026-04-13T04:37:12+00:00
madera,Instinct Defense,Jack Mulroy,info@instinct-defense.com,559-917-8266,https://instinct-defense.com/,direct_booking,,CA,,,,,"Instinct Defense specializes in firearm safety instruction and home defense strategies with the goal of providing knowledge and skills to protect yourself and your loved ones. They offer a range of training courses from basic pistol for beginners to advanced tactical courses, including CCW initial and renewal classes. The company provides both group courses and private instruction options.",success,low,Website shows course offerings and mentions CCW initial/renewal but no pricing information found. Has online signup capability but no specific address or pricing details visible.,madera/instinct-defense-com/logo.png,,madera/instinct-defense-com/training_1.jpg|madera/instinct-defense-com/training_2.jpg|madera/instinct-defense-com/training_3.jpg,2026-04-14T20:40:57+00:00
madera,Jennifer Coffeen,Jennifer Coffeen,selfreliancetactics1776@gmail.com,559-474-2774,,,,CA,,,,,,no_website,,,,,,2026-04-13T04:37:12+00:00
madera,Jerry Diaz,Jerry Diaz,Jerry1515@yahoo.com,559.553.2561,,,,CA,,,,,,no_website,,,,,,2026-04-13T04:37:12+00:00
madera,Jim Bernardi Firearms Consulting,Jim Bernardi,BernardiFirearms@gmail.com,559-683-5869,,,,CA,,,,,,no_website,,,,,,2026-04-13T04:37:12+00:00
madera,John Lewis Professional Firearms training,John Lewis,johnlpfi@gmail.com,559-349-3833,https://wwwjlpfi.com,,,CA,,,,,,failed,,,,,,2026-04-13T04:37:12+00:00
madera,Karen Kochheiser,Karen Kochheiser,karenk13@hotmail.com,559-288-7273,,,,CA,,,,,,no_website,,,,,,2026-04-13T04:37:12+00:00
madera,Kings Gun Center,Todd Cotta,info@kingsguncenter.com,559-585-2000,https://kgchanford.com/,unclear,,CA,426 Park Ave,,,,,success,low,"Website content shows only basic navigation and age verification screens. No specific course information, pricing, or detailed business description found. References to classes exist but no details provided.",madera/kgchanford-com/logo.jpeg,,,2026-04-14T20:40:57+00:00
madera,Madera Regional Training Facility,Don Wallace,ccw@maderafirearms.com,559-822-6400,,,Madera,CA,"323 N E St, Madera, CA 93638",,,,,no_website,,,,,,2026-04-13T04:37:12+00:00
madera,On Target firearms Instruction,Andy Washington,chiefrangemaster1@gmail.com,559-307-4254,,,Modesto,CA,,,,,,no_website,,,,,,2026-04-13T04:37:12+00:00
madera,Operational Strategic Innovations Group,Ron Pierini,info@osigglobal.com,559-417-9494,,,,CA,,,,,,no_website,,,,,,2026-04-13T04:37:12+00:00
madera,Paco Villareal,Paco Villareal,paco@559ccw.com,559-790-3071,https://559ccw.com,direct_booking,,CA,,165,125,,"559CCW provides online and in-person California CCW training led by a U.S. Marine Corps veteran and DOJ-certified instructor. They offer 16-hour initial courses and 8-hour renewal courses that meet all state requirements, with flexible online options that save progress automatically. The company serves residents of Fresno, Tulare, Kings, Merced, Madera, and Plumas counties and includes live-fire qualification at local ranges.",success,high,"Clear pricing for both initial and renewal courses, direct booking capability evident with 'Sign Up Today' buttons, and comprehensive vendor description available from website content.",,madera/559ccw-com/instructor_1.jpeg|madera/559ccw-com/instructor_2.jpeg|madera/559ccw-com/instructor_3.jpeg,madera/559ccw-com/training_1.png|madera/559ccw-com/training_2.jpeg|madera/559ccw-com/training_3.jpeg,2026-04-14T20:40:57+00:00
madera,Pinnacle Firearms Training,"Devon Fullner; Chris Desmond; John Mikkelson; Gerald ""Marty"" True Pete; Marin Curtis",Dfullner19@gmail.com,559-259-3204,,,,CA,,,,,,no_website,,,,,,2026-04-13T04:37:12+00:00
madera,Police Science Institute,Hammett John; Schantz Robert; Simpson Teddie Chao; Greg Delacerda,,559-276-9800,https://policescience.com,direct_booking,Fresno,CA,"5133 North Gates Ave, Fresno CA 93722",190,75,,"Police Science Institute is the Valley's #1 independent school for security and law enforcement training since 1991. They blend professionalism and science in their training programs, combining theoretical and research coursework with professional skills development through field experiences. The institute offers a wide range of CCW classes including initial permits, renewals, and Utah non-resident permits, alongside their comprehensive security guard training programs.",success,low,Website shows extensive security guard training programs but specific CCW pricing is not displayed. Mentions online payments are preferred for CCW classes but no actual prices listed. Clear address and booking capability found.,,,madera/policescience-com/training_3.png,2026-04-13T04:37:12+00:00
madera,Practical Training Solutions LLC,Bobby Rader,bobbyrader141@gmail.com,559-799-5891,,,,CA,,,,,,no_website,,,,,,2026-04-13T04:37:12+00:00
madera,Premier Tactical Training,Matthew Pimentel,premiertacticaltraining@hotmail.com,559-779-7742,,,,CA,,,,,,no_website,,,,,,2026-04-13T04:37:12+00:00
madera,Rainey Chad Mays,Rainey Mays,maysrainey@gmail.com,310-591-6193,,,El Nido,CA,,,,,,no_website,,,,,,2026-04-13T04:37:12+00:00
madera,Ronan Collins,Ronan Collins,rbccwtraining@yahoo.com,559-349-9297,,,,CA,,,,,,no_website,,,,,,2026-04-13T04:37:12+00:00
madera,Sam Carter,Sam Carter; Patrick Sparks,sam@ethosprotectionservices.com,559-245-4300,,,,CA,,,,,,no_website,,,,,,2026-04-13T04:37:12+00:00
madera,Stage Stop Gun Shop,Albert Flores; Gregory Mahan,range@stagestopgunshop.com,209-358-4867,https://stagestopgunshop.com/,inquiry_only,Atwater,CA,"601 Atwater Blvd., Atwater, CA",,,,"Stage Stop Gun Shop operates two locations in Atwater and Mariposa, offering comprehensive CCW training courses including 16-hour initial and 8-hour renewal classes. They are certified to instruct residents of Madera, Mariposa, Merced, Stanislaus, and Tuolumne counties, plus the City of Turlock. The company also provides online CCW courses and operates an 18,800 sq ft facility in Atwater with a 20-lane indoor shooting range and dedicated training classrooms.",success,medium,"Clear course offerings and locations found, but no pricing information available. Booking requires calling or visiting in person.",madera/stagestopgunshop-com/logo.png,,madera/stagestopgunshop-com/training_1.jpg,2026-04-14T20:40:57+00:00
madera,Sovereign Protection Services,Steven Carillo,,559-353-0267,https://www.sovereign-protection.com,,Madera,CA,"36914 Ave 12 #9, Madera, CA 93636",,,,,success,low,Website is under construction with only a 'coming soon' message and no content available,,,,2026-04-13T04:37:12+00:00
madera,OPFOR Solutions,"Tory ""Doc"" Schmeiser",schmyz@gmail.com,559-683-3669,,,,CA,21414 Chase St Ste #1,,,,,no_website,,,,,,2026-04-13T04:37:12+00:00
madera,The Firing Line,Chris Stearns,thefiringlineclovis@gmail.com,559-294-9400,https://www.thefiringlineclovis.com/,unclear,Clovis,CA,,,,,"The Firing Line is a Clovis, California indoor shooting range that has been operating since 2012. They offer a clean, well-lit facility with 18 total lanes (12 for pistol shooting open to the public and 6 for members with small-bore rifles), plus firearm rentals, sales, and accessories. They provide both online and in-person CCW training with a team of instructors having over 50 years of combined experience, offering flexible training options for residents of Fresno, Madera, and Kings Counties.",success,low,"No specific pricing information found for CCW courses, unclear booking process, but good descriptive content about the business and services",madera/thefiringlineclovis-com/logo.jpg,,madera/thefiringlineclovis-com/training_2.jpg|madera/thefiringlineclovis-com/training_3.jpg,2026-04-14T20:40:57+00:00
madera,Tollhouse Tactical,Evan Brewer,tollhousetatical@yahoo.com,559-304-7690,,,,CA,,,,,,no_website,,,,,,2026-04-13T04:37:12+00:00
madera,Tony Aguilar,Tony Aguilar,snakedogsert@yahoo.com,559-907-0350,https://snakedogsert.wixsite.com/aguilardistributing/about,inquiry_only,Fresno,CA,"4105 N Clovis Ave, Fresno, CA, 93727",,,,"Tony Aguilar is a firearms instructor with over 30 years of experience in military, law enforcement, and security backgrounds. He focuses on training individuals in self-defense and preparing them to react appropriately in life-threatening situations. Aguilar emphasizes the importance of proper training and discipline for those who choose to carry and bear arms.",success,low,"Only contact info and instructor background found - no pricing, course details, or booking capabilities beyond basic contact form",,,,2026-04-14T20:40:57+00:00
madera,U.S. LawShield,Todd Cotta,,877-448-6839,https://educate.uslawshield.com/courses,unclear,,CA,,,,,,success,low,"Website shows only a course menu with generic titles like 'Coming Soon' and basic firearm education topics. No pricing, booking details, vendor description, or specific CCW permit course information found.",madera/educate-uslawshield-com/logo.png,,madera/educate-uslawshield-com/training_1.jpg|madera/educate-uslawshield-com/training_2.png|madera/educate-uslawshield-com/training_3.jpg,2026-04-13T04:37:12+00:00
madera,Watchmen Security Services,Constance Bomar,WATCHMENGUARDSCV@GMAIL.COM,510-696-6531,,,,CA,,,,,,no_website,,,,,,2026-04-13T04:37:12+00:00
madera,Zaks Guns LLC,Rohi Zacharia,sales@zaksguns.com,559-673-4525,https://www.zaksguns.com/,none,Madera,CA,,,,,"Zaks Guns LLC is a firearms dealer specializing in gun sales, transfers, and ammunition services with competitive pricing and customer service focus. They handle firearm and ammunition transfers from various online retailers, offer Blue Label Glock dealer services, and provide law enforcement and first responder discounts through partnerships with major manufacturers like Smith & Wesson and Sig Sauer.",success,low,"This appears to be a gun shop/dealer website with no CCW training services mentioned. Contains only information about firearm sales, transfers, and ammunition services.",madera/zaksguns-com/logo.png,,,2026-04-14T20:40:57+00:00
marin,AAO,Bryan Kinney,bkinney@aao-co.com,(707) 400-3677,https://aao-co.com,direct_booking,Petaluma,CA,,350,175,75,"AAO offers certified California CCW courses with both in-person and online options throughout the Bay Area. Led by DOJ certified instructors with extensive law enforcement backgrounds, they provide comprehensive CCW training serving multiple counties including Sonoma, Marin, Solano, Sacramento, and San Francisco. The company emphasizes personalized instruction and situational awareness training, with courses that comply with current California requirements including SB2 updates.",success,high,"Clear pricing found for main courses and add-a-gun service. Full course price listed as $350, not split by days. Strong vendor description available from website content.",,marin/aao-co-com/instructor_1.jpg|marin/aao-co-com/instructor_2.jpg,marin/aao-co-com/training_1.jpg|marin/aao-co-com/training_2.jpg|marin/aao-co-com/training_3.jpg,2026-04-13T04:37:12+00:00
marin,2A Firearms Academy,Doug Kevilus,,(707) 410-0389,https://www.2afirearmsacademy.com/marin-county-ccw,inquiry_only,,CA,,425,275,,"2A Firearms Academy is an officially authorized CCW training provider recognized by the Marin County Sheriff's Office. They offer 16-hour initial CCW training and 8-hour renewal courses with certified instructors focused on safe firearm handling, legal education, and confidence-building techniques. The academy serves Marin County and surrounding Bay Area communities with flexible scheduling and training for all skill levels from beginner to advanced shooters.",success,high,Clear pricing for full 16hr course and renewal found. Booking requires phone call. Good vendor description available. Missing individual day pricing and address details.,marin/2afirearmsacademy-com/logo.png,marin/2afirearmsacademy-com/instructor_1.jpg,marin/2afirearmsacademy-com/training_1.jpg|marin/2afirearmsacademy-com/training_2.jpg|marin/2afirearmsacademy-com/training_3.jpg,2026-04-13T04:37:12+00:00
marin,Bigfoot Firearms Training Academy,Aaron Ostrom; Cole Greene; Roy Williams,info@bigfootaa.com,(844) 926-6566,https://www.bigfootfirearmstraining.com,inquiry_only,Eureka,CA,"1535 6th Street, Eureka, CA 95501",,,,"Bigfoot Firearms Training Academy is the largest civilian firearms training facility in the region with over 10 years of experience, training up to 1,000 civilians annually. They offer CCW classes for both first-time applicants and renewals, along with a wide range of skill-building courses including handgun, AR-15, and shotgun training. The academy prides itself on an intimidation-free teaching approach tailored to building confidence for students of all skill levels.",success,low,No specific pricing information found for CCW courses. Website mentions CCW classes for both initial and renewal but provides no cost details. Contact information available but no direct booking system visible.,,,,2026-04-13T04:37:12+00:00
marin,Bay Area Tactical Group (BAT Tactical),,,(415) 568-6803,https://www.battactical.com,direct_booking,San Carlos,CA,"827 Cherry Ln, San Carlos, CA 94070",400,200,,"Bay Area Tactical Group (BAT Tactical) is a premier firearms training destination in the Bay Area led by certified and experienced instructors. They offer comprehensive tactical and firearms training for all skill levels, from basic handgun and rifle courses to advanced defensive strategies. The company operates multiple ranges including a private ranch location and emphasizes safety as their top priority while creating a supportive learning environment.",success,medium,"Clear pricing for CCW courses and good description, but missing address and day-by-day pricing breakdown. Has shopping cart functionality suggesting direct booking capability.",,,marin/battactical-com/training_1.png|marin/battactical-com/training_2.png|marin/battactical-com/training_3.png,2026-04-13T04:37:12+00:00
marin,Coco Firearm Training LLC,Timothy Trickel,info@cocofirearmtraining.com,(925) 384-1920,https://cocofirearmtraining.com,unclear,,CA,,,,,"Coco Firearm Training LLC is an approved CCW training vendor for numerous agencies throughout the Bay Area including Alameda SO, Contra Costa SO, Sacramento SO, and many local police departments. Based out of Oakley, California, they operate by appointment only and offer firearms training and concealed carry training courses. The company serves a wide geographic area across Northern California with established relationships with over 18 different law enforcement agencies.",success,low,Website shows booking interface elements but no specific pricing information found. Has contact form and appointment-based scheduling but unclear if direct online booking is available. No course prices or specific training details provided on the pages shown.,,marin/cocofirearmtraining-com/instructor_1.jpg,,2026-04-13T04:37:12+00:00
marin,"Crosshair Training, LLC","Dennis Jamarck, Jr.",,(707) 486-4445,https://www.crosshairtraining.com,direct_booking,Santa Rosa,CA,"764 Aviation Boulevard Unit#151, Santa Rosa, California 95403",325,175,100,"Crosshair Training LLC is a Bay Area firearms and self-defense training center serving multiple cities and counties including Marin County, Contra Costa County, and Napa County. They offer CA SB2 compliant CCW training with realistic defensive tactics that go beyond traditional square range shooting, incorporating movement and interactive targets. The company is a BSIS licensed training facility that provides comprehensive firearms training including NRA courses, defensive handgun, shotgun training, and specialized low-light defensive courses.",success,high,"Clear pricing found for 16hr initial ($325), 8hr renewal ($175), and modification ($100). Direct booking available through 'Sign Up Now' buttons. Good vendor description available from website copy.",,marin/crosshairtraining-com/instructor_2.jpg,,2026-04-13T04:37:12+00:00
marin,"Defensive Accuracy, LLC",Denise King,,(408) 687-3791,https://www.daccw.com/ccw-classes,unclear,,CA,,,,,"Defensive Accuracy, LLC has been training law-abiding Californians in concealed carry since 2006. All instructors are certified by the California Department of Justice as CCW instructors. They offer 16-hour initial CCW classes and 8-hour renewal classes in Concord and Richmond, as well as private and semi-private instruction options.",success,low,"Found vendor description and service offerings but no pricing information, specific addresses, or clear booking process details",marin/daccw-com/logo.png,,,2026-04-13T04:37:12+00:00
marin,Execushield Training Center,Marco Innocenti; Michelle Wagner,info@execushield.com,(510) 625-4940,https://execushield.com/ccwcourse,direct_booking,,CA,,339,200,,"Execushield Training Center is a comprehensive security and firearms training facility approved by multiple Bay Area law enforcement agencies including San Mateo County Sheriff, San Francisco PD, and Marin County Sheriff. They offer California CCW courses with a philosophy of exceeding industry standards, featuring classroom instruction on legal considerations and range training on defensive shooting fundamentals. The company also provides extensive professional security guard training, first aid courses, and specialized law enforcement programs including SWAT tactics and crisis negotiations.",success,medium,"Clear booking capability and full 16hr course pricing found, but no address, individual day pricing, renewal course pricing, or add-a-gun pricing available on the website",marin/execushield-com/logo.png,,marin/execushield-com/training_2.png|marin/execushield-com/training_3.jpg,2026-04-13T04:37:12+00:00
marin,Grover Group,Anoop Grover,anoop@ggccw.biz,(510) 516-1431,https://ggccw.biz,inquiry_only,,CA,,450,300,,"Grover Group Training provides California-approved DOJ SB2 CCW curriculum with certified instructors holding credentials from California Department of Justice, NRA, USCCA, and California POST. They offer hybrid delivery combining virtual instructor-led lectures with live-fire qualification and are trusted by 30+ sheriff's offices and police departments across Northern California. The company is approved by agencies from Monterey to Sacramento and limits classes to 10 students for a semi-private experience.",success,high,"Clear pricing and course details found, extensive vendor information available, but no specific address listed and no add-a-gun pricing mentioned",marin/ggccw-biz/logo.png,,marin/ggccw-biz/training_1.jpeg|marin/ggccw-biz/training_2.jpg,2026-04-13T04:37:12+00:00
marin,Paladin Tactical US,Dan Butler,paladintacticalus@gmail.com,(707) 863-1064,https://www.paladin-tactical-us.com,unclear,Concord,CA,"4700 Evora Rd, Concord, CA 94520",,,,"Paladin Tactical is a Bay Area firearms training provider that offers CCW classes along with advanced pistol, rifle, shotgun, and scenario-based training. They serve responsible citizens, law enforcement, and security professionals, conducting training at the United Sportsmen range in Concord, CA. The company emphasizes professional and safe training environments with experienced instructors.",success,low,"Only found general description and training location (United Sportsmen range in Concord). No pricing information, specific booking process details, or vendor street address found on the provided content.",marin/paladin-tactical-us-com/logo.png,,,2026-04-13T04:37:12+00:00
marin,"Progressive Accuracy Training Group, LLC",Stephen Perrilliat,,(925) 787-6224,https://www.progressiveaccuracy.com,,,CA,,,,,,success,low,"Website content appears to be corrupted or encoded incorrectly - unable to extract any meaningful data about pricing, services, or vendor information",,,,2026-04-13T04:37:12+00:00
marin,Showket Training,"Ziyad ""Zip"" Showket",zip@showkettraining.com,(415) 497-1983,https://www.showkettraining.com,direct_booking,Novato,CA,"1040 5th Street - Novato, CA",375,250,,"Showket Training offers defensive and real-world CCW training for Marin County and beyond, focusing on practical survival and safety skills rather than tactical maneuvers. With over 20 years of experience training California residents, they provide a positive learning environment that emphasizes safety while helping students achieve levels they didn't know they could reach. The training covers liability concerns, real-world discussions, and includes both classroom instruction and range time.",success,high,"Clear pricing for both courses, direct booking capability mentioned, good vendor description available, address clearly stated",,,,2026-04-13T04:37:12+00:00
mariposa,Stage Stop Gun Shop,,,(209) 358-4867,https://stagestopgunshop.com/,inquiry_only,Atwater,CA,"601 Atwater Blvd., Atwater, CA",,,,"Stage Stop Gun Shop is a full-service firearms facility with locations in Atwater and Mariposa, CA. Their Atwater location features an 18,800 sq ft facility with a 20-lane indoor shooting range, archery range, and two classrooms for training. They offer comprehensive CCW courses for new applicants and renewals, serving residents of Madera, Mariposa, Merced, Stanislaus, Tuolumne counties and the City of Turlock, including both in-person and online course options.",success,medium,"Clear course offerings and address found, but no pricing information available on the website. Booking requires calling or visiting in person.",mariposa/stagestopgunshop-com/logo.png,,mariposa/stagestopgunshop-com/training_1.jpg,2026-04-14T20:40:57+00:00
mariposa,JLPFI,John Lewis,,(559) 349-3833,https://www.jlpfi.com,direct_booking,Clovis,CA,"1187 N Willow Ave. Suite #103-4, Clovis, CA 93611-4411",425,225,,"John Lewis Professional Firearms Instruction (JLPFI) is a Central Valley firearms training company that specializes in concealed weapons courses and advanced firearms instruction. Led by instructor John Lewis, JLPFI offers approved CCW courses for multiple Central Valley law enforcement agencies including Fresno County Sheriff, Fresno PD, and several other departments. The company emphasizes personalized training experiences with small group or private instruction formats, focusing on both shooting fundamentals and mindset development for defensive situations.",success,high,"Clear pricing found for 16hr initial ($425) and 8hr renewal ($225), direct booking capability confirmed, complete address provided, good vendor description available from website content",,mariposa/jlpfi-com/instructor_1.jpg|mariposa/jlpfi-com/instructor_2.jpg,mariposa/jlpfi-com/training_1.jpg,2026-04-14T20:40:57+00:00
mariposa,Bill & Cathy Tidwell,Bill Tidwell; Cathy Tidwell,,(209) 878-3056,,,Coulterville,CA,,,,,,no_website,,,,,,2026-04-13T04:37:12+00:00
mariposa,Rainey Mays Gun Shop,,,(310) 591-6193,,,El Nido,CA,,,,,,no_website,,,,,,2026-04-13T04:37:12+00:00
mariposa,Weapons Training School,,,(209) 532-6677,,,Long Barn,CA,"43545 Tuolumne Rd, Tuolumne, CA",,,,,no_website,,,,,,2026-04-13T04:37:12+00:00
mariposa,Chris Williams Firearms Training,Chris Williams,,(559) 994-1261,,,Fresno,CA,,,,,,no_website,,,,,,2026-04-13T04:37:12+00:00
mariposa,Ernie Rodrigues,Ernie Rodrigues,,(559) 304-8611,,,Fresno,CA,,,,,,no_website,,,,,,2026-04-13T04:37:12+00:00
mariposa,Steve Carrillo,Steve Carrillo,,(559) 353-0267,,,Madera,CA,,,,,,no_website,,,,,,2026-04-13T04:37:12+00:00
mariposa,Hammer Stryke,,,(209) 614-1718,https://www.hammerstryke.com,direct_booking,Mariposa,CA,,220,110,20,"Hammer Stryke Self-Reliance Training, Inc. is a California corporation providing advanced firearms training and CCW classes for Mariposa, Madera, Merced, and Stanislaus counties. Led by certified instructors with backgrounds in military, law enforcement, and emergency medicine, they offer comprehensive CCW training that exceeds minimum requirements along with specialized courses in combat medical tactics, wilderness survival, and vehicle tactics.",success,high,"Clear pricing for initial CCW ($220), renewals ($110), and additional guns ($20). Direct PayPal booking available. Good vendor description from website copy. No breakdown of day 1/day 2 pricing found - appears to be sold as complete course.",mariposa/hammerstryke-com/logo.png,,,2026-04-14T20:40:57+00:00
mariposa,Hard Focus Firearms,,,(209) 564-0332,https://hardfocustraining.com,unclear,Merced,CA,,,150,,"Hard Focus Firearms Training is dedicated to providing the best, most effective techniques in Defensive Shooting to protect yourself and loved ones. They pride themselves on going above and beyond minimum standards by providing the best experience and safest environment for their students. The company is approved for CCW certification in Merced, Madera, Fresno, Tulare, San Benito, Tuolumne and Stanislaus counties.",success,low,Only found renewal pricing ($150). No 16-hour initial course pricing found despite having that service listed. Website mentions training calendar and booking capability but no direct booking interface visible. No physical address provided.,,mariposa/hardfocustraining-com/instructor_1.jpg|mariposa/hardfocustraining-com/instructor_2.jpg|mariposa/hardfocustraining-com/instructor_3.jpg,,2026-04-14T20:40:57+00:00
mariposa,M2 Firearms Training,,,(209) 386-7344,,,Merced,CA,,,,,,no_website,,,,,,2026-04-13T04:37:12+00:00
mariposa,Valley Defense Consulting Inc.,,,(209) 552-5728,https://www.valleydefense.com,direct_booking,Modesto,CA,"P.O. Box 583512, Modesto, CA 95358",325,195,,"Valley Defense Consulting Inc. is a firearms training company in Modesto that offers handgun, shotgun, and carbine training for both civilians and law enforcement. Their instructors are former law enforcement officers who provide training with application to real-life occurrences. They offer CCW concealed carry training, basic through advanced courses, and can customize courses for individual or group needs.",success,medium,"Clear booking system and CCW pricing found, but address is P.O. Box only. 16hr course price found as single purchase ($325) but no separate day pricing. Some pricing may vary by date ($195-$210 for renewals).",mariposa/valleydefense-com/logo.png,,mariposa/valleydefense-com/training_1.png,2026-04-14T20:40:57+00:00
mariposa,Madison Society Foundation,,,(209) 318-5730,https://madisonsocietyfoundation.org/,,Oakdale,CA,"210 S Sierra Ave, Oakdale, CA 95361",,,,,success,low,Website content appears corrupted with garbled binary/encoded data - no readable text or structured information could be extracted,,,,2026-04-14T20:40:57+00:00
mariposa,Jim Bernardi Firearms,Jim Bernardi,,(559) 683-5869,,,Oakhurst,CA,"39396 CA-41, Oakhurst, CA 93644",,,,,no_website,,,,,,2026-04-13T04:37:12+00:00
mendocino,Bigfoot Firearms Training Academy,Aaron Ostrom; Cole Greene; Roy Williams,info@bigfootaa.com,(844) 926-6566,https://www.bigfootfirearmstraining.com,inquiry_only,Eureka,CA,"1535 6th Street, Eureka, CA 95501",,,,"Bigfoot Firearms Training Academy is the largest civilian firearms training facility in the region with over 10 years of experience, training up to 1,000 civilians annually. They offer CCW classes for both first-time applicants and renewals, along with a wide range of skill-building courses including handgun, AR-15, and shotgun training. The academy prides itself on an intimidation-free teaching approach tailored to building confidence for students of all skill levels.",success,low,No specific pricing information found for CCW courses. Website mentions CCW classes for both initial and renewal but provides no cost details. Contact information available but no direct booking system visible.,,,,2026-04-13T04:37:12+00:00
mendocino,Mendo CCW,David Goodman,team@mendoccw.com,(707) 485-2481,https://www.mendoccw.com,direct_booking,Ukiah,CA,"Ukiah Rifle Pistol Club, 2300 Vichy Springs Rd., Ukiah, CA",240,120,30,"OUR PROGRAM: Under the authorization of the presiding Sheriffs for Mendocino, and Lake Counties, we provide the necessary training, for RESIDENTS of those counties, seeking to obtain, renew or modify a concealed carry weapons (CCW) permit. The student will be presented with a summary of legal requirements & implications of lawfully carrying a loaded, concealed handgun in public, with emphasis on conflict avoidance, respect for others, responsible gun ownership and safety. We train the student in essential handgun handling and shooting skills, however applicants should have a basic knowledge of their weapon before attending the class. Upon completion of the course, the student should have a clear understanding of California laws pertaining to the use of force and concealed carry of firearms. While directly observed in exercise and course of fire, the student shall demonstrate the ability to safely carry, handle and fire their chosen handgun, through performance in technique and marksmanship. INSTRUCTOR: David Goodman is a United States Marine Veteran, serving as a Combat Marksmanship Instructor where he trained Marines in both rifle and pistol marksmanship. He further refined his skills after graduating from the Advanced Instructor Course to become an Edison Range Primary Marksmanship Instructor, responsible for training recruits at Marine Corps Boot Camp. After his military service, he transitioned into law enforcement training, becoming a certified P.O.S.T. SWAT Sniper, P.O.S.T. Tactical Rifle Instructor, and P.O.S.T. Tactical Handgun Instructor. With over 9 years of experience teaching marksmanship, he brings a deep understanding of firearms, safety, and real-world application to every class he leads. David has dedicated his career to teaching safe, effective, and confident firearms handling. His goal is to help responsible citizens gain the skills, mindset, and legal knowledge necessary to carry with confidence. Four years ago David began teaching CCW classes alongside Ron Prickett, a retired Police Sergeant. Upon his retirement from instruction, Ron passed on Mendo CCW to David to continue the standard of training that Ron built. PRIVATE OFF SITE COURSES ARE AVAILABLE, CALL OR EMAIL TO DISCUSS DETAILS: 707-485-2481 / team@mendoccw.com It should be noted that a CCW class is not always for a beginner. It is generally designed for and intended to be a venue for applicants with a basic understanding of shooting and gun handling techniques. To that point, for less experienced persons, preparatory training could prove beneficial, increasing the applicant's confidence and probable success. If this is something you are interested in, please contact us. Check out our RESOURCES and F.A.Q.'s page for other information and links. For more information on the CCW application process, click the specific link below, for your county of residence. Mendocino County SO CCW, Sonoma County SO CCW, Lake County SO CCW.",success,high,"Clear pricing and course structure found, direct online booking available, comprehensive instructor background provided",,mendocino/mendoccw-com/instructor_1.jpg,,2026-04-13T04:37:12+00:00
mendocino,Kim Milani,Kim Milani,kim@milaniccw.com,(707) 272-4656,https://www.milaniccw.com,inquiry_only,Mendocino,CA,,240,120,,"Kim Milani is a female-owned firearms instruction business serving Mendocino County, offering both initial 16-hour and renewal 8-hour CCW permit courses that meet Mendocino County Sheriff training requirements. With over 5 years of instructional experience, Kim's approach is tailored to each student's needs, with a maximum class size of 12 and a 1:4 RSO-to-student ratio to ensure hands-on, safe instruction. Kim is passionate about producing safe, qualified permit carriers and offers a uniquely comfortable environment for women new to firearms training.",success,high,manual,,,,2026-04-13T04:37:12+00:00
mendocino,Bob Nishiyama,Bob Nishiyama,nish99@prodigy.net,(415) 519-3647,,,,CA,,,,,,no_website,,,,,,2026-04-13T04:37:12+00:00
mendocino,Edward Davies,Edward Davies,edsguns@mcn.org,(707) 357-1581,https://www.redwoodpracticalshooters.com,inquiry_only,,CA,,,,,"Redwood Practical Shooters is an IDPA and NRA affiliated shooting club on the Mendocino Coast of California, serving the Fort Bragg, Caspar, and Mendocino areas. They offer CCW classes, handgun skill-builder classes, and monthly pistol matches from March through October. The club provides firearms safety training and education in a rustic outdoor range environment among the trees, with emphasis on safe and respectful shooting practices.",success,low,"Found general CCW class mentions in schedule but no specific pricing, course structure details, or booking system. Contact information suggests inquiry-only approach. Limited CCW training specifics despite being mentioned as having CCW instructor cadre.",mendocino/redwoodpracticalshooters-com/logo.jpg,,mendocino/redwoodpracticalshooters-com/training_1.jpg,2026-04-13T04:37:12+00:00
mendocino,Marco A. Innocenti,Marco A. Innocenti,marco.innocenti576@gmail.com,(415) 306-2670,https://www.redwoodpracticalshooters.com,inquiry_only,,CA,,,,,"Redwood Practical Shooters is a shooting club affiliated with IDPA and NRA located on the Mendocino Coast near Fort Bragg, California. They offer CCW classes, handgun skill-builder classes, and various shooting matches from March through October. The club operates with a CCW instructor cadre and provides training in a rustic outdoor range environment among the trees.",success,low,"This appears to be a shooting club website rather than a dedicated CCW training vendor. While CCW classes are mentioned in the schedule, no specific pricing or booking details are provided. Contact information suggests inquiry-only booking process.",mendocino/redwoodpracticalshooters-com/logo.jpg,,mendocino/redwoodpracticalshooters-com/training_1.jpg,2026-04-13T04:37:12+00:00
merced,Stage Stop Gun Shop,,[email protected],(209) 552-5728,http://stagestopgunshop.com/,inquiry_only,Modesto,CA,"601 Atwater Blvd., Atwater, CA",,,,"Stage Stop Gun Shop operates two California locations with comprehensive firearms training and retail services. Their Atwater facility features an 18,800 sq ft space with a 20-lane indoor shooting range, while their Mariposa location provides retail services. They offer CCW courses for multiple counties including Madera, Mariposa, Merced, Stanislaus, and Tuolumne, along with skill development classes and online training options.",success,medium,"Clear service offerings and location details found, but no pricing information available. Booking requires calling or visiting in person for all classes.",,,merced/stagestopgunshop-com/training_1.jpg,2026-04-14T20:40:57+00:00
merced,Valley Defense Consulting,,,(503) 776-4855,https://www.valleydefense.com/,direct_booking,Redding,CA,"P.O. Box 583512, Modesto, CA 95358",325,195,,"Valley Defense provides comprehensive firearms training in the Central Valley with instructors who have served in local law enforcement and been trained by internationally recognized facilities. They offer handgun, shotgun, and carbine training for both civilians and law enforcement, including CCW concealed carry training, non-lethal defense, and courses ranging from basic to advanced levels. Their training emphasizes real-life application and includes consideration of the responsibility and liability of gun ownership.",success,medium,"Clear pricing for 16hr full course ($325) and 8hr renewal ($195), direct booking available, but no separate Day 1/Day 2 pricing found and no add-a-gun fees mentioned. Address is P.O. Box only, not street address.",merced/valleydefense-com/logo.png,,merced/valleydefense-com/training_1.png,2026-04-14T20:40:57+00:00
merced,Northern Firearms Instruction,,[email protected],(209) 535-0077,http://www.countyccw.com/,inquiry_only,Salida,CA,,,,,"Northern Firearms Instruction is a team of highly experienced NRA Firearms Instructors located throughout California, serving over 50 counties and cities. NFI is considered the authority on CCW law and firearm training throughout the state, offering California CCW courses for new and experienced shooters in a stress-free learning environment. They teach at multiple locations including various Sportsman's Warehouse stores and maintain strict instructor-to-student ratios with 100% NRA credentialed instructors.",success,low,No pricing information found anywhere on the site. Multiple locations listed but no specific address for the Salida location. Booking appears to require contacting instructors directly rather than online booking system.,,,merced/countyccw-com/training_1.jpg|merced/countyccw-com/training_2.jpg,2026-04-14T20:40:57+00:00
merced,Trident Firearms Academy,,[email protected],(209) 863-2355,http://www.tridentfirearmsacademy.com/,,Riverbank,CA,,,,,,failed,,,,,,2026-04-14T20:40:57+00:00
merced,Kiwi's Custom Guns,,,(707) 344-1057,http://www.kiwiscustomguns.com/,unclear,Vallejo,CA,,,,,"Kiwi's Custom Guns operates a state-of-the-art climate controlled indoor shooting range in Vallejo featuring five 25-yard lanes capable of handling calibers up to .50bmg. The facility offers advanced technology including Action Target equipment, Genesis Smart target retrieval systems with wireless carriers and touchscreen controls, along with gunsmithing and retail services.",success,low,"Website content only shows general range and facility information, no specific CCW training programs, pricing, or booking details found",,,,2026-04-14T20:40:57+00:00
merced,G&L Security Training,,,(209) 386-7344,http://www.glsecuritytraining.com/,inquiry_only,Merced,CA,,,,,"G&L Security Training is a professional training center that provides concealed weapons training for multiple California counties including Sacramento, Napa, Yolo, Contra Costa, Merced, and Placer counties, as well as the City of Manteca. They also offer online initial and renewal California Guard Cards and work with security companies throughout California to help connect students with employment opportunities.",success,low,"Website mentions CCW training services and counties served but provides no specific pricing information, booking details, or course structure. Only contact phone number available for inquiries.",,,,2026-04-14T20:40:57+00:00
merced,M2 Firearms Training,,[email protected],(209) 564-0332,http://m2instruction.com/,inquiry_only,,CA,,,75,,"M2 Firearms Training offers NRA-certified firearms courses including Basic Pistol Training, CCW training, and Defensive Handgun Training. They provide an 8-hour CCW initial course and 4-hour renewal classes, along with specialized courses like Personal Protection in the Home. Students must contact them by phone to arrange classes, and they emphasize training focused on keeping students safe.",success,medium,Clear pricing for CCW courses but unusual structure - 8hr initial instead of typical 16hr. No address found. Phone-only booking system.,,,,2026-04-14T20:40:57+00:00
merced,"Hard Focus Firearms Training, LLC",,[email protected],(209)587-0809,https://hardfocustraining.com/,direct_booking,Gustine,CA,,,150,,"Hard Focus Firearms Training is dedicated to providing effective defensive shooting techniques to protect yourself and loved ones. They pride themselves on going above and beyond minimum standards by providing the best experience and safest environment for their students. The company is approved for CCW certification in seven California counties: Merced, Madera, Fresno, Tulare, San Benito, Tuolumne, and Stanislaus.",success,medium,"Clear pricing found for 8hr renewal course and vendor description available. Has direct booking capability through training calendar. However, missing pricing for 16hr initial course, specific address, and add-a-gun fees.",,merced/hardfocustraining-com/instructor_1.jpg|merced/hardfocustraining-com/instructor_2.jpg|merced/hardfocustraining-com/instructor_3.jpg,,2026-04-14T20:40:57+00:00
merced,Rescue74CPR,,,(559) 349-3833,http://www.rescue74cpr.com/,unclear,Gustine,CA,"635 Meredith Ave, Gustine, CA 95322",,,,"Rescue74CPR is a training provider based in California that focuses on developing skills and muscle memory through frequent practice. They offer CPR, First Aid, and CCW classes with a philosophy that training builds fundamental capabilities and helps develop good habits for instinctive response in critical situations.",success,low,"Website provides only general training philosophy content with no specific CCW pricing, booking information, or detailed service descriptions. Only mentions they offer CCW classes in the page title.",,,,2026-04-14T20:40:57+00:00
merced,John Lewis Professional Firearms Instruction,John Lewis,,,https://www.jlpfi.com/,direct_booking,Clovis,CA,"1187 N Willow Ave. Suite #103-4, Clovis, CA 93611-4411",425,225,,"John Lewis Professional Firearms Instruction is a professional firearms training business in Clovis, California that specializes in concealed weapons permit courses and advanced firearms instruction. The company offers both initial and renewal CCW courses that meet and exceed state and law enforcement requirements, providing training in small group formats or private instruction. JLPFI is approved by multiple Central Valley law enforcement agencies including Fresno County Sheriff, Fresno Police Department, and several other county sheriff departments.",success,high,"Clear pricing found for 16hr initial ($425) and 8hr renewal ($225), direct booking capability confirmed, full address provided, and detailed vendor description available from website content.",,merced/jlpfi-com/instructor_1.jpg|merced/jlpfi-com/instructor_2.jpg,merced/jlpfi-com/training_1.jpg,2026-04-14T20:40:57+00:00
merced,The Range Pistol Club,,,(559) 276-9800,https://www.pistolrange.com,,Fresno,CA,5151 N Gates Ave,190,75,,,success,,,,,,2026-04-14T20:40:57+00:00
merced,Police Science Institute,,,(209) 614-1718,https://policescience.com/,direct_booking,Mariposa,CA,"5133 North Gates Ave, Fresno, CA 93722",190,75,,"Police Science Institute is the Valley's #1 independent school for security and law enforcement training, founded in 1991. They offer CCW first-time permits, renewals, and Utah non-resident permits, along with basic handgun training, security guard classes, and women's self-defense courses. The institute operates a full-service indoor shooting range with gun sales and rentals, combining theoretical coursework with professional skills development through field experiences.",success,low,CCW classes are clearly offered but no specific pricing found for any CCW courses. Found detailed pricing for security guard training but not CCW permits. Booking appears available through online payments but CCW pricing unclear.,,,merced/policescience-com/training_3.png,2026-04-14T20:40:57+00:00
merced,"Hammer Stryke Self-Reliance Training, Inc.",Keith Brown,[email protected],(510) 736-4333,http://www.hammerstryke.com/,direct_booking,Tracy,CA,,220,110,20,"Hammer Stryke Self-Reliance Training, Inc. is a California Corporation providing advanced firearms training and CCW permit courses for central California counties including Mariposa, Madera, Merced and Stanislaus. Their instructors have backgrounds in military, law enforcement, search and rescue, and emergency medicine. The company emphasizes comprehensive training beyond minimum requirements, offering not just qualification but practical skills development for real-world scenarios.",success,high,"Clear pricing structure found for initial ($220) and renewal ($110) courses, plus additional gun fees ($20). Direct PayPal booking system described. However, unclear if these are 8hr or 16hr courses, and no specific address found despite mentions of multiple training facilities.",merced/hammerstryke-com/logo.png,,,2026-04-14T20:40:57+00:00
merced,"First Priority Security Consulting, LLC",Eric Olson,,(559) 765-7702,https://www.1psc-llc.com/,inquiry_only,Chowchilla,CA,"482 Banff Court, Tracy, CA 95377",325,200,,"First Priority Security Consulting LLC is a fully licensed FFL01/07 firearms business that provides safe and affordable firearms training to citizens in San Joaquin and surrounding counties. They offer CCW qualifications, basic firearms training, and are certified GLOCK, SIG SAUER and AR-15 armorers. The company also provides Live-Scan fingerprinting services, security guard training, and various self-defense products with their motto being 'all things firearms'.",success,medium,"Found clear pricing for 16hr CCW course and good business description, but no pricing breakdown for individual days, renewal courses, or add-a-gun fees. Contact form suggests inquiry-only booking.",,,,2026-04-14T20:40:57+00:00
merced,Madison Society Foundation,,[email protected],(209) 752-9253,https://www.countyofmerced.com/3266/www.madisonsocietyfoundation.org,inquiry_only,Oakdale,CA,"210 S Sierra Ave, Oakdale, CA 95361",,,,,success,low,"Content appears to be from Merced County Sheriff's website listing approved CCW instructors. Madison Society Foundation is listed as an approved instructor with contact phone (209) 752-9253 and email, but no pricing, address, or descriptive information about their services is provided.",merced/countyofmerced-com/logo.jpg,,merced/countyofmerced-com/training_2.jpg,2026-04-14T20:40:57+00:00
merced,ASP Security Training,,,(209) 575-4867,https://aspfirearm.com/,,Modesto,CA,"17981 Ideal Pkwy suite a2, Manteca, CA 95336",,,,,failed,,,,,,2026-04-14T20:40:57+00:00
merced,Called2Arms Gun Range,"Francisco ""Paco"" Villarreal",,(559) 790-3071,https://sintexsecurity.com/,inquiry_only,Modesto,CA,"2045 W Briggsmore Ave #A9, Modesto, CA 95350",250,150,,"Called2Arms Gun Range is an online training academy specializing in security professional and CCW classes for firearm owners. With over 30 years of experience in the Central Valley, they offer comprehensive training including CCW courses, BSIS security training, and various defensive skills courses. Their certified instructors hold NRA Law Enforcement, BSIS, DOJ CCW, and P.O.S.T. certifications, serving both civilian CCW holders and security professionals.",success,high,"Clear pricing found for 16hr full course and 8hr renewal, contact form indicates inquiry-only booking, detailed vendor description available",merced/sintexsecurity-com/logo.png,,merced/sintexsecurity-com/training_1.jpg,2026-04-14T20:40:57+00:00
merced,559 CCW,,[email protected],(559) 226-6189,https://www.559ccw.com/,direct_booking,,CA,,165,125,,"559CCW provides California CCW training through both online and in-person classes for residents of Fresno, Tulare, Madera, Merced, Plumas and Kings counties. Led by a U.S. Marine Corps veteran and DOJ-certified instructor, they offer 16-hour initial courses, 8-hour renewals, and specialized non-resident training. Their interactive online courses automatically save progress and include live-fire qualification at local ranges.",success,high,"Clear pricing and course offerings found, direct booking available through 'Sign Up Today' buttons, comprehensive vendor description available",,merced/559ccw-com/instructor_1.jpeg|merced/559ccw-com/instructor_2.jpeg|merced/559ccw-com/instructor_3.jpeg,merced/559ccw-com/training_1.png|merced/559ccw-com/training_2.jpeg|merced/559ccw-com/training_3.jpeg,2026-04-14T20:40:57+00:00
merced,6th Nation Gun Club,Anoop Grover,,(510) 676-6076,https://www.countyofmerced.com/3266/www.6thnationgunclub.com,none,,CA,,,,,,success,low,"This appears to be a Merced County government website listing approved CCW instructors. 6th Nation Gun Club is mentioned only as a name with contact info (Anoop Grover, Co-Founder, Chief Instructor, phone: 510-676-6076) but no additional details about their services, pricing, or booking capabilities are provided.",merced/countyofmerced-com/logo.jpg,,merced/countyofmerced-com/training_2.jpg,2026-04-14T20:40:57+00:00
merced,Grover Group,,,,https://ggccw.biz/,inquiry_only,Modesto,CA,"1700 Standiford Ave Ste 230, Modesto, CA 95350",450,300,,"Grover Group Training provides California-approved DOJ SB2 CCW curriculum with certified instructors holding credentials from California Department of Justice, NRA, USCCA, and California POST. They offer hybrid delivery with virtual instructor-led lectures and live-fire qualification, serving over 30 sheriff's offices and police departments across Northern California. Classes are limited to 10 students and include qualification for up to 3 firearms, with optional add-on training for Utah, Arizona, Florida and Virginia non-resident CCW permits.",success,medium,"Clear pricing for full course and renewal found, but no individual day pricing or add-a-gun pricing. Contact information requires inquiry rather than direct booking. No physical address found.",merced/ggccw-biz/logo.png,,merced/ggccw-biz/training_1.jpeg|merced/ggccw-biz/training_2.jpg,2026-04-14T20:40:57+00:00
modoc,Bull's Eye Firearms,Christopher Ewens,cewens@guninstructor.com,530.235.0721,https://www.guninstructor.com,inquiry_only,Castella,CA,"27373B Fat Bear Rd, Castella, CA 96017",,,0,"Bullseye Tactical Firearms Training provides CCW permit classes and tactical firearms training in the Redding, Shasta County, Mt. Shasta, and Siskiyou County area of California. They offer small, private classes for three or more students at their comfortable classroom and adjacent shooting range. The company is owned and instructed by Christopher Ewens, who has over 40 years of experience training citizens and law enforcement officers.",success,medium,"Clear vendor description and unique offering found (free gun additions, small private classes), but no pricing information for courses and only contact form for booking. Address location mentioned as Castella, CA but no street address provided.",modoc/guninstructor-com/logo.png,modoc/guninstructor-com/instructor_1.jpg|modoc/guninstructor-com/instructor_2.jpg|modoc/guninstructor-com/instructor_3.jpg,modoc/guninstructor-com/training_1.jpg|modoc/guninstructor-com/training_2.jpg|modoc/guninstructor-com/training_3.jpg,2026-04-13T04:37:12+00:00
modoc,Chris McNally,Chris McNally,chrismcnally@rocketmail.com,530.260.7553,,,Susanville,CA,,,,,,no_website,,,,,,2026-04-13T04:37:12+00:00
modoc,David Thompson,David Thompson,dthompson56@charter.net,530.524.0608,,,Shasta Lake City,CA,,,,,,no_website,,,,,,2026-04-13T04:37:12+00:00
modoc,Distinguished Firearms Instruction,Rick Deruyter,,530.524.7594,https://www.distinguishedfirearms.com,direct_booking,Mount Shasta,CA,,285,125,0,"Distinguished Firearms Instruction specializes in Concealed Weapons Classes and firearms instruction in a fun and extremely safe environment. They offer 16-hour two-day CCW classes that comply with California rules and regulations including new SB2 changes, with tactical/CPR/trauma training included. The company serves Shasta County and Siskiyou County areas and provides various class options including renewal courses and tactical advanced training.",success,medium,"Clear pricing for full 16hr course ($285) and renewal ($125), plus free gun qualification. However, no specific address found beyond Mount Shasta location, and unclear if the $195 class mentioned is an alternative 16hr option or different format.",,,,2026-04-13T04:37:12+00:00
modoc,Freedom Firearms Inc.,Alan Woodburn; Larry Holden,,775.224.1234,https://www.freedomfirearmsreno.com,,Reno,NV,,,,,,failed,,,,,,2026-04-13T04:37:12+00:00
modoc,Kirk Rienschmidt,Kirk Rienschmidt,,775.224.8171,,,,CA,,,,,,no_website,,,,,,2026-04-13T04:37:12+00:00
modoc,Jon Ludwick,Terry Scharfe,,800.805.2238,https://www.concealedcoalition.com,direct_booking,,CA,,,,,"Concealed Coalition is a nationwide firearms training organization that provides both online and in-person concealed carry certification courses. They offer a comprehensive curriculum covering firearms policies, safety practices, and scenario-based training taught by certified instructors. The company operates through a network of trainers and classroom partnerships across multiple states, providing an experiential learning approach designed to build confidence and preparedness for responsible firearm ownership.",success,low,"This is a franchise/network operation rather than Jon Ludwick as an individual instructor. No pricing information found, no specific address for Jon Ludwick's location, and booking appears to go through the larger organization's system.",,modoc/concealedcoalition-com/instructor_1.jpg|modoc/concealedcoalition-com/instructor_2.jpg|modoc/concealedcoalition-com/instructor_3.jpg,modoc/concealedcoalition-com/training_1.jpg,2026-04-13T04:37:12+00:00
modoc,Middleton Firearms Training,Dominick Middleton,middletonccw@gmail.com,530.744.4511,,,Alturas,CA,,,,,,no_website,,,,,,2026-04-13T04:37:12+00:00
modoc,State of Jefferson Outdoors,Jess Harris,stateofjeffersonoutdoors@gmail.com,530.643.9084,https://stateofjeffersonoutdoors.net/home/,direct_booking,,CA,"11211 N. Hwy 3, Fort Jones, CA 96032",,,,"State of Jefferson Outdoors is a Christian-based company in Northern California that focuses on hunting, firearms, and sporting goods while glorifying the Lord and exhibiting their morals and values. They offer CCW and firearms instruction with an emphasis on safety as the biggest responsibility when exercising 2nd Amendment rights.",success,low,Found basic contact info and description but no pricing details for any courses. Has booking capability but pricing structure unclear.,modoc/stateofjeffersonoutdoors-net/logo.jpg,,modoc/stateofjeffersonoutdoors-net/training_1.jpg|modoc/stateofjeffersonoutdoors-net/training_2.jpg|modoc/stateofjeffersonoutdoors-net/training_3.jpg,2026-04-14T20:40:57+00:00
modoc,Angel's Firearms Instruction,Dan Angel,djtangel@sbcglobal.net,530.990.1807,,,Chico,CA,,,,,,no_website,,,,,,2026-04-13T04:37:12+00:00
modoc,Nice Shot Indoor Range,Lauri Forni; Michael Rynearson; Andrew Hackett,niceshotrange@gmail.com,530.241.6486,https://www.niceshot.net,,Redding,CA,4765 Caterpillar Rd,,,,,failed,,,,,,2026-04-13T04:37:12+00:00
modoc,Northern Firearms Instruction,Ted Lidie,ted@usgunpro.com,530.999.1822,https://www.countyccw.com,,Hat Creek,CA,"11091 Rhyolite Dr #1, Redding, CA 96003",,,,,success,,,,,,2026-04-13T04:37:12+00:00
modoc,Randy Scheffler,Randy Scheffler,rscheffler@hotmail.com,530.310.2844,,,Susanville,CA,,,,,,no_website,,,,,,2026-04-13T04:37:12+00:00
modoc,"L7 Adventures, Inc.",Minty O'Callaghan,L7adventuresinc@gmail.com,408-858-3077,,,Alturas,CA,,,,,,no_website,,,,,,2026-04-13T04:37:12+00:00
modoc,Firearms Academy of Redding,Joel Northrup; Dave Morley,joel@reddingfirearms.com,530.945.8925,https://www.reddingfirearms.com,direct_booking,Redding,CA,"9880 Record Range Rd, Redding, CA 96001",295,164,,"Firearms Academy of Redding has provided firearms training, self defense and CCW instruction to Shasta County and Northern California for over 30 years. Owner and instructor Joel Northrup is POST certified and approved by the Shasta County Sheriff's Office as a CCW instructor. The Academy offers initial and renewal CCW classes that meet the new DOJ training standards, as well as advanced defensive pistol training and non-resident CCW training for Florida and Arizona permits.",success,high,"Clear pricing and description found, direct booking available via Register Now buttons, but no specific address listed on the website",modoc/reddingfirearms-com/logo.png,modoc/reddingfirearms-com/instructor_1.jpg|modoc/reddingfirearms-com/instructor_2.jpg,modoc/reddingfirearms-com/training_1.jpg|modoc/reddingfirearms-com/training_2.jpg|modoc/reddingfirearms-com/training_3.jpg,2026-04-13T04:37:12+00:00
modoc,Lassen Community College,Tom Downing,tdowning@lassencollege.edu,530.251.8801,,,Susanville,CA,"478-200 CA-139, Susanville, CA 96130",,,,,no_website,,,,,,2026-04-13T04:37:12+00:00
modoc,Crossed Star Firearms,Morgan Dant,crossedstarfirearms@yahoo.com,530.790.5187,,,Marysville,CA,"12501 Loma Rica Rd, Marysville, CA 95901",,,,,no_website,,,,,,2026-04-13T04:37:12+00:00
modoc,"Concealed Carry Nevada, LLC",Keith Chesnut,"keith@concealedcarrynevada,com",775.720.2147,,,Reno,NV,,,,,,no_website,,,,,,2026-04-13T04:37:12+00:00
modoc,CapOff Firearms Training,Mike Pickens,mrmpickens@yahoo.com,530.254.4626,,,,CA,,,,,,no_website,,,,,,2026-04-13T04:37:12+00:00
modoc,559 CCW LLC,Paco Villarreal,,559-790-3071,https://www.559ccw.com,direct_booking,,CA,,165,125,,"559CCW LLC provides online and in-person California CCW training courses serving residents of Fresno, Tulare, Kings, Merced, Madera, and Plumas counties. Led by a California DOJ-certified instructor and U.S. Marine Corps veteran, they offer interactive online courses with automatically saved progress, allowing students to complete training on their own schedule. Their comprehensive curriculum covers firearm safety, California laws, and self-defense techniques, meeting all state requirements for concealed carry permits.",success,high,"Clear pricing found for 16hr and 8hr courses, direct enrollment capability evident, comprehensive vendor description available from website content",,modoc/559ccw-com/instructor_1.jpeg|modoc/559ccw-com/instructor_2.jpeg|modoc/559ccw-com/instructor_3.jpeg,modoc/559ccw-com/training_1.png|modoc/559ccw-com/training_2.jpeg|modoc/559ccw-com/training_3.jpeg,2026-04-13T04:37:12+00:00
modoc,Northern Firearms Instruction - California Online CCW,,info@californiaonlineccw.com,559.294.9400,https://californiaonlineccw.com/nonresident,inquiry_only,Clovis,CA,"1173 Dayton Ave, Clovis, CA 93612",,,,"Northern Firearms Instruction offers online CCW training courses specifically designed for non-residents seeking California concealed carry licenses. Their 16-hour initial course is accepted by multiple California counties and law enforcement agencies including Alameda County SO, Fresno County SO, and LAPD. The fully online format provides 24/7 access and allows students to complete the course at their own pace, though live-fire qualifications must be completed separately with the issuing agency.",success,medium,"Found clear address and vendor description, but no pricing information available anywhere on the website. Booking appears to be inquiry-only based on contact information provided.",modoc/californiaonlineccw-com/logo.jpg,,,2026-04-13T04:37:12+00:00
modoc,Gibb Tactical,Matthew Gibb,matt@gibbtactical.com,530.524.5727,https://www.gibbtactical.com,,Anderson,CA,"4506 Panorama Point Rd, Anderson, CA 96007",,,,,failed,,,,,,2026-04-13T04:37:12+00:00
mono,Nevada Firearms Academy,"Mike Ford; D.E. ""Doc"" Cotton",,(775) 884-4867,,,Carson City,NV,,,,,,no_website,,,,,,2026-04-13T04:37:12+00:00
mono,Powers Firearms Training Corp,Rebecca Powers,becky@kernccw.com,(661) 871-7273,https://www.kernccw.com,direct_booking,Bakersfield,CA,"20238 Woody Rd, Bakersfield, CA 93308",,,,"Powers Firearms Training Corp is a family-owned business serving Kern County for over 50 years, now operated by Craig and Becky Powers. They offer specialized courses including CCW permits (initial, renewal, and modification) for Kern, Inyo, Mono, and Tulare counties with multi-state permit options at no additional charge. Their training combines online courses completed at your own pace with in-person training and range qualification, and they also provide private instruction, ladies/co-ed handgun courses, defensive firearms training, and security officer certifications.",success,medium,"Strong vendor description and clear service offerings with online booking capability evident, but no pricing information found and no specific address listed despite serving specific counties",,,,2026-04-13T04:37:12+00:00
mono,Security Academy McClellan,Randall Fritz,securityatmc@gmail.com,(916) 333-5308,,,McClellan,CA,"2409 Dean St #100, McClellan Park, CA 95652",,,,,no_website,,,,,,2026-04-13T04:37:12+00:00
mono,California and Nevada CCW,Kirk Reinschmidt,kirk@concealedcarrynevada.com,(775) 224-8171,https://www.concealedcarrynevada.com,inquiry_only,Reno,CA,,425,280,,"Concealed Carry Nevada, LLC operates as a comprehensive firearms training provider serving Nevada and Northern California, led by NRA Certified Instructor Keith Chesnut. They offer CCW permit courses for multiple states including Nevada, California, Utah, Oregon and Florida, with both group and private instruction options available. The company provides classroom instruction with live fire qualification on both indoor and outdoor ranges, along with additional NRA courses and defensive shooting programs.",success,medium,"Found clear pricing for California CCW (16hr) at $425 and renewal at $280, but no specific address found. Booking appears to be inquiry-only through phone/email. Some pricing details were unclear between different state combinations.",mono/concealedcarrynevada-com/logo.jpg,mono/concealedcarrynevada-com/instructor_1.jpg,,2026-04-13T04:37:12+00:00
mono,"Trinity Tactical, LLC",Gary Underhill,,(775) 622-7009,https://www.trinitytacticalnv.com,,,CA,,,,,,failed,,,,,,2026-04-13T04:37:12+00:00
mono,Concealed Coalition,,Info@concealedcoalition.com,(800) 805-2238,https://www.concealedcoalition.com,direct_booking,,CA,,,,,Concealed Coalition is a nationwide firearms training organization offering both online and in-person concealed carry permit courses. They provide a network of certified instructors across multiple states with classroom partnerships and gun range alliances. The company emphasizes experiential learning with scenario-based training designed to be engaging and educational for students of all experience levels.,success,medium,"Found clear description and direct booking capability through 'Register' buttons, but no pricing information visible and no specific address (appears to be a multi-location national company)",,mono/concealedcoalition-com/instructor_1.jpg|mono/concealedcoalition-com/instructor_2.jpg|mono/concealedcoalition-com/instructor_3.jpg,mono/concealedcoalition-com/training_1.jpg,2026-04-13T04:37:12+00:00
mono,Front Sight Firearms Training Institute,J. Scott Hoerner,,(702) 837-7433,https://www.frontsight.com,none,Pahrump,NV,,,,,,success,low,"Website content is entirely about crypto gambling 'Chicken Road' games, not firearms training. This appears to be wrong website content for the vendor.",mono/frontsight-com/logo.jpg,,mono/frontsight-com/training_1.png,2026-04-13T04:37:12+00:00
mono,"Sierra Tactical, LLC",Joe Pecsi,,(760) 784-0699,,,Bishop,CA,"595 W Line St #1493, Bishop, CA 93515",,,,,no_website,,,,,,2026-04-13T04:37:12+00:00
mono,"CCW Firearm Training, LLC",Jim Crowley,,(775) 691-6670,https://www.ccwfirearmtraining.com,,Carson City,NV,,,,,,failed,,,,,,2026-04-13T04:37:12+00:00
mono,Safe and Tactical Firearms Training,Gene N. Kinum,,(760) 935-3830,https://stft.ddns.net/,inquiry_only,Bridgeport,CA,,,,,"Safe and Tactical Firearms Training is located in Bridgeport, CA and offers CCW safety classes for California, Nevada, Arizona, Utah, and Oregon with reciprocity providing concealed carry privileges in up to 43 states. They provide various firearms training courses including Basic Handgun, Tactical Shooting, Semi-Auto Malfunctions, and Hunter Safety. The company uses a video-based training curriculum featuring content from firearms expert Massad Ayoob and other industry professionals.",success,low,"No pricing information found anywhere on website. No specific address provided, only city/state. Contact is phone/email only for inquiries. Training appears to be video-based but format and structure unclear.",mono/stft-ddns-net/logo.png,,,2026-04-14T20:40:57+00:00
mono,Advanced Firearms Training & Consulting,Randall Brooks,,(775) 671-5534,https://www.aftc.biz,,Carson City,NV,,,,,,failed,,,,,,2026-04-13T04:37:12+00:00
mono,Shooter on the Line,David Rollins; Fareed Dhanoya,shootersontheline@yahoo.com,(916) 337-1753,,,Folsom,CA,,,,,,no_website,,,,,,2026-04-13T04:37:12+00:00
mono,Integrity Firearms Training,Debbie Keennon; Robert Priscaro,trainingwithintegrity@gmail.com,(775) 720-1275,,,Gardnerville,NV,,,,,,no_website,,,,,,2026-04-13T04:37:12+00:00
mono,Intergritas,Amber Carrillo; Luis Carrillo,,,https://www.integritasinc.com/contact,,Wellington,NV,3970 Gray Hills Rd,,,,,failed,,,,,,2026-04-13T04:37:12+00:00
mono,Guns4US,Tom Wiknich,guns4us@earthlink.net,760-375-1004,http://www.guns4us.com/,inquiry_only,Ridgecrest,CA,"409 S. China Lake Blvd, Ridgecrest, CA 93555",,,,"GUNS4US Inc. is a veteran-owned full-service gun store with over 450 guns in stock, specializing in estate sales of firearms, militaria and accessories with over 25 years of experience. They operate an indoor/outdoor 600-yard gun range and offer NRA certified CCW instruction and gun safety classes. The business serves the area between Lancaster, California and Reno, Nevada, and provides special shooting classes designed for ladies.",success,low,"CCW classes mentioned but no specific pricing, course structure, or booking details found. Only contact information available for inquiries.",mono/guns4us-com/logo.jpg,,,2026-04-14T20:40:57+00:00
mono,Kings Gun Center,Todd Cotta,todd@kingsguncenter.com,559-696-9052,,,,CA,426 Park Ave,,,,,no_website,,,,,,2026-04-13T04:37:12+00:00
mono,U.S. LawShield,,,877-448-6839,https://educate.uslawshield.com,direct_booking,Houston,CA,,,,,"U.S. LawShield Academy is an online learning platform that offers comprehensive concealed carry training courses for multiple states, priced at $74.99 for most states and $249.99 for California. They provide self-paced courses that can be taken from any device, with a focus on legal education from attorneys specializing in self-defense law. The platform also offers instructor certification programs and a variety of firearms safety and fundamentals courses.",success,medium,"Clear online booking capability and pricing for various state courses, but this is an online-only platform without traditional 16hr/8hr in-person course structure. No physical address found as they operate entirely online.",mono/educate-uslawshield-com/logo.png,mono/educate-uslawshield-com/instructor_1.jpg,mono/educate-uslawshield-com/training_1.jpg|mono/educate-uslawshield-com/training_2.jpg|mono/educate-uslawshield-com/training_3.jpg,2026-04-13T04:37:12+00:00
napa,29 Outdoor Gear/Threat Scenarios,Jerry Kunzman,contact@29og.com,707-647-2511,https://29og.com,,American Canyon,CA,3431 Broadway a5,,,,,failed,,,,,,2026-04-13T04:37:12+00:00
napa,2nd Amendment Firearms Academy LLC,Doug Kevilus,info@2afirearms.com,707-410-0389,https://2afirearms.com,,,CA,,,,,,failed,,,,,,2026-04-13T04:37:12+00:00
napa,AAO,Bryan Kinney,bryan@aao.com,707-400-3677,https://aao.com,,,CA,,,,,,failed,,,,,,2026-04-13T04:37:12+00:00
napa,Big Ranch Defensive Firearm Training,John Staggs; Tom Butler,john@bigranch.com,707-291-7275,https://bigranch.com,,,CA,,,,,,success,low,Website content appears to be placeholder text 'asdf' - no actual business information available,,,,2026-04-13T04:37:12+00:00
napa,CCW Shooters,Michael Cordisco,michael@ccwshooters.com,916-207-7350,https://www.ccwshooters.com,inquiry_only,Yuba City,CA,,175,125,,"CCW Shooters is owned and operated by Mike Cordisco, an NRA Pistol Instructor and DOJ Certified Instructor who serves multiple California counties including Sacramento, Yuba, Sutter, and others. The company offers concealed carry permit training with courses held every weekend, along with private firearms instruction and women's basic beginning courses. Mike brings telecommunications management experience and a lifelong passion for shooting sports to provide detailed instruction focused on situational awareness and empowering individuals to protect themselves and their families.",success,medium,"Found clear pricing for full 16hr course and renewal, plus good vendor description. No street address provided, only city. Booking appears to require contacting them directly based on 'please contact us' language.",napa/ccwshooters-com/logo.png,napa/ccwshooters-com/instructor_1.png,napa/ccwshooters-com/training_1.jpg|napa/ccwshooters-com/training_2.png|napa/ccwshooters-com/training_3.png,2026-04-14T20:40:57+00:00
napa,Coco Firearm Training LLC,Timothy Trickel,timothy@cocofirearms.com,925-384-1920,https://cocofirearms.com,,,CA,,,,,,failed,,,,,,2026-04-13T04:37:12+00:00
napa,Concealed Coalition,,,,https://concealedcoalition.com,inquiry_only,,CA,,,,,"Concealed Coalition is a nationwide online authority for concealed carry permit training that combines digital learning with hands-on education experiences. They offer both online video courses and in-person training through a network of certified instructors, classroom partnerships with national brands, and an extensive gun range alliance. The company focuses on changing perceptions about firearms through entertaining and informative concealed carry class training experiences.",success,low,"Website is primarily a lead generation/referral service requiring zip code entry to access specific classes and pricing. No pricing information visible, no specific address, and booking appears to redirect to local providers.",,napa/concealedcoalition-com/instructor_1.jpg|napa/concealedcoalition-com/instructor_2.jpg|napa/concealedcoalition-com/instructor_3.jpg,napa/concealedcoalition-com/training_1.jpg,2026-04-13T04:37:12+00:00
napa,"Crosshair Training, LLC",Dennis F. Jamarck Jr.,dennis@crosshairtraining.com,707-486-4445,https://crosshairtraining.com,direct_booking,Santa Rosa,CA,"764 Aviation Boulevard Unit#151, Santa Rosa, California 95403",325,175,100,Crosshair Training LLC is a Bay Area firearms and self-defense training center offering CCW training for multiple cities and counties in the Bay Area. They provide realistic training that goes beyond the square range and incorporates movement and interactive targets to prepare students for real-world scenarios. The company is a BSIS licensed training facility with DOJ certified instructors and offers comprehensive CCW classes that are CA SB2 compliant.,success,high,"Clear pricing found for all main services, direct booking capability evident with 'Sign Up Now' buttons, good vendor description available from website content",,napa/crosshairtraining-com/instructor_2.jpg,,2026-04-13T04:37:12+00:00
napa,Dobbs Firearm Training,Charles Dobbs,info@dobbsfirearms.com,888-486-0250,https://dobbsfirearms.com,,Suisun City,CA,"1652 W Texas St Suite 161, Fairfield, CA 94533",,,,,failed,,,,,,2026-04-13T04:37:12+00:00
napa,"Defensive Accuracy, LLC",Denise King,,408-687-3791,https://www.daccw.com/,inquiry_only,San Leandro,CA,,,,,"Defensive Accuracy, LLC provides California CCW training and instruction services in the Bay Area. They offer initial CCW courses, CCW renewals, CCW modifications, private CCW classes, and LEOSA qualifications. The company also provides various NRA instructor training courses including pistol instruction and personal protection programs.",success,low,"Only found one specific price ($60 for LEOSA qualifications). No clear pricing for CCW courses, no street address, and booking requires calling. Website appears incomplete or poorly formatted.",napa/daccw-com/logo.png,,,2026-04-14T20:40:57+00:00
napa,"First Priority Security Consulting, LLC",Keith Brown,keith@firstprioritysecurity.com,510-736-4333,https://firstprioritysecurity.com,,Tracy,CA,,,,,,failed,,,,,,2026-04-13T04:37:12+00:00
napa,"G4 Firearms, LLC",Scott Gabaldon,,707-540-0509,https://g4firearms.com,inquiry_only,Santa Rosa,CA,"2490 W 3rd St Santa Rosa, CA 95401",300,200,,"G4 Firearms, LLC is a full-service gun store in Sonoma County that offers CCW courses and firearms training for all skill levels. They provide comprehensive firearms training including CCW courses, women's handgun safety, home defense, and private lessons, along with a complete selection of firearms, ammunition, tactical gear, and gunsmithing services. The company supports local law enforcement agencies and strives to keep Sonoma County safe through proper firearms education and training.",success,medium,"Clear CCW course price of $300 found, but unclear if this is 16hr or 8hr course. No breakdown of Day 1/Day 2 pricing or renewal pricing. Booking requires phone call inquiry only.",,,napa/g4firearms-com/training_1.png|napa/g4firearms-com/training_2.jpg|napa/g4firearms-com/training_3.jpg,2026-04-13T04:37:12+00:00
napa,G&L Security,Garrett Simpson; Laramie Simpson,info@glsecurity.com,707-344-1057,https://glsecurity.com,,,CA,,,,,,failed,,,,,,2026-04-13T04:37:12+00:00
napa,Grover Group,,info@grovergroup.com,510-676-6076,http://ggccw.biz,inquiry_only,,CA,,450,300,100,"Grover Group Training is a California DOJ-approved CCW training provider with instructors certified by NRA, USCCA, and California POST. They offer hybrid delivery courses combining virtual instructor-led lectures with live-fire qualification, serving over 30 sheriff's offices and police departments across Northern California. Their semi-private classes are limited to 10 students and include options for multi-state non-resident CCW add-ons.",success,high,"Clear pricing found for 16hr initial ($450), 8hr renewal ($300), and requalification/permit modification ($100). Strong vendor description available. No physical address found and booking requires inquiry contact.",napa/ggccw-biz/logo.png,,napa/ggccw-biz/training_1.jpeg|napa/ggccw-biz/training_2.jpg,2026-04-14T20:40:57+00:00
napa,Kennedy Consulting,,info@kennedyconsulting.com,530-617-1486,,,Fair Oaks,CA,,,,,,no_website,,,,,,2026-04-13T04:37:12+00:00
napa,Napa Rifle and Pistol Club,Jack Jennings,jack@naparifle.com,707-479-0337,,,,CA,,,,,,no_website,,,,,,2026-04-13T04:37:12+00:00
napa,Northern Firearms Instruction - NFI,,info@nfi.com,530-776-4855,https://nfi.com,none,Redding,CA,"11091 Rhyolite Dr #1, Redding, CA 96003",,,,,success,low,"Website shows only 'Coming Soon' placeholder page with no actual content, business information, or services described",,,,2026-04-13T04:37:12+00:00
napa,ONE on ONE Firearms,,info@oneononefirearms.com,916-494-9663,https://oneononefirearms.com,direct_booking,Sacramento,CA,"10398 Rockingham Dr #18, Sacramento, CA 95827",,,,"ONE on ONE Firearms has been Northern California's premier destination for expert firearms training since 2009. They specialize in California CCW training, offering both Initial-Issue and Renewal classes approved for multiple counties including Sacramento, Yolo, El Dorado, Nevada, Amador, and Shasta. Their highly-rated instructors provide group, semi-private, and private firearms instruction in a safe environment with small class sizes to ensure personalized attention. They offer comprehensive training programs for handguns, carbines, rifles, shotguns, and competitive shooting for students of all skill levels.",success,low,"Clear booking capability and good vendor description available, but no specific pricing information found despite multiple references to classes and training programs. No physical address located in the content.",napa/oneononefirearms-com/logo.png,napa/oneononefirearms-com/instructor_1.png|napa/oneononefirearms-com/instructor_2.png|napa/oneononefirearms-com/instructor_3.png,napa/oneononefirearms-com/training_1.jpg,2026-04-13T04:37:12+00:00
napa,Paladin Tactical US LLC,Daniel Butler,dan@paladintactical.com,707-863-1064,https://paladintactical.com,,,CA,,,,,,success,,,,,,2026-04-13T04:37:12+00:00
napa,"Safe Firearms Education, LLC",,info@safefirearms.com,408-384-8598,https://safefirearms.com,,San Jose,CA,,,,,,success,,,,,,2026-04-13T04:37:12+00:00
napa,Showket Training,Ziyad Showket,zip@showkettraining.com,415-497-1983,https://showkettraining.com,inquiry_only,Novato,CA,1040 5th Street - Novato,375,250,,"Showket Training offers CCW and firearm training classes in Marin County and beyond, emphasizing real-world defensive training focused on survival and safety rather than tactical games. Led by instructors with over 20 years of experience training California residents, they provide a positive learning environment with hands-on range training combined with classroom instruction covering legal and liability concerns.",success,high,"Clear pricing found for main courses, good vendor description available, booking process requires signing up then paying deposit via invoice",,,,2026-04-13T04:37:12+00:00
napa,Split Fire Training,Michael Kenner,info@splitfire.com,707-712-8300,https://splitfire.com,,Concord,CA,"USI Club House, 4700 Evora Rd, Concord, CA 94520",,,,,failed,,,,,,2026-04-13T04:37:12+00:00
napa,Steve's Firearms Service,Steve Hartung,,707-249-5400,,,,CA,,,,,,no_website,,,,,,2026-04-13T04:37:12+00:00
nevada,The Range,,,(530) 273-4440,https://therangeus.com/,inquiry_only,Grass Valley,CA,"13235 B Grass Valley Avenue, Grass Valley, CA 95945",,,,"The Range is Nevada County's only indoor rifle and pistol range, located in the foothills of the Sierra Nevada Mountains just outside Grass Valley. They feature a modern indoor shooting facility with ten 25-yard handgun lanes and four 50-yard rifle lanes, along with a full-service gun shop stocked with quality firearms and accessories. The Range offers a complete selection of classes from beginner to experienced shooters, including CCW classes, women-only courses, handgun maintenance, and private instruction.",success,low,"Website mentions CCW classes but provides no pricing information, course structure details, or specific booking mechanism beyond calling them",,,nevada/therangeus-com/training_1.jpg|nevada/therangeus-com/training_2.jpg|nevada/therangeus-com/training_3.jpg,2026-04-14T20:40:57+00:00
nevada,Weber Firearms,,,(530) 274-7664,https://weber-firearms.com/,inquiry_only,,CA,,250,125,,"Weber Firearms Safety & CCW Instruction serves Nevada County with monthly concealed carry classes held at the Grange Hall in Grass Valley with shooting qualification at the Nevada County Sportsmen Club. Their instructors are NRA and DOJ certified with 30 years of law enforcement background, offering comprehensive training that covers firearms types, ammunition, holsters, legal requirements, and ethics. They also provide Utah permits during class and offer basic pistol classes for new firearm owners.",success,high,"Clear pricing and course structure found, but no specific street address provided, only general venue locations mentioned",,,,2026-04-14T20:40:57+00:00
nevada,The Gun Range,,,(916) 972-1484,https://shop.thegunrange.biz,unclear,North Highlands,CA,,,,,"The Gun Range is an indoor shooting facility that offers CCW courses for 6 counties/3 cities, including 16-hour initial courses and 8-hour renewal courses. They provide various marksmanship classes and have a full-service shooting range with firearm rentals, safety equipment, and related services.",success,low,Course schedule shows CCW classes are offered but no pricing information found. No address provided. Booking capability unclear from available content.,nevada/shop-thegunrange-biz/logo.png,,nevada/shop-thegunrange-biz/training_1.png|nevada/shop-thegunrange-biz/training_2.png|nevada/shop-thegunrange-biz/training_3.png,2026-04-14T20:40:57+00:00
nevada,Global Protection & Investigations,,,1(888) 937-7683,,,,CA,,,,,,no_website,,,,,,2026-04-13T04:37:12+00:00
nevada,Defensive Triad,,,(916) 765-5661,http://www.defensivetriad.com/schedulepricing.html,inquiry_only,Rocklin,CA,"6526 Lonetree Blvd., Suite 200, Rocklin, CA 95765",280,140,,"Defensive Triad is a firearms training company that offers comprehensive CCW courses and defensive handgun training at Placer Sporting Club in Roseville, CA. They provide 16-hour initial CCW courses split into two 8-hour sessions, 8-hour renewal courses, and various specialized defensive training classes including low-light scenarios, defensive shotgun, and trauma courses. The company operates with a structured monthly schedule and also offers private and group instruction options.",success,high,"Clear pricing structure found, detailed schedule, and explicit booking instructions via email/text",,,,2026-04-14T20:40:57+00:00
nevada,Crossed Star Firearms,,,(530) 790-5187,https://www.crossedstarfirearms.com/,inquiry_only,Marysville,CA,"12501 Loma Rica Rd, Marysville, CA 95901",300,175,,"Crossed Star Firearms is a Northern California firearms instructor offering CCW classes for residents of multiple counties including Butte, Contra Costa, Glenn, Lassen, Modoc, Nevada, Placer, Plumas, Sacramento, San Benito, Sutter, Tehama, Trinity, Yuba, and Yolo. They provide comprehensive firearms training including CCW initial and renewal courses, multi-state CCW classes, and various pistol instruction programs for all skill levels. The instructor emphasizes creating a comfortable learning environment and offers specialized training including situational awareness and ladies pistol classes.",success,medium,"Clear pricing for renewal and full 16hr course, but no separate day 1/day 2 pricing. No specific address found and booking appears to require inquiry through registration page.",nevada/crossedstarfirearms-com/logo.png,nevada/crossedstarfirearms-com/instructor_1.png|nevada/crossedstarfirearms-com/instructor_2.png,,2026-04-14T20:40:57+00:00
nevada,Vandagriff Consulting,,,(530) 320-8858,,,,CA,,,,,,no_website,,,,,,2026-04-13T04:37:12+00:00
nevada,Defensive Accuracy LLC,,,(408) 687-3791,https://www.daccw.com/,inquiry_only,,CA,,,,,"Defensive Accuracy LLC provides California CCW training and firearms instruction services in the Bay Area and Central California. They offer initial CCW courses, renewals, modifications, and private CCW classes, as well as LEOSA qualifications and various NRA instructor training programs.",success,low,Only $60 price found but unclear what service it covers (mentions range fee). No specific pricing for standard CCW courses. Contact phone number provided but no online booking capability evident.,nevada/daccw-com/logo.png,,,2026-04-14T20:40:57+00:00
nevada,Bad Moon Shooting,,,(530) 988-8772,https://badmoonshooting.com/courses/doj1034,inquiry_only,,CA,,,,,"Bad Moon Shooting provides CCW training courses for multiple Northern California counties including Nevada, Placer, Sacramento, Sutter, Yolo and Yuba. They offer both initial and renewal concealed carry courses that are SB2-compliant, conducted at locations including Beale Rod & Gun Club and Yuba City. The company also provides advanced training programs, NRA certified courses, and DOJ certified CCW instructor qualification services.",success,low,"No pricing information found, no specific address provided, only contact email and phone for inquiries. Course offerings are clear but lack specific details about duration or cost.",,,,2026-04-14T20:40:57+00:00
nevada,Lagomasino's Firearms Institute Inc.,,,(209) 401-0907,,,,CA,,,,,,no_website,,,,,,2026-04-13T04:37:12+00:00
nevada,Protection Plus Tactics,,,(916) 577-2522,https://www.protectionplustactics.com,direct_booking,Loomis,CA,,275,150,,"Protection Plus Tactics is Northern California's elite gun shop and training academy located in Loomis, CA, specializing in self-defense firearms sales, services, and training. They welcome all skill levels and provide both private and group instruction including Concealed Carry (CCW) classes, firearm safety, and advanced tactical training. Led by Don, a decorated Marine combat veteran and DOJ/NRA certified instructor, they focus on real-world self-defense training with an emphasis on safety and practical application.",success,medium,"Clear pricing found for initial CCW ($275) and renewal ($150), booking capability evident through calendar signup system, but unclear if these are 8hr or 16hr courses. No specific address found beyond city. No add-a-gun pricing available.",nevada/protectionplustactics-com/logo.jpg,,nevada/protectionplustactics-com/training_1.jpg|nevada/protectionplustactics-com/training_2.jpg|nevada/protectionplustactics-com/training_3.jpg,2026-04-14T20:40:57+00:00
nevada,Defense Shot,,bang@defenseshot.com,(530) 206-6377,https://defenseshot.com/,direct_booking,El Dorado Hills,CA,"4667 Golden Foothill Pkwy
El Dorado Hills, CA",388,269,,"DefenseSHOT is a firearms training company based in El Dorado Hills, offering top-rated CCW permit instruction and firearms training courses for all skill levels across El Dorado, Sacramento, and Placer Counties. Known for a relaxed, fun, and efficient approach, DefenseSHOT provides both initial and renewal CCW courses designed to meet the needs of beginners and experienced shooters alike.",success,high,manual,,,,2026-04-14T20:40:57+00:00
nevada,One on One Firearms,,,(916) 494-9663,https://oneononefirearms.com/,direct_booking,Sacramento,CA,"10398 Rockingham Dr #18, Sacramento, CA 95827",,,,"ONE on ONE Firearms has been Northern California's premier destination for expert firearms training since 2009. They specialize in California CCW training, offering both Initial-Issue and Renewal classes approved for multiple counties including Sacramento, Yolo, El Dorado, Nevada, Amador, and Shasta. Their comprehensive training programs include classes for handguns, carbines, rifles, shotguns, and competitive shooting, taught by professional NRA and California DOJ Certified Firearms Instructors who maintain small class sizes for personalized attention.",success,low,"Clear booking system and good vendor description found, but no specific pricing information discovered on any pages. Location appears to be Sacramento area but no street address provided.",nevada/oneononefirearms-com/logo.png,nevada/oneononefirearms-com/instructor_1.png|nevada/oneononefirearms-com/instructor_2.png|nevada/oneononefirearms-com/instructor_3.png,nevada/oneononefirearms-com/training_1.jpg,2026-04-14T20:40:57+00:00
nevada,CCW Shooters,,,(916) 207-7350,https://www.ccwshooters.com,inquiry_only,,CA,,175,125,,"CCW Shooters is owned and operated by Mike Cordisco, a Life Member of the NRA and certified instructor serving multiple California counties including Sacramento, Nevada, Yuba, and Sutter. The company offers concealed carry permit courses, renewal training, and private firearms instruction for individuals of all skill levels. Mike brings telecommunications management experience and extensive firearms knowledge to provide comprehensive training in situational awareness, firearm operation, and California CCW laws.",success,high,"Clear pricing found for main courses, instructor credentials well documented, but no street address provided and booking requires contact for scheduling",nevada/ccwshooters-com/logo.png,nevada/ccwshooters-com/instructor_1.png,nevada/ccwshooters-com/training_1.jpg|nevada/ccwshooters-com/training_2.png|nevada/ccwshooters-com/training_3.png,2026-04-14T20:40:57+00:00
nevada,Bellicose Family Safety Solutions,,,(530) 570-2746,,,,CA,,,,,,no_website,,,,,,2026-04-13T04:37:12+00:00
nevada,Sierra CCW Firearms Training,,,(530) 563-6397,http://www.sierraccw.com,,Truckee,CA,"10000 Truckee Airport Rd, Truckee, CA 96161",,,,,success,low,"Website content appears to be in Chinese and shows only a generic homepage title, no CCW training information found",,,,2026-04-14T20:40:57+00:00
nevada,A Best CCW Training,,,(916) 295-8489,https://abestccwtraining.com/,direct_booking,Lincoln,CA,"Tower Market Center, 2270 Nicolaus Rd #109, Lincoln, CA 95648",,,,"A Best CCW Training is a firearms training company based in Lincoln, CA that provides NRA certified CCW courses and basic handgun training. Their team of instructors has over 140 years of combined experience in law enforcement, CCW training, and NRA instruction. They offer 16-hour initial CCW training and 8-hour renewal classes for multiple California counties including Sacramento, El Dorado, Nevada, and Placer counties, as well as 36-state concealed weapons permit certification.",success,medium,"Found good description and booking capability through online scheduling calendar, but no specific pricing information was provided on the website. Address details are vague (mentions Lincoln, CA and Nicolaus Road but no complete street address).",,,,2026-04-14T20:40:57+00:00
nevada,Defensive and Firearms Safety Training,,,(916) 303-3746,,,,CA,,,,,,no_website,,,,,,2026-04-13T04:37:12+00:00
nevada,Northern Firearms Instruction (NFI),,,(530) 999-1822,,,Redding,CA,"11091 Rhyolite Dr #1, Redding, CA 96003",,,,,no_website,,,,,,2026-04-13T04:37:12+00:00
nevada,Essential Self Defense,,,(916) 997-1293,,,,CA,,,,,,no_website,,,,,,2026-04-13T04:37:12+00:00
nevada,Ramsey Personal Protection Consulting,,,(916) 844-6374,,,,CA,,,,,,no_website,,,,,,2026-04-13T04:37:12+00:00
nevada,NSP Firearms Instruction,,,(916) 500-4478,https://nspfirearms.com/,direct_booking,,CA,,295,195,,"NSP Firearms Instruction provides California CCW training and firearms education with certified instructors maintaining credentials through California DOJ, Utah BCI, NRA, and USCCA. They offer county-approved CCW courses that meet or exceed CA DOJ requirements for multiple counties including Placer, Sacramento, Yolo, Nevada, Contra Costa, and San Joaquin. NSP emphasizes safety-focused training and offers flexible private, family, and group instruction options with customized curriculum available.",success,high,Clear pricing found for 16hr initial ($295) and 8hr renewal ($195). Direct booking available through website. No separate day pricing or add-a-gun fees found. Good vendor description available from website content.,nevada/nspfirearms-com/logo.png,,nevada/nspfirearms-com/training_1.jpg,2026-04-14T20:40:57+00:00
nevada,Alpha Shield CCW,,,(916) 812-8762,,,,CA,,,,,,no_website,,,,,,2026-04-13T04:37:12+00:00
nevada,Angel's Firearms Instruction (AFI),,,(530) 900-1807,,,,CA,,,,,,no_website,,,,,,2026-04-13T04:37:12+00:00
orange,Apex Defensive Strategies,,,714-497-0714,https://apexdefensivestrategies.com,direct_booking,Anaheim,CA,,,,,"Apex Defensive Strategies is an OCSD-approved CCW training provider offering comprehensive two-day initial CCW certification courses and 8-hour renewal courses. They provide a wide range of firearms training including handgun marksmanship, tactical rifle courses, and advanced CCW courses with real-world scenario drills. The company emphasizes practical application with 3-4 hours of dedicated live fire training in their CCW courses and offers flexible scheduling with regular monthly classes.",success,low,"Clear course descriptions and direct booking capability via 'Register Here' links, but no pricing information found anywhere on the website content provided",,,,2026-04-13T20:06:39+00:00
orange,Artifex Firearms Training,,,949-861-0693,https://www.artifexfirearmstraining.com,direct_booking,Anaheim,CA,"3150 E La Palma Ave, Anaheim, CA 92806",,,,"Artifex Firearms Training was founded by a British Special Forces veteran in 2012 to provide quality firearms training to civilian, law enforcement and military units. They are an OCSD approved CCW training provider offering both 16-hour initial and 8-hour renewal classes through a hybrid e-learning/online/live-fire format. Artifex has delivered tactical and counter-terrorism training to major California SWAT teams including FBI HRT.",success,medium,"Clear booking capability and vendor description found, but no pricing information visible despite detailed class schedules. Address shows Anaheim but classes appear to be held in Chino, CA.",,,images/orange/artifexfirearmstraining-com/training_1.jpg|images/orange/artifexfirearmstraining-com/training_2.jpg|images/orange/artifexfirearmstraining-com/training_3.jpg,2026-04-13T20:06:39+00:00
orange,Down Range Firearms Safety Training Academy,,,714-322-8702,,,Anaheim,CA,,,,,,no_website,,,,,,2026-04-13T20:06:39+00:00
orange,Fortitude Int'l Firearm Training,,,714-312-9613,https://www.fortitudeintl.net,inquiry_only,Anaheim Hills,CA,"PO Box 28195, Anaheim Hills, CA 92809",,,,"Fortitude International LLC is a firearms training company focused on developing defense mindset, improving firearm skills, and achieving growth. They offer training in handgun, rifle, and shotgun disciplines with an emphasis on building confidence, composure, and competence. The company operates at multiple shooting ranges including Prado Olympic Shooting Range in Chino and Riverside Magnum Range in Riverside.",success,low,"Website only shows general training philosophy and contact information with no specific course details, pricing, or CCW permit information. Only has a contact form for inquiries.",,,,2026-04-13T20:06:39+00:00
orange,"Paragraph 2, LLC",,,714-200-1202,https://paragraph2.net,direct_booking,Anaheim Hills,CA,"5101 E La Palma Ave. #202-1, Anaheim Hills, CA 92807",275,175,,"Paragraph 2 Firearm Training is an approved CCW instructor for Los Angeles, Orange, Riverside, and San Diego County Sheriff's Departments. Led by Jim Belanger, they offer comprehensive firearm training from beginner to expert levels, including CCW initial and renewal courses, NRA certified instruction, USCCA courses, and specialized programs like women's handgun training and home defense fundamentals. They serve multiple Southern California counties and provide both in-person and online training options.",success,high,"Clear pricing found for 16hr initial ($275) and 8hr renewal ($175), multiple 'Book Now' buttons indicate direct booking, comprehensive vendor description available from website copy",images/orange/paragraph2-net/logo.png,images/orange/paragraph2-net/instructor_2.png,images/orange/paragraph2-net/training_1.png,2026-04-13T20:06:39+00:00
orange,"Safe Path Firearms Training, LLC",,,714-381-4195,https://www.safepathfirearmstrainingllc.com,,Anaheim Hills,CA,"E Bridgewood Dr, Anaheim, CA 92808",,,,,failed,,,,,,2026-04-13T20:06:39+00:00
orange,Semper Safe,,,714-328-1473,https://www.sempersafe.us,inquiry_only,Anaheim Hills,CA,,349,249,,"Semper Safe is a Marine Corps veteran-owned firearms training company that provides approved CCW training for Orange County Sheriff's Department, Riverside County Sheriff's Department, and Whittier Police Department. They offer flexible classroom options including in-person and Zoom online training, with both indoor and outdoor range options for live fire qualifications. The company emphasizes professional, high-quality training in a safe, secure, and non-intimidating environment with unlimited firearms qualification at no additional charge.",success,high,"Clear pricing found for both 16hr initial ($349) and 8hr renewal ($249) courses, plus VIP pricing options. Multiple course dates listed but booking requires contacting vendor. No specific address found despite location being listed as Anaheim Hills.",,images/orange/sempersafe-us/instructor_1.jpg|images/orange/sempersafe-us/instructor_2.jpg|images/orange/sempersafe-us/instructor_3.jpg,,2026-04-13T20:06:39+00:00
orange,"5150 Heat, LLC.",,,714-680-5500,https://www.5150heat.com,inquiry_only,Brea,CA,"2715 Saturn Street, Brea, California 92821",325,175,0,"5150 HEAT, LLC is a Firearms Training Academy focusing on new shooters, good people who want to defend their home, and experienced civilians interested in obtaining or renewing their Concealed Carry (CCW) License. They also train police and military personnel. Their standards are high because they've been teaching police academy recruits and in-service police officers since 1980, having instructed thousands of men and women at the professional law enforcement level. They offer both traditional in-person classes and online CCW courses, with weeknight and weekend options available.",success,high,Clear pricing and course structure found. Unique add-a-gun policy offers no cost for returning students. Contact info provided but no direct online booking system visible.,,images/orange/5150heat-com/instructor_1.jpg|images/orange/5150heat-com/instructor_2.jpg|images/orange/5150heat-com/instructor_3.jpg,,2026-04-13T20:06:39+00:00
orange,VIP CCW Services,,,310-500-9200,https://www.vipccwservices.com,unclear,Brea,CA,,,,,"VIP CCW Services is a California CCW permit training provider operating since 2015, offering classes seven days a week with modular formatting for convenience. They provide both hybrid online/in-person training and private CCW classes, taught by CA POST certified law enforcement instructors and DOJ CCW instructors. The company is an authorized training provider for numerous police departments across Los Angeles, Orange, Kern, and San Diego counties.",success,low,"No pricing information found on the website content provided. While booking capability appears possible (mentions classes and scheduling), no clear booking interface or process described. Address not provided despite location being listed as Brea, CA.",images/orange/vipccwservices-com/logo.jpg,,,2026-04-13T20:06:39+00:00
orange,Be Fast,,,949-485-1938,https://www.befastraining.com,inquiry_only,Capistrano Beach,CA,,425,225,,"BE FAST is led by Lt. Mark Ojeda (Ret), an honorably retired police officer and Department of Justice CCW Instructor who serves as an Official Authorized Training Provider for the Orange County Sheriff's CCW Permit Program. The company offers OCSD-approved professional instruction focused on safe, responsible, and lawful concealed carry, providing students with the legal knowledge, mindset, and practical skills necessary for personal defense. Training is available Monday through Friday by appointment only, with range fees included in all courses.",success,high,"Clear pricing and course offerings found, strong vendor description available, booking requires contact form inquiry only",,images/orange/befastraining-com/instructor_1.jpg,,2026-04-13T20:06:39+00:00
orange,Cal-Patriot Defense,,,949-295-8122,https://www.calpatriotdefense.com,inquiry_only,Costa Mesa,CA,"777 W. 19th St, #C, Costa Mesa, CA 92627",299,199,,"Cal-Patriot Defense is an Orange County and Riverside County Sheriff-authorized CCW training provider led by a former police SWAT sniper with extensive instructor certifications. They offer concealed carry training for California, Arizona, Utah, Maryland, and Florida licenses, along with home defense and basic pistol classes. The company provides both group and private CCW classes and operates by appointment only.",success,medium,"Clear pricing for initial and renewal CCW courses, good vendor description, but booking appears to be inquiry-only through contact form rather than direct scheduling. No separate day pricing or add-a-gun fees found.",,,,2026-04-13T20:06:39+00:00
orange,"Safe Insight, LLC",,,877-217-7233,https://www.safeinsight.net,inquiry_only,Cypress,CA,,99,300,,"Safe Insight offers sheriff-approved online CCW training that allows students to complete sections at their own pace without spending weekends in classroom settings. The company provides training with secrets from retired law enforcement, one-on-one qualification sessions, and up to one hour of private instruction. They serve multiple California counties including Los Angeles, Orange, Ventura, and Sacramento counties with a money-back guarantee.",success,medium,"Found $99 fee for online training but unclear if this covers full 16-hour requirement or just the online portion. Qualification fees are separate and variable ($75-150). No clear address found, only Cypress, CA location mentioned.",images/orange/safeinsight-net/logo.png,,,2026-04-13T20:06:39+00:00
orange,EliteCCW Firearms Training,,,714-600-3120,https://www.eliteccw.com,inquiry_only,Fountain Valley,CA,"18183 Euclid St, Fountain Valley, CA 92708",400,300,,"EliteCCW Firearms Training is the premiere training provider in Southern California, founded by a former Orange County Sheriff CCW Supervisor. They offer comprehensive CCW training for multiple jurisdictions including Orange County, Los Angeles, San Diego, Arizona, Utah and Florida. Their Fountain Valley facility features state-of-the-art simulator training, an indoor shooting range with computerized targeting, and a fully stocked pro shop.",success,medium,"Clear address and full course pricing found, good vendor description available, but individual day pricing not specified and booking appears to require inquiry rather than direct online booking",images/orange/eliteccw-com/logo.png,,images/orange/eliteccw-com/training_1.jpeg|images/orange/eliteccw-com/training_2.jpeg|images/orange/eliteccw-com/training_3.jpeg,2026-04-13T20:06:39+00:00
orange,MagnaProducts,,,909-798-9211,https://www.magnaproducts.net,inquiry_only,Fullerton,CA,"2521 N Grand Ave Suite F, Santa Ana, CA 92705",,,,"MAGNA Products is a full-service gunsmithing shop that positions itself as the premium Southern California gun safety training provider. They offer NRA certification classes, CCW classes, and casual use safety training. The company operates as a one-stop training facility combining gunsmithing services with firearms education.",success,low,"Website only shows basic company description and contact form. No pricing, course details, or specific booking information found. Only has general mention of CCW classes without specifics.",images/orange/magnaproducts-net/logo.jpg,,,2026-04-13T20:06:39+00:00
orange,"Tap Rack Bang, LLC",,,949-566-7263,https://www.trbtraining.com,direct_booking,Fullerton,CA,606 S Raymond Ave,300,300,,"Tap Rack Bang, LLC is a professional firearms training company that serves as the full-time occupation of its instructors, with over 30+ combined years of experience training US Marines, law enforcement, and civilians. They offer California CCW training courses, advanced CCW classes, fundamental and fighting rifle series, pistol training, and private instruction sessions. The company emphasizes practical defensive skills and real-world application, providing both group classes and personalized one-on-one training with professional instructors.",success,medium,"Found clear booking capability and pricing for 2-day CCW ($300-450 range, using lower) and 8hr renewal ($300). Could not find specific address, day-by-day pricing breakdown, or add-a-gun fees. Price range suggests there may be different tiers or options for the full course.",images/orange/trbtraining-com/logo.png,images/orange/trbtraining-com/instructor_1.jpg,images/orange/trbtraining-com/training_1.png|images/orange/trbtraining-com/training_2.png|images/orange/trbtraining-com/training_3.png,2026-04-13T20:06:39+00:00
orange,The CCW School,,,562-645-3494,https://www.theccwschool.com,inquiry_only,Fullerton,CA,"545 W Valencia Dr, Fullerton, CA 92832",300,200,,"The CCW School provides online and in-person CCW training courses approved for all cities in Orange County, select Los Angeles County agencies, and San Diego County. They offer conveniently scheduled courses with flexible program options, focusing on safe firearm handling, marksmanship, tactical considerations, and applicable penal codes. The school emphasizes easy-to-understand training with no additional range fees and also provides multi-state permit options for Florida and Arizona.",success,high,Clear pricing structure and comprehensive service description found. Booking appears to require email/phone contact rather than direct online booking.,,,images/orange/theccwschool-com/training_2.png|images/orange/theccwschool-com/training_3.png,2026-04-13T20:06:39+00:00
orange,Sentri Institute Inc.,,info@sentriinstitute.com,949-591-9747,https://www.sentriinstitute.com,direct_booking,Garden Grove,CA,"12534 Valley View St #182, Garden Grove, CA 92845",335,265,,"Sentri Institute Inc. is led by Byron Clark, a retired law enforcement supervisor with nearly three decades of public safety experience, offering CCW permit instruction focused on responsible concealed carry, lawful use of force, and real-world threat avoidance. Byron has trained hundreds of California CCW applicants and permit holders, blending practical scenarios with judgment-focused guidance to help everyday citizens carry with confidence, responsibility, and full compliance with California law.",success,high,manual,,,,2026-04-13T20:06:39+00:00
orange,Basic Gun Safety,,,714-864-0203,https://www.basicgunsafety.com,inquiry_only,Garden Grove,CA,"13252 Garden Grove Blvd, Garden Grove, CA 92843",,,,"Basic Gun Safety is operated by Roger Harvey, a POST Firearms Instructor, NRA Training Counselor, and coach of the U.S. Military Pentathlon Team who has trained numerous World Champions. The training facility features a $30,000 LaserShot Simulator with hundreds of professionally-acted CCW scenarios for realistic training in a controlled environment. They offer CCW courses for Orange and LA County residents, along with advanced firearms training, competitive coaching, and specialized simulator training sessions.",success,medium,"Strong vendor description and address found, but no specific pricing for CCW courses listed despite extensive website content. Booking appears to be phone/email only.",,,,2026-04-13T20:06:39+00:00
orange,Concealed Coalition,,,800-805-2238,https://www.concealedcoalition.com,direct_booking,Huntington Beach,CA,,,,,"Concealed Coalition is a nationwide online and local firearms training company that has trained over 1,000,000 students. They offer both online video courses and in-person concealed carry classes taught by certified instructors, focusing on emotional, entertaining, and informative hands-on training experiences. The company operates through a network of first-class certified trainers, classroom partnerships with national brands, and an extensive gun range alliance to provide comprehensive CCW certification training.",success,low,"While vendor description and booking capability are clear, no specific pricing information was found for any course types. The site shows class schedules but requires registration to view pricing details.",,images/orange/concealedcoalition-com/instructor_1.jpg|images/orange/concealedcoalition-com/instructor_2.jpg|images/orange/concealedcoalition-com/instructor_3.jpg,images/orange/concealedcoalition-com/training_1.jpg,2026-04-13T20:06:39+00:00
orange,Defensive Training OC,,,714-854-3440,https://www.dt-oc.com,direct_booking,Huntington Beach,CA,"7372 Prince Dr Unit 108, Huntington Beach, CA 92647",,,,"Defensive Training Orange County provides official OCSD-approved CCW training with a hybrid format that allows students to complete the classroom portion 100% online at their own pace. They offer 16-hour initial CCW courses and 8-hour renewal courses, with flexible weekday and weekend scheduling for the required in-person range portion. The company also provides tactical training through shoot nights covering skills like low-light shooting, moving targets, and shooting from concealment.",success,low,"Clear booking capability and good vendor description, but no pricing information found for any CCW courses despite detailed course descriptions. Only pricing shown is for tactical shoot nights at $90.",images/orange/dt-oc-com/logo.png,,images/orange/dt-oc-com/training_1.png|images/orange/dt-oc-com/training_2.jpg|images/orange/dt-oc-com/training_3.png,2026-04-13T20:06:39+00:00
orange,Hansen Firearms Training,,,949-573-4099,https://www.californiagunpermit.com,direct_booking,Garden Grove,CA,,275,300,0,"Hansen Firearms Training is Southern California's top rated firearms training company for concealed firearm permits, offering public and private CCW classes officially approved by Orange, San Diego, and Los Angeles Counties. They provide both in-person and online blended learning options, include range fees and targets in their pricing, and allow qualification of unlimited handguns with the first 3 guns included at no extra cost.",success,medium,"Found clear booking capability and some pricing info, but specific day-by-day pricing for 16hr course and renewal pricing not explicitly stated. Address mentions Garden Grove and Long Beach locations but no specific street address provided.",,,images/orange/californiagunpermit-com/training_1.png|images/orange/californiagunpermit-com/training_3.png,2026-04-13T20:06:39+00:00
orange,Hot Rods & Handguns,,,714-766-7400,https://www.hotrodsandhandguns.com,unclear,Huntington Beach,CA,5872 Engineer Dr,,,,"Hot Rods & Handguns is a members-only shooting and social club in Huntington Beach featuring a 40,000 sq ft facility with a two-story indoor shooting range, sports bar, outdoor deck, casual dining, classic car showroom, and pro shop. The venue caters to both car and firearm enthusiasts, offering a unique combination of shooting sports and automotive culture in a state-of-the-art environment.",success,low,"No CCW training courses, pricing, or booking information found. This appears to be a shooting range/social club rather than a CCW training provider.",images/orange/hotrodsandhandguns-com/logo.png,,,2026-04-13T20:06:39+00:00
orange,Mana Group Security and Training,,,714-925-2448,https://www.managrouptrainingsolutions.com,inquiry_only,Huntington Beach,CA,,,,,"The Mana Group offers security, firearm, and tactical medical training for professionals and civilians in Orange County, California. With over two decades of professional experience in private security and emergency medical services, they provide training designed to elevate skillset and confidence in real-time applications. They offer CCW training along with specialized courses like defensive shotgun and tactical emergency casualty care.",success,low,Website shows CCW training exists but no pricing information found. Has contact info and upcoming sessions listed but no booking capability or specific course details/costs.,images/orange/managrouptrainingsolutions-com/logo.jpg,,images/orange/managrouptrainingsolutions-com/training_1.png|images/orange/managrouptrainingsolutions-com/training_2.png|images/orange/managrouptrainingsolutions-com/training_3.webp,2026-04-13T20:06:39+00:00
orange,Self-Defense Firearms Training,,,714-893-8676,https://www.firearmtraining.com,,Huntington Beach,CA,"5395 Industrial Dr # A, Huntington Beach, CA 92649",,,,,failed,,,,,,2026-04-13T20:06:39+00:00
orange,ShootSafe Academy,,,714-625-1507,https://www.shootsafeacademy.com,inquiry_only,Huntington Beach,CA,,,,,"Shootsafe Academy has been providing professional firearms instruction to Orange County for over 13 years, recently expanding services to Riverside, Los Angeles, and San Diego counties. They specialize in small class sizes for personalized attention and offer 16-hour Basic CCW courses, 8-hour renewal courses, and AZ/UT non-resident certification that allows carry in over 38 states through reciprocity agreements. The academy also provides BSIS Guard Card certification and Basic Pistol courses.",success,medium,"Clear vendor description and service offerings found, but no pricing information or specific address available. Only contact forms for inquiries, no direct booking.",images/orange/shootsafeacademy-com/logo.jpg,,,2026-04-13T20:06:39+00:00
orange,"Raptor Safe Consulting, Inc.",,,949-259-8221,https://www.raptor-safe.com,,Irvine,CA,,,,,,success,,,,,,2026-04-13T20:06:39+00:00
orange,Coach K's Training,,,714-724-8705,https://www.coachkstraining.com,unclear,La Habra,CA,,,,,"Coach K's Training is a Southern California-based training company located in Orange County that offers comprehensive courses in urban and wilderness survival, firearm safety, self defense, medical training including Basic Life Support, and specialized S.P.O.T training. They focus on hands-on instruction that goes beyond basic steps to provide in-depth understanding of when, why, and how to apply various skills in real-world situations.",success,low,"Website provides general course categories including firearm instruction but no specific CCW pricing, no booking system visible, and no specific address beyond Orange County location",images/orange/coachkstraining-com/logo.png,,images/orange/coachkstraining-com/training_2.jpg|images/orange/coachkstraining-com/training_3.jpg,2026-04-13T20:06:39+00:00
orange,Civilian Arms Training Source,,,714-719-3775,https://www.civilianarmstraining.com,unclear,La Palma,CA,"5434 Orangethorpe Ave, La Palma, CA 90623",,,,"Civilian Arms Training Source offers advanced tactical firearms training based on Center Axis Training Systems (CATS), a modern gunfighting method evolved from Paul Castle's original Center Axis Relock system. Their instructors were personally trained and certified by Paul Castle before his passing in 2011, carrying forward his legacy with refined techniques for today's tactical realities. The training focuses on 360-degree control, weapon retention, tactical movement, and adaptability across pistol, rifle, and shotgun applications.",success,low,"Website provides detailed training philosophy and methodology but lacks specific course pricing, scheduling information, CCW permit details, or clear booking process. No mention of standard CCW courses like 16hr initial or 8hr renewal.",,,,2026-04-13T20:06:39+00:00
orange,Application Tactical,,,949-441-2842,https://www.applicationtactical.com,direct_booking,Laguna Hills,CA,,285,225,,"Application Tactical offers Orange County Sheriff's Department approved CCW courses in Laguna Hills. They provide 16-hour initial CCW training and 8-hour renewal courses with range fees included in pricing. The company also offers multi-state permits for Arizona, Florida, and Utah that can be bundled with their standard training courses.",success,medium,"Clear pricing for full courses and booking capability evident, but no specific address or individual day pricing found. Multi-state permit bundling mentioned but not clear if this relates to adding guns to permit.",,,,2026-04-13T20:06:39+00:00
orange,On-Target Indoor Shooting Range,,,949-348-0352,https://www.ontargetrange.com,direct_booking,Laguna Niguel,CA,27692 Camino Capistrano,,,,"On Target Indoor Shooting Range is Orange County's premier indoor shooting range located in Laguna Niguel. They offer firearm training classes designed for real-world scenarios, with highly trained and certified instructors providing education for all skill levels from first-time shooters to experienced gun owners. The facility features over 40 rental guns, firearm sales and transfers, and specializes in building confidence through their 'Educate・Train・Repeat' approach.",success,low,"Website has booking capability ('Sign up for a Class' buttons) and good vendor description, but no specific CCW course pricing or detailed course information found. No address details provided despite location being specified.",,,images/orange/ontargetrange-com/training_2.jpg|images/orange/ontargetrange-com/training_3.jpg,2026-04-13T20:06:39+00:00
orange,Artemis Defense Institute,,,949-305-6586,https://adi.artemishq.com,unclear,Lake Forest,CA,"11 Spectrum Pointe Drive, Lake Forest, CA 92630",,,,"Artemis Defense Institute (ADI) is Orange County & Los Angeles County's premiere CCW training facility offering a unique blend of live-fire training with state-of-the-art indoor video simulations and virtual reality. Their comprehensive curriculum goes beyond shooting fundamentals to train tactical skills and situational awareness, taught by highly qualified staff from law enforcement, military, and civilian backgrounds. Co-owned by use-of-force attorney Steven Lieberman and education specialist Sandy Lieberman, ADI focuses on teaching responsible decision-making and defensive thinking.",success,low,"Found clear business description and address, but no pricing information or clear booking process details on the pages provided. Website mentions courses and registration but specific pricing and booking details not visible.",images/orange/adi-artemishq-com/logo.png,,images/orange/adi-artemishq-com/training_1.png,2026-04-13T20:06:39+00:00
orange,Not Today Self Defense,,,562-666-9988,https://www.nottodaydefense.com,inquiry_only,Mission Viejo,CA,,,,,"Not Today Self Defense & Firearms Training is led by Tom Durell, a California Department of Justice P.O.S.T. Certified Firearms Instructor with certifications from the NRA, USCCA, and American Red Cross. The company offers comprehensive firearms training from basic pistol fundamentals to CCW training, along with self-defense education including Krav Maga. They provide Orange County Sheriff's CCW permit training and also offer Arizona Non-Resident CCW add-on courses to expand reciprocity to additional states.",success,low,No pricing information found. Only basic contact method is 'CALL TO REQUEST'. Address not provided beyond Mission Viejo location. Website focuses on philosophy and general course descriptions but lacks specific pricing or booking details.,images/orange/nottodaydefense-com/logo.png,,images/orange/nottodaydefense-com/training_1.png,2026-04-13T20:06:39+00:00
orange,Ten-8 Tactical Firearms Training,,,800-741-1350,https://www.10-8tac.com,direct_booking,Newport Beach,CA,,200,140,,"Ten-8 Tactical Firearms Training specializes in online CCW training for Orange County and Riverside County residents and non-residents. They are CA P.O.S.T. certified firearms instructors and DOJ certified CCW instructors, offering 24/7 online courses with live-fire qualifications at partner ranges. The company also provides private concierge training services at students' preferred locations with flexible scheduling.",success,high,Clear pricing structure and booking capability found. Physical classroom mentioned in Costa Mesa but no street address provided. Comprehensive vendor description available from website content.,,images/orange/10-8tac-com/instructor_1.jpg|images/orange/10-8tac-com/instructor_2.jpg|images/orange/10-8tac-com/instructor_3.jpg,,2026-04-13T20:06:39+00:00
orange,AllSafe Defense Systems,,,714-744-4485,https://www.allsafedefense.com,direct_booking,Orange,CA,"1026 N Tustin St, Orange, CA 92867",300,100,,"AllSafe Defense Systems is an Orange County-based firearms training company offering NRA-certified courses and advanced tactical training. They specialize in the NRA Personal Protection Outside the Home course, which is approved by the Orange County Sheriff for CCW permit requirements. The company provides comprehensive defensive shooting instruction including low-light training, moving while shooting, and advanced handgun tactics, with courses available in Spanish.",success,medium,"Clear pricing found for full 16hr CCW course ($300) and renewal ($100). Has 'Book Online Now!' button suggesting direct booking capability. However, no specific address found and conflicting pricing information ($200 vs $300 for CCW course in different sections). No day-by-day pricing breakdown available.",,,images/orange/allsafedefense-com/training_1.png|images/orange/allsafedefense-com/training_2.png|images/orange/allsafedefense-com/training_3.jpg,2026-04-13T20:06:39+00:00
orange,Comfort Zone Assurance,,,760-500-4127,https://www.comfortzoneassurance.com,inquiry_only,Orange,CA,"1026 N Tustin St, Orange, CA 92867",,,,"Comfort Zone Assurance is a firearms training company in Orange, CA that focuses on certifying, consulting, providing and training with years of hands-on experience. They offer California DOJ CCW initial 16-hour courses (split into Day 1 and Day 2), CCW renewals, and BSIS exposed firearms qualifications. The company emphasizes practical, realistic training techniques and strives to give clients the knowledge and skills to be self-sufficient in crisis situations.",success,low,No pricing information found on website. Booking appears to be inquiry-only based on contact information provided. Course offerings are clear but no cost details available.,,,,2026-04-13T20:06:39+00:00
orange,Evans Gun World,,,714-283-5248,https://evansgunworld.com,inquiry_only,Orange,CA,"1637 N Brian St. Orange, CA 92867",,,,"Evan's Gun World is a well-established shooting range and firearms retailer that has been serving the Orange County community since 1995. Known for their friendly and safe environment, they cater to a diverse clientele including beginners, experienced shooters, and law enforcement professionals. They offer various training classes including Basic Handgun, Women's Basic Handgun, Holster Draw, and Red Dot courses, along with two shooting ranges - a public range and a tactical range for members and law enforcement.",success,low,No CCW permit training or pricing information found. Website shows general shooting classes but no specific concealed carry permit courses or related pricing. Has signup links but no direct booking or pricing visible.,images/orange/evansgunworld-com/logo.png,,,2026-04-13T20:06:39+00:00
orange,"Forza Defense Training, LLC",,,714-406-2828,https://www.forzadefense.com,inquiry_only,Orange,CA,,,,,"Forza Defense Training, LLC is Orange County's premier concealed weapon training company, led by CEO and founder Gina who operates the business from a passion for competitive shooting rather than traditional law enforcement or military background. Their NRA and USCCA-trained instructors provide CCW certification courses approved by the Orange County and San Diego Sheriff's Departments. The company emphasizes creating a family-like environment where safety comes first, followed by having fun while building students' skills and confidence.",success,low,"Website has clear vendor description and booking capability, but no pricing information found for any courses including CCW certification classes. Multiple course schedules shown but no prices listed. No specific address found beyond Orange, CA location.",,images/orange/forzadefense-com/instructor_1.jpg,images/orange/forzadefense-com/training_1.jpg|images/orange/forzadefense-com/training_2.jpeg|images/orange/forzadefense-com/training_3.jpeg,2026-04-13T20:06:39+00:00
orange,OC Online Gun Certificate,,,714-944-3036,https://oconlineguncert.com,direct_booking,Orange,CA,,,,,"OC Online Gun Certificate provides state-approved online CCW training for Orange County, California and out-of-state residents. Established in 2014, they offer a hybrid learning model combining online classroom instruction with in-person testing at Iron Mike's facility. The company specializes in both new CCW permits and renewals with flexible online learning that allows students to complete coursework at their own pace.",success,medium,"Clear booking capability and good vendor description available, but no pricing information found on the website content provided. Physical address not specified beyond Orange County location.",,,,2026-04-13T20:06:39+00:00
orange,"Archer Firearms Training, LLC",,,657-258-4443,https://www.archerfirearmstraining.com,direct_booking,Placentia,CA,,,,,"Archer Firearms Training is an Orange County CCW instructor offering comprehensive firearms training including NRA-certified courses, CCW qualification training, and personal protection instruction. Rick Archer is a CA DOJ Certified CCW Instructor, NAAGA Training Counselor, and NRA certified instructor who provides both group and one-on-one training sessions. The company focuses on promoting safe firearms use, home defense, and personal safety through professional instruction and comprehensive training programs.",success,low,"Found good description and booking capability, but no pricing information available on the website despite multiple course listings",images/orange/archerfirearmstraining-com/logo.png,,images/orange/archerfirearmstraining-com/training_1.jpg|images/orange/archerfirearmstraining-com/training_2.jpg|images/orange/archerfirearmstraining-com/training_3.jpg,2026-04-13T20:06:39+00:00
orange,San Clemente Firearms Training,,,949-690-7109,https://www.sanclementefirearmstraining.com,inquiry_only,San Clemente,CA,"2377 S. El Camino Real, Suite 102, San Clemente, CA 92672",450,250,125,"San Clemente Firearms Training LLC is an Orange County and San Diego County Sheriff Department's approved CCW training provider located in San Clemente. They offer initial and renewal CCW courses, multi-state CCW training for Arizona, Florida, and Utah, and private lessons starting at $125 per hour. The company provides both group and private CCW courses tailored to individual needs.",success,high,"Clear pricing found for initial CCW ($450), renewal ($250), and license amendments ($125). Contact form suggests inquiry-only booking. Complete address provided.",,,,2026-04-13T20:06:39+00:00
orange,Darells Shooting Sports,,,949-599-4148,https://www.darellsshootingsports.com,,San Juan Capistrano,CA,,,,,,failed,,,,,,2026-04-13T20:06:39+00:00
orange,CCW Permit Instruction,,,949-769-9099,https://www.ccwpermitinstruction.com,,Santa Ana,CA,"1940 N Tustin St # 102, Orange, CA 92865",,,,,failed,,,,,,2026-04-13T20:06:39+00:00
orange,Firearms Training Associates,,,714-701-9918,https://www.ftatv.com,inquiry_only,Yorba Linda,CA,"14995 River Road, Corona, CA 92880",,,,"Firearms Training Associates is a Southern California firearms training company that provides instruction for all experience levels in a friendly, relaxed environment emphasizing safety and weapons mastery. Their team of instructors comprises experts from law enforcement, military, government agencies, and competition backgrounds. They teach over 10,000 students annually and offer courses ranging from basic handgun training to advanced tactical and precision rifle instruction.",success,low,No CCW-specific pricing found despite CCW being listed as a course category. Only general handgun courses with pricing visible. Booking appears to require clicking for schedule/inquiry rather than direct booking.,images/orange/ftatv-com/logo.jpg,,images/orange/ftatv-com/training_1.jpg|images/orange/ftatv-com/training_2.png|images/orange/ftatv-com/training_3.jpg,2026-04-13T20:06:39+00:00
placer,AAO Training,BRYAN KINNEY,aao.training1@gmail.com,707-400-3677,https://www.aao-co.com,direct_booking,PETALUMA,CA,,350,175,75,"AAO TRAINING is a California DOJ-certified CCW training provider serving the Bay Area and surrounding counties with both in-person and online courses. Led by multiple instructors with extensive law enforcement and military backgrounds, they offer comprehensive CCW training including 16-hour initial courses and 8-hour renewals. The company emphasizes personalized instruction tailored to each student's skill set and provides specialized services like red dot system training.",success,high,"Clear pricing found for all major services, direct online booking available, comprehensive vendor description available from website content",,placer/aao-co-com/instructor_1.jpg|placer/aao-co-com/instructor_2.jpg,placer/aao-co-com/training_1.jpg|placer/aao-co-com/training_2.jpg|placer/aao-co-com/training_3.jpg,2026-04-13T04:37:12+00:00
placer,Abide Arms Training LLC,SAMUEL YOHANNES,training@thegunrange.biz,916-972-1484 EXT 5,https://www.thegunrange.biz,unclear,NORTH HIGHLANDS,CA,,,,,,success,low,"Website appears to be for a shooting facility rather than detailed training vendor site. Shows course schedule with CCW and renewal courses offered by instructors Sam Yohannes and Michelle Kahn, but no pricing, vendor description, address, or booking details available.",placer/thegunrange-biz/logo.png,,placer/thegunrange-biz/training_1.png|placer/thegunrange-biz/training_2.png|placer/thegunrange-biz/training_3.png,2026-04-13T04:37:12+00:00
placer,Accuracy Firearm Training,RAZMIK CARAPETIAN,info@accuracyfirearm.com,916-316-6996,https://www.accuracyfirearm.com,direct_booking,SACRAMENTO,CA,"15501 Meiss Road, Sloughhouse, California 95683, United States",,,,"Accuracy Firearm Training provides CCW initial and renewal certification classes at Sacramento Valley Shooting Center in Sloughhouse, CA. Led by certified NRA instructor Razmik Carapetian with military and competitive shooting background, they offer training at a private 851-acre outdoor range with shooting bays up to 50 yards deep. The company emphasizes safety-focused instruction in a controlled environment away from public ranges.",success,medium,"Clear booking capability and good vendor description found, but no pricing information visible on any pages. Schedule shows class dates but no costs listed.",placer/accuracyfirearm-com/logo.jpg,,,2026-04-13T04:37:12+00:00
placer,Aegis Self Defense,RICK RASHID,rick@aegissd.com,916-305-7317,https://www.aegissd.com,inquiry_only,ROSEVILLE,CA,"915 Highland Pointe Drive Suite 250, Roseville, CA 95678",,,,"Aegis Self Defense is a new, family-operated business in Roseville that specializes in CCW certification training and firearm instruction. They offer personalized, small class sizes for beginners through advanced skill levels, covering handgun, rifle, and shotgun instruction. The company emphasizes proper firearm safety and handling, with training that includes virtual simulators before range practice and private group classes available by appointment.",success,medium,"Clear description and contact info found, but no pricing information visible on the website content provided. Booking appears to be inquiry-only based on appointment-only hours and contact instructions.",,placer/aegissd-com/instructor_1.jpg|placer/aegissd-com/instructor_2.jpg|placer/aegissd-com/instructor_3.jpg,,2026-04-13T04:37:12+00:00
placer,Alpha Safety Training,"JIM ""DOC"" AMENTLER",jim@alphasafetytraining.com,916-215-9148,https://www.alphasafetytraining.com,,LINCOLN,CA,,,,,,failed,,,,,,2026-04-13T04:37:12+00:00
placer,Alpha Shield CCW,RYAN WATTS,ryan@alphashieldccw.com,916-812-8762,https://www.alphashieldccw.com,direct_booking,LINCOLN,CA,,,175,50,"Alpha Shield CCW provides approved CCW instruction for Placer, Sacramento, Yolo, Sutter and Nevada Counties. They offer new CCW license training, renewal classes, and gun add-on qualifications with online booking capabilities.",success,medium,"Clear pricing for Day 1, renewal, and add-on found. Day 2 pricing not listed - requires contact to schedule. No physical address provided.",placer/alphashieldccw-com/logo.jpg,,,2026-04-13T04:37:12+00:00
placer,Auburn Guns & Ammo Inc.,WAYNE TRIMBLE,wayne@auburngunsammo.com,530-852-7733,https://www.auburngunsammo.com/training,unclear,AUBURN,CA,"389 Auburn Ravine Rd, Auburn, CA 95603",,,,,success,low,"Website content only shows basic contact information and mentions 'Training' but provides no details about services, pricing, or booking capabilities",placer/auburngunsammo-com/logo.png,,,2026-04-13T04:37:12+00:00
placer,Bad Moon Shooting,STEVE CARNEY,Steve@badmoonshooting.com,530-988-8772,https://www.badmoonshooting.com,direct_booking,YUBA CITY,CA,"4950 D St Bldg 250, Beale AFB, CA 95903",,,,"Bad Moon Shooting is a veteran-owned firearms training company led by retired Air Force Master Sergeant Steve Carney and a team of military and law enforcement instructors. They specialize in California SB2-compliant CCW training for multiple counties, operating primarily at Beale AFB Rod & Gun Club. The company offers comprehensive 16-hour initial CCW courses, 8-hour renewal classes, and advanced training programs including tactical simulations and NRA certifications.",success,medium,"Clear booking capability and detailed course offerings found, but no specific pricing information was provided on the website. Address and course descriptions are comprehensive.",,,,2026-04-13T04:37:12+00:00
placer,Basic Firearms Training,PHILIP WEBSTER,philipwebster@comcast.net,916-718-0976,https://www.basicfirearmstraining.net,direct_booking,RANCHO CORDOVA,CA,,260,175,87,"Basic Firearms Training is a veteran-owned training provider in Sacramento County offering California CCW courses, BSIS firearms and security officer skills training, and retired law enforcement qualifications. They provide practical, safety-focused firearms instruction with certified instructors who teach shooting fundamentals, safe handling, and confidence-building skills using proven training methods. Their courses meet or exceed California certification standards and include Senate Bill 2 compliant CCW curriculum.",success,high,"Clear pricing found for most services, strong vendor description available, booking capability evident from 'register online' options. Missing specific street address and day-by-day pricing breakdown.",placer/basicfirearmstraining-net/logo.jpg,placer/basicfirearmstraining-net/instructor_1.jpg|placer/basicfirearmstraining-net/instructor_2.jpg|placer/basicfirearmstraining-net/instructor_3.jpg,placer/basicfirearmstraining-net/training_1.jpg|placer/basicfirearmstraining-net/training_2.jpg|placer/basicfirearmstraining-net/training_3.jpg,2026-04-13T04:37:12+00:00
placer,Basic to Advanced Firearms Training,PATRICK SYMONS,info@firearms-training.net,916-660-2507,https://www.firearms-training.net,inquiry_only,PENRYN,CA,"2205 Rippey Rd #58, Penryn, CA 95663",,,,"Basic to Advanced Firearms Training, LLC is a premier firearms training company serving Sacramento, Placer, and Yolo counties. They offer both initial 16-hour CCW training and 8-hour refresher courses, along with a comprehensive curriculum ranging from beginner handgun courses for first-time shooters to advanced tactical training including low light shooting and shotgun courses. Their training combines classroom instruction with hands-on range time in a calm, supportive environment.",success,medium,Found detailed course descriptions and CCW offerings but no pricing information. Contact method available but no direct booking system visible.,placer/firearms-training-net/logo.png,,placer/firearms-training-net/training_1.png,2026-04-13T04:37:12+00:00
placer,Baxter Firearms Training,MIKE BAXTER,alwaysbtraining@outlook.com,916-729-8377,https://www.alwaysbtraining.com,inquiry_only,CITRUS HEIGHTS,CA,,300,195,,Baxter Firearms Training offers concealed carry courses and firearms instruction in a family-friendly environment with small class sizes of 10 students or fewer. The instructor focuses on developing shooting skills and confidence for both new and experienced shooters. They are a USCCA Official Partner and offer weeknight classes by request for individuals or small groups.,success,medium,"Found Initial CCW Training for $300 and CCW Permit Renewal for $195, but unclear if these match standard CA 16hr/8hr course requirements. No specific address found beyond Citrus Heights, CA. Booking appears to require contacting the instructor via forms or email.",,,placer/alwaysbtraining-com/training_2.jpeg|placer/alwaysbtraining-com/training_3.jpg,2026-04-13T04:37:12+00:00
placer,Bellicose Family Safety Solutions,KAREN COSE SHEPHERD,bellicosefs@gmail.com,530-570-2746,,,GRASS VALLEY,CA,"13732 Mallory Ct, Grass Valley, CA 95949",,,,,no_website,,,,,,2026-04-13T04:37:12+00:00
placer,CCW Training Company,LEO O'HALLORAN,info@ccwtrainingllc.com,916-241-3266,https://www.ccwtrainingllc.com,unclear,SACRAMENTO,CA,"8359 Elk Grove Florin Rd #103-344, Sacramento, CA 95829",,,,,success,low,"Only found basic navigation structure and page title. No pricing, booking details, vendor description, or address information available in the content provided.",,,,2026-04-13T04:37:12+00:00
placer,CJ's World,CHARLES BOYD JR.,cjsworld11@yahoo.com,209-905-8615,https://www.cjsworld.net,direct_booking,STOCKTON,CA,"821 N El Dorado St, Stockton, CA 95206",275,200,75,"CJ's World is a comprehensive firearms training provider based in Stockton, CA that offers CCW courses, basic pistol instruction, and security guard training. They provide both classroom and range-based instruction with a personalized approach, teaching firearms safety, legal aspects of self-defense, and situational awareness. The company also offers CPR/First Aid training and security consulting services beyond their core firearms curriculum.",success,high,"Clear pricing found for 16hr initial ($275), 8hr renewal ($200), and CCW modification ($75). Direct booking available through multiple 'Click Here' and 'Book Here' buttons. Strong vendor description available from website copy.",placer/cjsworld-net/logo.jpeg,,,2026-04-13T04:37:12+00:00
placer,Clavin Consulting,DAN CLAVIN,info@ccfirearmstraining.com,916-241-3262,https://www.ccfirearmstraining.com,direct_booking,ROSEVILLE,CA,"PO Box 745, Roseville, CA 95678",,,,"CLAVIN CONSULTING provides California CCW permit training through certified instructor Dan Clavin, who is approved by CA DOJ for Placer and Sacramento Counties. The company offers both initial 16-hour and renewal 8-hour CCW courses, along with customized training options and various NRA basic firearms courses. Their training also enables students to apply for non-resident CCW permits from Arizona.",success,low,"Clear vendor description and booking capability found, but no specific pricing information available. Address found but is PO Box only. Training types mentioned but without costs.",,placer/ccfirearmstraining-com/instructor_1.jpg,,2026-04-13T04:37:12+00:00
placer,Confidence Safety Academy,CHAD HERTZELL,chad@the-csa.com,916-941-5272,https://www.the-csa.com,unclear,ROCKLIN,CA,"4495 Pacific St Suite F, Rocklin, CA 95677",,,,"Confidence Safety Academy is an NRA-certified firearms training provider offering CCW certification courses, basic handgun instruction, and specialized programs including home defense shotgun training and real estate agent safety classes. As an official partner of the US Concealed Carry Association, they provide both classroom and range instruction tailored to individual needs and skill levels.",success,low,"Website provides good description of services but lacks specific pricing information, clear address, and detailed booking process information",placer/the-csa-com/logo.jpeg,,,2026-04-13T04:37:12+00:00
placer,Crossed Star Firearms,MORGAN BISCHOFF,crossedstarfirearms@gmail.com,530-790-5187,https://www.crossedstarfirearms.com,inquiry_only,LINCOLN,CA,"12501 Loma Rica Rd, Marysville, CA 95901",300,175,,"Crossed Star Firearms is a Northern California firearms instructor offering CCW courses approved for residents from over a dozen counties including Butte, Contra Costa, Nevada, Placer, Sacramento, and others. They provide comprehensive firearms training classes open to anyone, including specialized courses like ladies pistol instruction and situational awareness training for realtors.",success,medium,"Clear pricing for renewal and 16hr course, but no address found and booking appears to require contact rather than direct online booking",placer/crossedstarfirearms-com/logo.png,placer/crossedstarfirearms-com/instructor_1.png|placer/crossedstarfirearms-com/instructor_2.png,,2026-04-13T04:37:12+00:00
placer,DAFAST,DELORES (DEE) ADAMS,fasafetytraining@gmail.com,916-838-4926,https://www.fasafetytraining.com,inquiry_only,RIO OSO,CA,,,,,"DAFAST is a P.O.S.T. certified firearms instructor offering California concealed carry weapons license instruction with the latest legal updates, laws and processes. They provide in-person, online, and private classes with multiple sessions monthly, working around student availability. The instructor holds extensive certifications including NRA, USCCA, and specialized training in red dot optics, active shooter response, and church security.",success,low,"No pricing information found anywhere on the website. Booking requires texting for availability and then payment via Zelle, but no specific prices listed. Good description content available but missing key pricing data.",placer/fasafetytraining-com/logo.jpg,placer/fasafetytraining-com/instructor_1.png,placer/fasafetytraining-com/training_1.jpg,2026-04-13T04:37:12+00:00
placer,Dead Eye Dames,RAYMOND LARSON,ray@deadeyedames.com,916-844-2486,https://www.deadeyedames.com,unclear,CITRUS HEIGHTS,CA,,,,,"Deadeye Dames offers shooting classes in a safe, friendly environment for those looking to learn firearms skills.",success,low,"Website content extremely minimal - only found basic tagline about shooting classes in safe environment, no pricing, booking info, or detailed service descriptions",placer/deadeyedames-com/logo.png,,,2026-04-13T04:37:12+00:00
placer,Defense Shot,JOHN DANIELS,john.daniels@defenseshot.com,530-206-6377,https://www.defenseshot.com,direct_booking,FOLSOM,CA,,,,,"DefenseSHOT is a firearms training company located in El Dorado Hills serving Northern California with CCW classes for Sacramento, El Dorado, and Placer Counties. Led by former Peace Officer John Daniels with 17 years of experience, they offer a relaxed, fun training environment and boast a 100% CCW approval rate. They provide training for all skill levels from beginner to advanced, including ladies-only classes and private instruction.",success,low,"Website clearly offers CCW classes with online booking capability, but no pricing information is provided for any courses. Address shows Folsom in title but mentions El Dorado Hills location without specific street address.",placer/defenseshot-com/logo.png,placer/defenseshot-com/instructor_1.jpg|placer/defenseshot-com/instructor_2.jpg|placer/defenseshot-com/instructor_3.jpg,placer/defenseshot-com/training_1.jpg|placer/defenseshot-com/training_2.jpg|placer/defenseshot-com/training_3.jpg,2026-04-13T04:37:12+00:00
placer,Defensive and Firearms Safety Training,KETAN V. RANCHHOD,ketan.ranchhod@gmail.com,916-303-3746,,,ROSEVILLE,CA,,,,,,no_website,,,,,,2026-04-13T04:37:12+00:00
placer,Defensive Triad,CHRIS GULBRANDSON,cgulbrandson@gmail.com,916-765-5661,https://www.defensivetriad.com,,ROCKLIN,CA,"6526 Lonetree Blvd Suite 200, Rocklin, CA 95765",,,,,failed,,,,,,2026-04-13T04:37:12+00:00
placer,Down-Range Logistics,ROBERT LANGLEY,downrangelogistics@gmail.com,916-792-5003,https://www.canopysecuritygroupinc.com,inquiry_only,RIO LINDA,CA,"6801 Curved Bridge Road, Suite C, Rio Linda, CA 95673",,,,"Canopy Security Group Inc partners with Down-Range Logistics to provide CCW training and certifications following NRA CCW course standards that meet all California requirements. They offer comprehensive firearms training from basic knowledge to CCW skills and home defense strategies, with classroom instruction at their Rio Linda facility and range qualification at Sacramento Gun Range. The company also provides security services, guard card training, and various other firearms-related courses.",success,medium,"Clear contact information and services description found, but no pricing information available for CCW courses. Booking appears to require phone/email contact rather than direct online booking.",,,,2026-04-13T04:37:12+00:00
placer,Eagle Defense,JAMES SHAHAN,jim@eagledefensetrng.com,,https://www.eagledefensetrng.com,inquiry_only,SACRAMENTO,CA,,200,80,,Eagle Defense offers California concealed weapon permit training for Sacramento County and San Joaquin areas. They provide comprehensive 16-hour CCW courses that include range fees and allow training with all firearms and calibers the student wishes to list on their permit. The company is designed to accommodate all skill levels from complete beginners to experienced shooters.,success,medium,"Clear pricing for full 16hr course ($200) and 8hr renewal ($80), but no separate day pricing found. No direct booking interface visible, only mentions checking payment page for dates. No specific address provided.",placer/eagledefensetrng-com/logo.png,,placer/eagledefensetrng-com/training_1.jpg|placer/eagledefensetrng-com/training_2.jpg|placer/eagledefensetrng-com/training_3.jpg,2026-04-13T04:37:12+00:00
placer,Essential Self Defense,JOSEPH THEIS,essentialselfdefense@gmail.com,916-997-1293,,,AUBURN,CA,"1676 Auburn Ravine Rd, Auburn, CA 95603",,,,,no_website,,,,,,2026-04-13T04:37:12+00:00
placer,EWG Guns,TAMARA DUMONT,training@ewgguns.com,916-969-6424,https://www.ewgguns.com,inquiry_only,LOOMIS,CA,"5959 Horseshoe Bar Rd, Loomis, CA 95650",,,,"EWG Guns is a locally owned firearms shop serving Loomis and surrounding communities that specializes in buying, selling, and trading firearms, ammunition, and accessories. They offer professional firearms training through instructor Tamara Dumont, who provides safety-focused instruction with emphasis on fundamentals and responsible gun ownership. The shop also provides DOJ certified Firearm Safety Certificate testing and serves as a comprehensive resource for all firearms needs.",success,low,No specific CCW training pricing found. Training section mentions instructor and philosophy but no course details or prices. Only mentions FSC testing and general firearms training.,placer/ewgguns-com/logo.jpg,,placer/ewgguns-com/training_1.jpg|placer/ewgguns-com/training_2.jpeg|placer/ewgguns-com/training_3.jpg,2026-04-13T04:37:12+00:00
placer,Family Defense Training LLC,B.K. EVANGELISTA,training@famdefenseccw.com,,https://www.famdefenseccw.com,inquiry_only,PLUMAS LAKE,CA,,,,,"Family Defense Training LLC provides firearm safety and CCW training based in Plumas Lake, CA, designed for all experience levels. They serve the Yuba-Sutter area and the surrounding Sacramento region.",success,low,"Very minimal content - only basic business description found, no pricing information, booking details, or specific address",placer/famdefenseccw-com/logo.png,,,2026-04-13T04:37:12+00:00
placer,Grover Group,ANOOP GROVER,anoop@ggccw.biz,510-516-1431,https://www.ggccw.biz,inquiry_only,ESPARTO,CA,,450,300,,"Grover Group Training is a California-approved CCW training provider trusted by 30+ sheriff's offices and police departments across Northern California. They offer hybrid delivery courses combining virtual instructor-led lectures with live-fire qualifications, led by certified instructors holding credentials from California DOJ, NRA, USCCA, and POST. Their semi-private classes are limited to 10 students and include qualification for up to 3 firearms.",success,high,"Clear pricing for full courses and good vendor description, but no individual day pricing or add-gun fees found. Booking appears to be inquiry-based with contact form.",placer/ggccw-biz/logo.png,,placer/ggccw-biz/training_1.jpeg|placer/ggccw-biz/training_2.jpg,2026-04-13T04:37:12+00:00
placer,Gunlady,ERICA MITCHELL,erica@gunlady.net,,https://www.gunlady.net,direct_booking,SLOUGHHOUSE,CA,"15501 Meiss Rd, Sloughhouse, CA 95683",,,,Gunlady is a female-owned firearms training business specializing in CCW classes and defensive firearms training in Sacramento. They offer both 16-hour CCW initial classes and 8-hour renewal classes in compliance with California Senate Bill 2. The business focuses on empowering individuals with the peace of mind to protect themselves and their families.,success,low,"Site has booking capability and clear service offerings but no pricing information visible. Address shown as general location (Sloughhouse, CA) but no specific street address found.",placer/gunlady-net/logo.png,,placer/gunlady-net/training_1.jpg|placer/gunlady-net/training_2.jpg|placer/gunlady-net/training_3.jpg,2026-04-13T04:37:12+00:00
placer,"Jon Kennedy Consulting, Inc.",JON C. KENNEDY,jonckennedy@yahoo.com,916-847-3169,https://www.jonkennedyconsulting.com,inquiry_only,SACRAMENTO,CA,"2882 Prospect Park Dr # 240, Rancho Cordova, CA 95670",,,,"Kennedy Consulting provides firearms safety training and concealed carry certification courses in the Sacramento area. They are NRA certified as Training Counselors offering Basic and Advanced Pistol, Basic Rifle, Basic Shotgun, and Personal Protection courses both inside and outside the home. The company conducts concealed carry weapons courses on the last full weekend of each month and emphasizes constitutional rights education alongside practical firearms training.",success,low,"No pricing information found anywhere on the website. Only contact methods are email and phone for inquiries. No specific address provided, only general Sacramento location. Schedule mentions last weekend of each month but no booking system visible.",placer/jonkennedyconsulting-com/logo.jpg,,,2026-04-13T04:37:12+00:00
placer,KNC Firearms Training,KARL G. NELSON,kgnelsontraining@gmail.com,530-547-4472,https://www.kncft.com,direct_booking,ROSEVILLE,CA,"1003 Betsy Ross Drive, Ste B, Roseville, CA, USA",325,195,,"KNC Firearms Training is dedicated to providing high-quality firearms instruction for all skill levels, from complete beginners to seasoned gun owners. Led by NRA Training Counselor Karl Nelson alongside NRA Instructors Zachary Chesmore and Colby Decker, KNC offers a range of courses covering basic handgun safety through advanced tactical training, including initial and renewal CCW permit instruction for Placer and Sacramento Counties. Renewal courses include same-day range qualification at the private Placer Sporting Club range, covering firearm safety, marksmanship, and legal considerations in a welcoming and professional environment.",success,high,manual,,,,2026-04-13T04:37:12+00:00
placer,KP Protection Consulting,KEVIN POOL,kevin@kpprotectionconsulting.com,916-622-8502,https://www.kpprotectionconsulting.com,direct_booking,AUBURN,CA,"2945 Bell RD #285, Auburn CA, 95603",,,,"KP Protection Consulting is a certified CCW and personal protection training company led by NRA-certified instructor Kevin Pool. They offer comprehensive 16-hour initial CCW courses and 8-hour renewal courses, approved as a vendor in Sacramento and Placer County. The company is dedicated to empowering individuals with the knowledge and skills necessary for personal safety and responsible concealed carry.",success,medium,"Found clear booking capability and company description, but no pricing information available on the website",placer/kpprotectionconsulting-com/logo.png,,,2026-04-13T04:37:12+00:00
placer,"Lagomarsino's Firearms Institute, Inc.",WESLEY LAGOMARSINO,wesley@lfiguns.com,209-401-0907,https://www.lfiguns.com,inquiry_only,SACRAMENTO,CA,,200,100,,"Lagomarsino's Firearms Institute is a Sacramento-based firearms training company led by instructor Wes Lagomarsino. They offer California initial and renewal CCW courses three times per month, as well as multi-state CCW courses for Utah, Nevada, Arizona, Florida, Oregon and Virginia. The institute provides a progressive line of pistol courses from basic to advanced handgun mastery, plus shotgun and rifle training, with both group classes and private lessons available.",success,medium,"Clear pricing structure with $100 for 1-day courses (likely renewals) and $200 for 2-day courses (likely initials). However, no specific breakdown between Day 1 and Day 2 pricing. No add-a-gun fees mentioned but unclear if this means they don't charge or if pricing isn't listed. Booking requires phone call rather than direct online booking.",,,placer/lfiguns-com/training_1.jpeg|placer/lfiguns-com/training_2.jpg|placer/lfiguns-com/training_3.jpg,2026-04-13T04:37:12+00:00
placer,Liberty Firearms Training,RON GIVENS,libertytraining916@gmail.com,916-870-1854,https://www.libertyfirearmstraining.com,inquiry_only,SACRAMENTO,CA,"4010 Foothills Blvd #103, Roseville, CA 95747",350,250,,"Liberty Firearms Training has served Northern California since 2007, offering progressive shooting courses designed to make students more proficient, comfortable, and confident in gun handling. They provide CCW training along with a full curriculum from introductory pistol courses through advanced defensive handgun skills. All of their instructors are honorably discharged United States Veterans from the Marine Corps, Navy, and Air Force.",success,medium,"Found clear pricing for 16hr CCW course ($350) and 8hr renewal ($250), but no address found and booking requires inquiry through contact form. Private instruction pricing available but not standard course pricing breakdown.",,,,2026-04-13T04:37:12+00:00
placer,Lock N Load Concealed Carry,JUSTIN LUNGREN,justinlungren@locknloadconcealedcarry.com,916-705-2258,https://www.locknloadconcealedcarry.com,direct_booking,EL DORADO HILLS,CA,"1061 Suncast Ln #9628, El Dorado Hills, CA 95762",275,195,15,"Lock n Load Concealed Carry Training is operated by Dr. David Lungren, a California DOJ certified instructor approved to teach CCW courses for El Dorado, Placer, Sacramento, and Yolo counties. The company offers 16-hour initial CCW courses, 8-hour renewal courses, Utah multi-state permits, and basic through advanced defensive handgun training. Dr. Lungren brings military experience and a background as a chiropractor and expert medical witness to provide personalized firearms instruction at their El Dorado Hills facility.",success,high,"Clear pricing and booking structure found, detailed instructor credentials, but no specific street address provided",,,,2026-04-13T04:37:12+00:00
placer,Loyal Arms,EMILIO DUCUSIN,emil@loyalarms.com,408-687-9773,https://shop.loyalarms.com,none,FOLSOM,CA,1008 Riley St Suite 4,,,,,success,low,"This appears to be a firearms retailer/dealer website focused on retail sales and financing, not a CCW training provider. No training services, courses, or CCW-related content found.",,,,2026-04-13T04:37:12+00:00
placer,Miladi Defense,ALEX MILADI,alex@miladidefense.com,530-713-5139,https://www.miladidefense.com,direct_booking,YUBA CITY,CA,"950 Tharp Rd, Yuba City, CA 95993",,,,"Miladi Defense offers CCW certification training in Yuba City, California, serving Yuba, Sutter, Placer, and Colusa counties. They provide the state-required 16-hour initial certification course and 8-hour renewal course, covering firearm safety, handling, shooting techniques, and California concealed carry laws. The company also offers various handgun training courses including fundamental handgun training and personal defense range training.",success,low,Found clear service offerings and booking capability but no pricing information or specific address beyond city name,,,,2026-04-13T04:37:12+00:00
placer,Next Threat Solutions,JASON RUSSO,jason@nextthreatsolutions.com,916-306-7959,https://www.nextthreatsolutions.com,unclear,EL DORADO HILLS,CA,"4641 Post Street, Attn: Box 5119, El Dorado Hills, CA 95762",,,,Next Threat Solutions is a firearms training company that focuses on personal protection and individual resilience education. Their mission is to actively support the sustainment and growth of responsibly armed and prepared American communities through comprehensive training and advocacy programs.,success,low,Website shows navigation structure with course registration capability but no actual pricing or course details visible. Only mission statement and contact information available in provided content.,placer/nextthreatsolutions-com/logo.jpg,,,2026-04-13T04:37:12+00:00
placer,Northern Firearms Instruction,PAUL ROBINS,paul@usgunpro.com,916-224-9925,https://www.usgunpro.com,inquiry_only,ROSEVILLE,CA,,,,,"Northern Firearms Instruction is a team of highly experienced NRA Firearms Instructors operating throughout California, claiming to be considered the authority on CCW law and firearm training throughout the state. They specialize in California CCW courses for both new and experienced shooters, offering classes in over 50 regions including California CCW, Ladies Only CCW, Basic Pistol Safety, and NRA Instructor Courses. NFI instructors are NRA Certified Trainers, many with military or law enforcement backgrounds, who teach students to shoot safely in a stress-free learning environment.",success,low,Website shows extensive service offerings and vendor description but lacks specific pricing information and physical address. Booking appears to require calling for reserved seating only.,,,,2026-04-13T04:37:12+00:00
placer,NSP Firearms Instruction,NICK PERJANIK,nick@nspfirearms.com,916-500-4478,https://www.nspfirearms.com,direct_booking,ROSEVILLE,CA,,295,195,,"NSP Firearms Instruction provides county, NRA, and USCCA nationally recognized curriculum options for firearms training and California CCW permits. Their instructors maintain certifications through the California DOJ, Utah BCI, NRA, and USCCA, offering courses that meet or exceed CA DOJ initial and renewal permit requirements. They provide flexible private, family, and group courses with customized curriculums available.",success,high,"Clear pricing for 16hr initial ($295) and 8hr renewal ($195) courses, direct booking available, but no specific address found despite location being listed as 'Placer Sporting Club'",placer/nspfirearms-com/logo.png,,placer/nspfirearms-com/training_1.jpg,2026-04-13T04:37:12+00:00
placer,Paladin Tactical US,DAN BUTLER,dan@paladin-tactical-us.com,707-863-1064,https://www.paladin-tactical-us.com,unclear,CONCORD,CA,"4700 Evora Rd, Concord, CA 94520",,,,"Paladin Tactical is a firearms training company serving the Bay Area with operations at United Sportsmen range in Concord, CA. They offer CCW training along with advanced pistol, rifle, shotgun, and scenario-based training for responsible citizens, law enforcement, and security professionals. Their team focuses on providing exceptional instruction in a professional and safe training environment.",success,low,"Website content lacks specific pricing information, exact address, and clear booking process details. Only general service description and training location available.",placer/paladin-tactical-us-com/logo.png,,,2026-04-13T04:37:12+00:00
placer,"Protection Plus Tactics, LLC",ALEXANDER RATKOWSKI,training@protectionplustactics.com,916-577-2522,https://www.protectionplustactics.com,direct_booking,LOOMIS,CA,"3877 Shawn Way Suite 100, Loomis, CA 95650",275,150,,"Protection Plus Tactics, LLC is Northern California's elite gun shop and training academy located in Loomis, specializing in self-defense firearms sales, services, and training. They offer both private and group instruction for all skill levels, including CCW classes, firearm safety courses, and specialized training in pistol, shotgun, carbine rifle, and tactical combat casualty care. The academy is led by Don, a decorated Marine combat veteran and DOJ/NRA certified instructor who focuses on real-world scenarios and practical self-defense training.",success,high,"Clear pricing found for initial CCW ($275) and recertification ($150), direct booking available through calendar, comprehensive vendor description available. Only missing specific street address and breakdown of 16hr course into separate days.",placer/protectionplustactics-com/logo.jpg,,placer/protectionplustactics-com/training_1.jpg|placer/protectionplustactics-com/training_2.jpg|placer/protectionplustactics-com/training_3.jpg,2026-04-13T04:37:12+00:00
placer,Ramsey Personal Protection Consulting,MICHAEL RAMSEY,mike@ramseyppcc.com,916-844-6374,,,ROSEVILLE,CA,,,,,,no_website,,,,,,2026-04-13T04:37:12+00:00
placer,Reinhardt Firearm Instruction,ALAN R. REINHARDT,reinhardtinstructionllc@gmail.com,530-635-4733,,,YUBA CITY,CA,,,,,,no_website,,,,,,2026-04-13T04:37:12+00:00
placer,Sacramento Gun Range,CORA SCHAGER,cora@sgrange.us,916-246-2010 EXT 1010,https://www.sgrange.us,inquiry_only,SACRAMENTO,CA,3443 Routier Rd,,,,"Sacramento Gun Range is a comprehensive training facility and shooting range offering over 50 classes led by industry-leading professionals. The facility features 34 lanes across 5 separate indoor ranges, including 25-yard and 50-yard lanes with VIP air-conditioned options. They provide specialized CCW training including 16-hour initial and 8-hour renewal courses, along with cutting-edge Reel Shots Live-Fire Simulator technology and progressive reality-based training for advanced members.",success,low,"Found CCW course listings (16-hour initial, 8-hour renewal) and facility details, but no pricing information available. Can schedule visits and consultations but no direct online booking for classes.",placer/sgrange-us/logo.jpg,,placer/sgrange-us/training_1.jpg|placer/sgrange-us/training_2.jpg|placer/sgrange-us/training_3.jpg,2026-04-13T04:37:12+00:00
placer,Safely Carry,AMER SAHTOUT,amer@safelycarry.com,916-296-4076,https://www.safelycarry.com,inquiry_only,EL DORADO HILLS,CA,"5170 Golden Foothill Pkwy, El Dorado Hills, CA 95762",,,,"Safely Carry provides CCW classes for residents of El Dorado, Sacramento, Placer, and Amador counties in California. They offer both phone and email contact options for inquiries and have a separate registration system for upcoming classes.",success,low,"Website content is minimal - only shows contact information and counties served. No pricing, course details, or substantial vendor information found. Booking appears to require initial inquiry followed by separate sign-up process.",,,,2026-04-13T04:37:12+00:00
placer,"Security & Firearms Training Academy, Inc.",JESSIE MEEKER,jessie@safta-inc.com,916-500-1442,https://www.safta-inc.com,inquiry_only,NORTH HIGHLANDS,CA,"3355 Myrtle Avenue, Suite 200 North Highlands, CA 95660",,,,"Security & Firearms Training Academy (SAFTA) is a 100% veteran-owned training academy founded by Marine Corps Veterans, retired law enforcement agents, and private security veterans. They offer CCW training courses approved by several counties across Northern California, along with basic firearm and instinct shooting courses designed for students of all ability levels. SAFTA instructors have nearly 100 years of combined Military, Law Enforcement, and Private Security experience and conduct firearms training at Placer Sporting Club, a private indoor shooting range in Roseville, CA.",success,low,"No pricing information found for any courses. Website mentions CCW training but directs to contact for advanced training details. No clear booking system visible, only contact information provided.",placer/safta-inc-com/logo.png,placer/safta-inc-com/instructor_1.jpg|placer/safta-inc-com/instructor_2.jpg,placer/safta-inc-com/training_1.jpg|placer/safta-inc-com/training_2.jpg|placer/safta-inc-com/training_3.jpg,2026-04-13T04:37:12+00:00
placer,Solidarity Defense,LLOYD LIGHT,lloyd@sacsolidaritydefense.com,916-968-7267,https://www.sacsolidaritydefense.com,direct_booking,RANCHO CORDOVA,CA,,,,,"Solidarity Defense provides professional firearms instruction throughout the Sacramento region, including Placer County, Sacramento County, and Yolo County CCW classes. They specialize in working with new gun owners and those seeking structured, skill-based defensive training, offering both private instruction and group classes in a supportive environment. New students receive a continuing 20% discount on training.",success,medium,"Found clear vendor description and booking capability with multiple 'Sign up' links, but no pricing information or specific address found on the website content provided",placer/sacsolidaritydefense-com/logo.png,,placer/sacsolidaritydefense-com/training_1.jpeg|placer/sacsolidaritydefense-com/training_2.jpeg|placer/sacsolidaritydefense-com/training_3.jpeg,2026-04-13T04:37:12+00:00
placer,Sure Grip Arms,THEODORE HAMPTON II,sga@suregriparms.com,916-904-4406,https://www.suregriparms.com,unclear,SACRAMENTO,CA,"15501 Meiss Rd, Sloughhouse, CA 95683",,,,"Sure Grip Arms is a 100% Black-Veteran-Owned small business specializing in integrated defensive training for CCW certification, advanced firearm tactics, non-lethal strategies, and trauma care. Their certified instructors hold various qualifications from organizations like U.S.C.C.A., N.R.A., and American Red Cross, providing comprehensive training programs that cover basic firearms skills, firearms safety, non-lethal defense options and life-saving techniques including CPR and First Aid. They serve Sacramento and surrounding counties including Placer, Yolo, Sutter, Nevada, and Contra Costa counties.",success,low,"Found comprehensive schedule and vendor description, but no pricing information visible on the website. Booking capability unclear as 'Select Class' buttons are mentioned but functionality not evident from content.",,,,2026-04-13T04:37:12+00:00
placer,The Range,KRISTOPHER PRZEPIORSKI,therange1@gmail.com,530-273-4440,https://www.therangeus.com,inquiry_only,GRASS VALLEY,CA,"13235 B Grass Valley Avenue, Grass Valley, CA 95945",,,,"THE RANGE is Nevada County's only indoor rifle and pistol range, featuring ten 25-yard handgun lanes and four 50-yard rifle lanes that accommodate any caliber firearm except black powder. They offer a complete selection of classes from beginner to experienced shooters with certified instructors in a modern classroom, plus a full-service gun shop stocked with quality firearms and shooting accessories.",success,low,"Website mentions CCW classes but provides no specific pricing, scheduling, or booking details for CCW courses. Only general class information and range pricing is available.",,,placer/therangeus-com/training_1.jpg|placer/therangeus-com/training_2.jpg|placer/therangeus-com/training_3.jpg,2026-04-13T04:37:12+00:00
placer,Vandagriff Consulting,ERIK VANDAGRIFF,erikvandagriff@gmail.com,530-320-8858,,,FORESTHILL,CA,,,,,,no_website,,,,,,2026-04-13T04:37:12+00:00
placer,Warrior Concealment,ROY DICKINSON,rdickinson@warriorconcealment.com,916-934-3423,https://www.warriorconcealment.com,none,CAMERON PARK,CA,,,,,,success,low,"This is a gun holster and magazine pouch manufacturer, not a CCW firearms training provider. They make Kydex holsters and accessories but do not offer training courses.",,placer/warriorconcealment-com/instructor_1.jpg,,2026-04-13T04:37:12+00:00
placer,AAO (American Armed Ordinance),BRYAN KINNEY,aao.training1@gmail.com,707-400-3677,https://www.californiaccwcourses.com,direct_booking,,CA,,199,100,,"AAO (American Armed Ordinance) provides online California CCW training courses for both residents and non-residents. They offer DOJ-compliant 16-hour initial courses and 8-hour renewal courses that include instruction, quizzes, and final exams requiring 80% passing scores. The company also provides a separate California Firearms Safety & Legal Responsibility course for additional training.",success,medium,"Clear pricing for full courses and good description, but no address found and no breakdown of day 1/day 2 pricing. Online-only format means no physical location details available.",placer/californiaccwcourses-com/logo.jpg,,placer/californiaccwcourses-com/training_1.png,2026-04-13T04:37:12+00:00
plumas,Chandler Peay,CHANDLER PEAY,,(831) 241-1508,https://carryplumas.com,,QUINCY,CA,,,,,,success,,,,,,2026-04-13T04:37:12+00:00
plumas,Travis Schiavone,TRAVIS SCHIAVONE,,(530) 616-0338,,,PORTOLA,CA,,,,,,no_website,,,,,,2026-04-13T04:37:12+00:00
plumas,Chris McNally,CHRIS MCNALLY,,(530) 260-7553,,,SUSANVILLE,CA,,,,,,no_website,,,,,,2026-04-13T04:37:12+00:00
plumas,Down Range,,,(530) 896-1992,https://www.downrangechico.com/,inquiry_only,CHICO,CA,13407 Garner Ln,,,,"Down Range Indoor Training Center is the North State of California's only 25-yard pistol, rifle and shotgun range, featuring a full-service uniform shop, firearms retail area, and on-site gunsmith. They offer numerous training classes including CCW courses, advanced pistol training, and specialized programs for women and youth. The facility is Northern California's only 5-star rated range according to the National Shooting Sports Foundation and promotes a customer service-based atmosphere for healthy learning.",success,low,"Found good vendor description and they offer CCW classes, but no pricing information or specific booking process details. Location shows Chico but no street address found.",plumas/downrangechico-com/logo.png,,plumas/downrangechico-com/training_1.png,2026-04-14T20:40:57+00:00
plumas,Armed Safety Firearms Instruction,,,(530) 300-8000,,,COTTONWOOD,CA,,,,,,no_website,,,,,,2026-04-13T04:37:12+00:00
plumas,Northern Firearms Instruction,,,(530) 229-0072,,,REDDING,CA,"11091 Rhyolite Dr #1, Redding, CA 96003",,,,,no_website,,,,,,2026-04-13T04:37:12+00:00
plumas,Bellicose Firearms Instruction,,,(530) 570-2746,,,GRASS VALLEY,CA,"13732 Mallory Ct, Grass Valley, CA 95949",,,,,no_website,,,,,,2026-04-13T04:37:12+00:00
plumas,Ramsey Personal Protection,,,(916) 844-6374,,,,CA,,,,,,no_website,,,,,,2026-04-13T04:37:12+00:00
plumas,Concealed Coalition,,,(985) 634-0296,,,,CA,,,,,,no_website,,,,,,2026-04-13T04:37:12+00:00
plumas,Lassen Community College,,,(530) 251-8801,https://www.lassencollege.edu,none,SUSANVILLE,CA,"478-200 CA-139, Susanville, CA 96130",,,,,success,low,This appears to be a general community college website with no CCW training content found. The course outlines mention gunsmithing programs but no CCW/firearms training courses or pricing information is visible.,,,,2026-04-14T20:40:57+00:00
plumas,Echo Whiskey Tactical,,,(530) 690-5599,https://www.echowhiskeytactical.com/,inquiry_only,RED BLUFF,CA,,,,,"Echo Whiskey Tactical is a veteran-owned business that provides firearms and personal defense instruction through all levels of experience, from novice to expert. All of their instructors are seasoned law enforcement veterans who hold multiple instructor ratings and certifications including California POST and NRA certifications. They offer initial and renewal CCW courses, tactical pistol training, workplace violence training, and private firearms courses throughout California and Oregon.",success,low,"No pricing information found, no specific address provided, only general service area mentioned, booking appears to require contact/inquiry based on 'Contact us' language for private courses",,,,2026-04-14T20:40:57+00:00
plumas,DAFAST,,,(916) 838-4926,,,YUBA CITY,CA,,,,,,no_website,,,,,,2026-04-13T04:37:12+00:00
plumas,Robert Grossman,ROBERT GROSSMAN,,(530) 563-6397,https://www.SierraCCW.com,,TRUCKEE,CA,"12121 Wilshire Blvd Suite 1300, Los Angeles, CA 90025",,,,,success,low,Website appears to be in Chinese and contains no relevant firearms training information - appears to be unrelated content or possibly a placeholder/error page,,,,2026-04-14T20:40:57+00:00
plumas,Angel's Firearm Instruction(A.F.I.),,,(530) 990-1807,,,CHICO,CA,,,,,,no_website,,,,,,2026-04-13T04:37:12+00:00
plumas,Crossed Star Firearms,,,(530) 790-5187,https://www.crossedstarfirearms.com/,inquiry_only,MARYSVILLE,CA,"12501 Loma Rica Rd, Marysville, CA 95901",300,175,,"Crossed Star Firearms is a Northern California firearms instructor offering CCW courses for residents of multiple counties including Butte, Contra Costa, Glenn, Nevada, Placer, Sacramento, and others. They provide 16-hour initial CCW courses, 8-hour renewal classes, multi-state CCW training, and various pistol instruction classes including specialized programs for ladies and realtors.",success,medium,"Clear pricing for 16hr full course and 8hr renewal found. Has registration link but unclear if direct booking or inquiry. No specific address found, only general Northern California location.",plumas/crossedstarfirearms-com/logo.png,plumas/crossedstarfirearms-com/instructor_1.png|plumas/crossedstarfirearms-com/instructor_2.png,,2026-04-14T20:40:57+00:00
plumas,Cap Off Firearms Training Club,,,(530) 254-4626,,,SUSANVILLE,CA,,,,,,no_website,,,,,,2026-04-13T04:37:12+00:00
plumas,305 Tactical Firearms Training,,,(805) 585-5220,,,LAKE SHERWOOD,CA,,,,,,no_website,,,,,,2026-04-13T04:37:12+00:00
plumas,559 CCW,,,,https://www.559ccw.com,direct_booking,,CA,,165,125,,"559CCW is a California online CCW training provider serving Fresno, Tulare, Madera, Merced, Plumas, and Kings County residents. They offer both online and in-person CCW courses, including 16-hour initial permits and 8-hour renewals, with interactive online training that automatically saves progress. Led by a U.S. Marine Corps veteran and DOJ-certified instructor, they focus on firearm safety, California law, and responsible concealed carry with live-fire qualification at local ranges.",success,high,Clear pricing found for both full 16hr course ($165) and 8hr renewal ($125). Strong vendor description available. No individual day pricing or add-a-gun fees found. Address not specified since they're primarily online-based.,,plumas/559ccw-com/instructor_1.jpeg|plumas/559ccw-com/instructor_2.jpeg|plumas/559ccw-com/instructor_3.jpeg,plumas/559ccw-com/training_1.png|plumas/559ccw-com/training_2.jpeg|plumas/559ccw-com/training_3.jpeg,2026-04-13T04:37:12+00:00
plumas,U.S. LawShield,,,(877) 448-6839,https://www.uslawshield.com/,none,,CA,,,,,"U.S. LawShield provides legal defense services for self-defense situations, offering members access to a nationwide network of attorneys, 24/7 emergency hotline, and legal representation for both criminal and civil cases with zero attorney fees for covered events. They also provide educational resources, legal updates, and state-specific guides to help responsible gun owners understand self-defense law. The company serves over 2 million members across multiple states.",success,low,"This is a legal defense service provider, not a CCW training vendor. No firearms training courses, pricing, or booking capabilities found - only legal protection services and educational resources.",plumas/uslawshield-com/logo.png,plumas/uslawshield-com/instructor_1.jpg,,2026-04-14T20:40:57+00:00
riverside,A2 Firearms,,service@a2defensetraining.com,909-906-9210,https://www.a2defensetraining.com,unclear,Chino,CA,,,,,"A2 Defense offers CCW certification courses alongside comprehensive defensive training programs. They provide world-class courses designed for various skill levels, personalized practice through their Training Blueprint™ system, and an exclusive members-only community focused on defense and safety. The company also offers e-learning options and delivers practice supplies through their Reloads™ service.",success,low,"Website shows CCW certification is offered but no specific pricing, scheduling, or booking details found. No address information visible. Content focuses more on general training programs than specific CCW course details.",riverside/a2defensetraining-com/logo.png,,,2026-04-13T04:37:12+00:00
riverside,AlphaCulture LLC,,Training@alphaculturefa.com,951-564-1059,https://www.alphaculturefa.com,direct_booking,Suncity,CA,"27851 Bradly Rd suite 130F, Sun City Ca 92586",,,,"Alpha Culture L.L.C. is a firearms training company that provides holistic training combining both field and classroom instruction. They offer USCCA courses, basic firearms training, and CPR & life support courses, providing materials and resources for continued learning beyond the classroom.",success,low,"Clear booking capability and address found, but no specific pricing information available for any CCW courses. Course offerings are mentioned but without details or costs.",riverside/alphaculturefa-com/logo.png,,,2026-04-13T04:37:12+00:00
riverside,Armed Defense LLC,,mehar@thearmeddefense.com,951-203-5528,,,Riverside,CA,,,,,,no_website,,,,,,2026-04-13T04:37:12+00:00
riverside,Brothers & Arms USA / Riverside CCW Training,,info@riversideccwtraining.com,951-223-4567,https://riversideccwtraining.com,inquiry_only,Riverside,CA,11800 Sterling Ave Suite G,,,,"Brothers & Arms USA / Riverside CCW Training is a Riverside County-based firearms training company voted 'Best Educational Consultant' by the City of Riverside for multiple years. They are NRA and POST certified instructors providing CCW training approved by Riverside and San Bernardino County Sheriff's Departments, as well as multiple police departments across 19 Los Angeles County cities. The company offers courses from beginner NRA Basic Pistol through advanced training, with both male and female certified instructors.",success,low,No pricing information found for any courses despite extensive website content. Address not clearly stated. Multiple booking/contact forms but no direct booking system visible.,riverside/riversideccwtraining-com/logo.webp,,riverside/riversideccwtraining-com/training_1.jpg|riverside/riversideccwtraining-com/training_2.webp|riverside/riversideccwtraining-com/training_3.webp,2026-04-13T04:37:12+00:00
riverside,Chambered Defenses,,ani@chambereddefenses.com,909-343-3100,https://chambereddefenses.com,inquiry_only,Riverside,CA,"14995 River Rd, Corona, CA 92880",275,175,,"Chambered Defenses offers comprehensive firearm defense training in California, including specialized courses in Concealed Carry Weapon (CCW) training. Their expert instructors provide hands-on experience and in-depth knowledge to empower individuals with the skills needed to responsibly and confidently carry a concealed weapon. The company's California firearm defense training programs prioritize safety, legal compliance, and situational awareness to ensure a well-rounded and effective learning experience for both beginners and those looking to enhance existing skills.",success,medium,"Clear pricing for full 16hr course and 8hr renewal found, but no direct booking system - only contact forms for inquiries. No individual day pricing or add-a-gun fees found.",,riverside/chambereddefenses-com/instructor_1.jpg,,2026-04-13T04:37:12+00:00
riverside,Citadel Defense Group,,info@citadeldefensegroup.com,951-741-6116,https://www.citadeldefensegroup.com,,Wildomar,CA,"24630 Washington Ave Suite 202 Office #102, Murrieta, CA 92562",,,,,success,,,,,,2026-04-13T04:37:12+00:00
riverside,Clubb 1 Investigations LLC,,Clubb1investigations@gmail.com,888-258-2201,https://www.clubb1investigations.com,inquiry_only,Riverside,CA,"5198 Arlington Ave, Suite 338, Riverside, CA 92504",299,199,,"Clubb 1 Investigations is led by Tony Clubb, a retired law enforcement professional with over 24 years of experience in the Riverside County Probation Department. The company offers Riverside County CCW certification courses as part of their ""Confident by Design"" firearms training path, emphasizing real-world responsibility and safe firearm handling. They also provide workplace investigations, security assessments, and active threat training services beyond their CCW offerings.",success,high,"Clear pricing for 16hr initial ($299) and 8hr renewal ($199), detailed vendor background, comprehensive service offerings described. No day-by-day pricing breakdown or add-a-gun pricing found.",,,,2026-04-13T04:37:12+00:00
riverside,Coach K's Training,,kealii@coachkstraining.com,714-724-8705,https://www.coachkstraining.com,inquiry_only,,CA,,,,,"Coach K's Training is located in Orange County, CA and offers comprehensive training courses including urban and wilderness survival, firearm safety and instruction, self defense, medical training, and Basic Life Support. They emphasize hands-on training with detailed explanations of not just the steps and processes, but the reasoning behind each technique.",success,low,"No specific CCW pricing found, only general mentions of firearm instruction. Has calendar and contact info suggesting inquiry-based booking but no direct booking system visible.",riverside/coachkstraining-com/logo.png,,riverside/coachkstraining-com/training_2.jpg|riverside/coachkstraining-com/training_3.jpg,2026-04-13T04:37:12+00:00
riverside,Concealed Coalition Inc.,,info@concealedcoalition.com,800-805-2238,https://www.concealedcoalition.com,direct_booking,,CA,,,,,"Concealed Coalition is a nationwide concealed carry training provider offering both online courses and in-person classes through a network of certified instructors. They focus on next-generation digital learning combined with hands-on education experiences, providing comprehensive firearms training that covers gun safety practices, state-specific regulations, and scenario-based training. The company has trained over 1 million students and offers multi-state certification through their extensive network of classroom locations and gun range partnerships.",success,low,"Clear description and booking capability found, but no pricing information available. This appears to be a national training network rather than a specific local vendor, with classes scheduled across multiple locations but no specific address for a single location.",,riverside/concealedcoalition-com/instructor_1.jpg|riverside/concealedcoalition-com/instructor_2.jpg|riverside/concealedcoalition-com/instructor_3.jpg,riverside/concealedcoalition-com/training_1.jpg,2026-04-13T04:37:12+00:00
riverside,Darell Freeman Shooting Sports,,Dare2bfreeman@gmail.com,949-599-4148,https://www.darellsshootingsports.com,,Riverside,CA,,,,,,failed,,,,,,2026-04-13T04:37:12+00:00
riverside,"Defensive Tactics and Firearms, LLC",,,760-451-6694,https://defensivetacticsandfirearms.com,direct_booking,Fallbrook,CA,,315,215,,"Defensive Tactics and Firearms, LLC provides innovative CCW training for Riverside and San Diego County, led by certified Use of Deadly Force Instructors with an evidence-based curriculum built by a firearms and self-defense attorney. They offer both in-person and online training options, with courses that include qualification for up to 4 firearms and also provide everything needed for an Arizona multi-state CCW permit. The company emphasizes data-driven training designed to make students effective self-defenders.",success,high,"Clear pricing and booking found, comprehensive course offerings described, but no street address provided",riverside/defensivetacticsandfirearms-com/logo.jpg,,riverside/defensivetacticsandfirearms-com/training_1.jpg|riverside/defensivetacticsandfirearms-com/training_2.jpeg|riverside/defensivetacticsandfirearms-com/training_3.png,2026-04-13T04:37:12+00:00
riverside,Family and Freedom Defense,,Info@familyandfreedomdefense.com,619-363-5255,https://www.familyandfreedomdefense.com,direct_booking,Oceanside,CA,,,,,"Family and Freedom Defense is a firearms training company founded by an instructor with over a decade of experience as a police officer, SWAT team firearms instructor, and active duty USMC officer. They offer CCW training for San Diego and Riverside County with small class sizes (maximum 4 students) at a private facility. The company emphasizes responsible and confident firearm ownership through unique and current training techniques.",success,low,"Clear vendor description and booking capability evident, but no pricing information found for any courses. Address only shows general 'Oceanside, CA' location without specific street address.",,,,2026-04-13T04:37:12+00:00
riverside,Firearms Academy,,firearmsacademy@live.com,951-987-0018,https://www.firearmsacademy.net/index.html,inquiry_only,Corona,CA,623 N Main St Suite D8,,,,"Founded over 30 years ago, Firearms Academy is a leading security training services company in Corona, CA, led by Chief Instructor Alex G. Delgadillo who holds multiple certifications including DOJ CCW and Utah CCW instructor credentials. The academy provides CCW training alongside comprehensive security and firearms instruction, maintaining high standards of ethics and genuine care for customers. They also operate as a licensed firearms dealer and offer training, gear, accessories, and consulting services.",success,low,"Found company description and instructor credentials, but no pricing information, specific address, or clear booking process. Only contact email available for inquiries.",riverside/firearmsacademy-net/logo.png,riverside/firearmsacademy-net/instructor_1.png,,2026-04-13T04:37:12+00:00
riverside,Firearms Training Associates,,info@ftatv.com,714-701-9918,https://ftatv.com,unclear,Corona,CA,"14995 River Road, Corona, CA 92880",,,,"Firearms Training Associates is a comprehensive firearms training facility located at Raahauge's Shooting Enterprises in Corona, CA. Their team of instructors includes experts from law enforcement, military, government agencies, and competition backgrounds who teach over 10,000 students annually. They offer courses for all experience levels in a friendly, relaxed environment that emphasizes safety and mastery of weapons systems, covering everything from basic pistol training to advanced tactical courses.",success,low,"Found good vendor description and address, but no specific CCW pricing information. Only found training package prices that don't correspond to standard CCW course formats. Booking capability unclear as only 'Click for schedule' links are shown.",riverside/ftatv-com/logo.jpg,,riverside/ftatv-com/training_1.jpg|riverside/ftatv-com/training_2.png|riverside/ftatv-com/training_3.jpg,2026-04-13T04:37:12+00:00
riverside,Foley Firearms Training,,mike@foleyfirearmstraining.com,951-236-6267,https://www.foleyfirearmstraining.com,unclear,Romoland,CA,,350,175,,"Foley Firearms Training offers Basic, Intermediate, and Advanced courses for pistol, rifle, and shotgun training with both group and private sessions available. They provide the required 16-hour Initial and 8-hour Renewal CCW qualification courses for Riverside County. The company specializes in tailoring training to specific customer needs and offers family safety classes.",success,medium,Clear pricing structure found ($175 per day) but no address or booking mechanism visible. Referenced a CCW Course page and calendar but actual booking process not shown in content.,riverside/foleyfirearmstraining-com/logo.png,,riverside/foleyfirearmstraining-com/training_1.jpg|riverside/foleyfirearmstraining-com/training_2.jpg|riverside/foleyfirearmstraining-com/training_3.jpg,2026-04-13T04:37:12+00:00
riverside,Force Defensive Firearms Training,,Peter@ForceDefensiveFirearmsTraining.com,951-691-6991,https://forcedefensivefirearmstraining.com,inquiry_only,Murrieta,CA,"24630 Washington Ave Suite 202 Office #102, Murrieta, CA 92562",,,,"Force Defensive Firearms Training offers small group CCW classes, private lessons, and firearms training in Murrieta, CA. They are a POST CCW, DOJ CA approved vendor serving multiple sheriff's departments including Riverside County and San Diego County. Their classes are led by DOJ CA, NRA, and USCCA certified instructors and accommodate beginner, intermediate, and advanced students with an emphasis on safety and strong training foundations.",success,low,"Website mentions sign-up options and new class dates but no specific pricing information is provided. No street address found, only city location. Limited booking details beyond general sign-up mentions.",,,riverside/forcedefensivefirearmstraining-com/training_1.jpeg|riverside/forcedefensivefirearmstraining-com/training_2.jpg|riverside/forcedefensivefirearmstraining-com/training_3.jpg,2026-04-13T04:37:12+00:00
riverside,Guardian Training Unit Non-Profit,,Jamesmartinezsvc@gmail.com,909-227-8959,https://guardianspca.net,inquiry_only,Riverside,CA,,225,125,,"Guardian SPCA is a nonprofit organization that offers CCW certification courses in Riverside County, with all proceeds supporting their animal cruelty prevention mission. They provide both initial CCW certification and renewal courses taught by certified instructor James M. Martinez, a law enforcement and U.S. Army veteran with over 25 years of experience. The organization combines firearms training with their primary mission of investigating animal cruelty, rescuing abused animals, and providing safe homes for animals across Riverside County.",success,medium,"Clear pricing for initial ($225) and renewal ($125) courses found, but unclear if initial is 16hr or 8hr format. No specific address found, only mentions 'Guardian SPCA Training Facility - Riverside County'. Booking requires phone inquiry rather than direct online booking.",riverside/guardianspca-net/logo.jpg,,,2026-04-13T04:37:12+00:00
riverside,Heavens Betting on Us,,Heavensbettingonus@yahoo.com,310-930-4843,https://heavensbettingonus.com,inquiry_only,Lynwood,CA,,,,,"Heavens Betting On Us is a firearms academy serving Los Angeles, San Fernando Valley, and Long Beach areas. They offer comprehensive training from basic firearms safety to advanced tactics, including CCW certification training, armed guard qualifications, tactical outdoor shooting, and private one-on-one lessons. The academy is staffed by NRA-certified instructors and offers flexible scheduling options including evenings and weekends.",success,low,"No pricing information found anywhere on the site. Only has contact form for inquiries, no direct booking system. General service descriptions available but no specific course details or costs.",,riverside/heavensbettingonus-com/instructor_1.jpg|riverside/heavensbettingonus-com/instructor_2.jpg|riverside/heavensbettingonus-com/instructor_3.jpg,,2026-04-13T04:37:12+00:00
riverside,"L & L Firearms Training, LLC",,support@LLtraining.com,951-970-1018,https://lltraining.com,inquiry_only,,CA,,275,150,25,"L & L Firearms Training, LLC is a California Department of Justice approved CCW instructor serving Riverside County and several cities including Murrieta, Hemet, Menifee, Banning, and Beaumont. They provide both in-person and online CCW training options, with courses that satisfy training requirements for Arizona, Florida, and Oregon permits at no additional cost. The company offers a 10% discount for active and retired military, law enforcement, and first responders.",success,high,Clear pricing structure found for CCW courses and permit modifications. Only missing specific address and day-by-day pricing breakdown.,,,riverside/lltraining-com/training_1.png|riverside/lltraining-com/training_2.jpg,2026-04-13T04:37:12+00:00
riverside,Lindahl Holsters,,info@lindahlholsters.com,951-867-6769,https://lindahlholsters.com,none,Riverside,CA,"2040 Eastridge Ave Unit B9, Riverside, CA 92507",,,,,success,low,"This appears to be a custom holster manufacturer, not a CCW training provider. No training services, pricing, or booking capabilities found.",riverside/lindahlholsters-com/logo.png,,,2026-04-13T04:37:12+00:00
riverside,Luna Tactical,,Oscar@lunatactical.com,310-633-3043,https://www.lunatactical.com,direct_booking,Chino,CA,,350,250,,"Luna Tactical provides defensive, tactical, and safety firearms training in Southern California, led by founder Oscar Luna. They offer CCW certification classes for initial and renewal permits in Orange County and Riverside County, going beyond minimum standards with real-world scenario training. The company also provides customized training sessions for individuals, families, law enforcement, and private security details.",success,high,Clear pricing found for 2-day initial ($350) and 8hr renewal ($250) courses. Direct booking via 'Add to cart' functionality. Comprehensive course descriptions available.,riverside/lunatactical-com/logo.jpg,,riverside/lunatactical-com/training_1.jpg|riverside/lunatactical-com/training_2.jpg,2026-04-13T04:37:12+00:00
riverside,Medic Up Consulting LLC,,Ron@medicupconsulting.com,714-767-0156,https://medicupconsulting.com,direct_booking,Corona,CA,,425,275,95,"Medic Up Consulting LLC is a deputy-led CCW training company serving Los Angeles, Orange, and San Bernardino counties. They provide SB2 compliant training that combines firearms instruction with medical training, including stop-the-bleed techniques, tourniquet application, and wound care. The company is known for their structured, professional approach and includes no additional firearm fees in their courses.",success,high,"Clear pricing structure found, direct booking through website store, detailed vendor description available from multiple sources. No specific street address found despite Corona, CA location being provided.",riverside/medicupconsulting-com/logo.jpg,,riverside/medicupconsulting-com/training_1.png|riverside/medicupconsulting-com/training_2.png|riverside/medicupconsulting-com/training_3.png,2026-04-13T04:37:12+00:00
riverside,Millenia Defense LLC,,info@millenniadefense.com,909-660-3334,https://www.millenniadefense.com,direct_booking,Rancho Cucamonga,CA,,,,,"Millennia Defense is a comprehensive training and consulting company offering firearms, medical, and defensive training for individuals and corporations. They provide CCW permit courses, combatives training, medical certifications including Stop the Bleed and CPR/AED, and institutional training for businesses and places of worship. The company is officially recognized as an educational partner to the Committee for Tactical Emergency Casualty Care.",success,low,Found AZ CCW course for $105 but no California-specific 16hr course pricing. Has direct booking capability through product listings but missing address and CA CCW pricing structure.,,,riverside/millenniadefense-com/training_1.webp,2026-04-13T04:37:12+00:00
riverside,"NON-Sheep Firearms & Training, LLC",,don@non-sheep.com,909-732-9590,https://www.non-sheep.com,unclear,Corona,CA,3449 Vandermolen Dr,,,,"NON-Sheep Firearms & Training, LLC is led by Don Williamson, a 33-year retired law enforcement veteran with multiple certifications including FBI Instructor, CA DOJ Instructor, CA POST Instructor, NRA Instructor, USCCA Instructor, and CRPA Instructor. The company appears to offer firearms sales and training services with expert instruction from their highly credentialed lead instructor.",success,low,"Website appears to be primarily a firearms retail site with limited training information visible. No specific CCW course details, pricing, or booking information found on the main page content provided.",riverside/non-sheep-com/logo.png,,,2026-04-13T04:37:12+00:00
riverside,Outlaw Armory,,Outlawsarmory@gmail.com,877-928-9486,https://outlawsarmoryofcl.com,direct_booking,Canyon Lake,CA,"31658 Railroad Canyon Road, Canyon Lake, CA",275,200,,"Outlaws Armory of Canyon Lake is a firearms dealer and training facility offering CCW classes alongside firearms sales and gunsmithing services. They provide both initial CCW training and renewal courses, as well as various shooting classes from intro to advanced levels. The business operates as a full-service gun shop with training, custom work, and consignment services.",success,medium,"Clear pricing for CCW courses and direct booking available, but no breakdown of day-by-day pricing for 16hr course or add-a-gun fees found",riverside/outlawsarmoryofcl-com/logo.png,,riverside/outlawsarmoryofcl-com/training_1.jpg|riverside/outlawsarmoryofcl-com/training_3.jpg,2026-04-13T04:37:12+00:00
riverside,Paragraph 2,,jim@paragraph2.net,951-893-5400,https://paragraph2.net,direct_booking,Eastvale,CA,"14995 River Rd, Eastvale, CA 92880",275,175,,"Paragraph 2 Firearm Training is an approved CCW instructor for multiple Southern California counties including Los Angeles, Riverside, Orange, and San Diego. Led by Jim Belanger, they offer comprehensive firearm training from beginning to expert levels, including NRA certified courses, USCCA training, and specialized courses like Home Defense Fundamentals. The company operates from multiple locations and provides both in-person and online CCW training options.",success,high,"Clear pricing found for 16hr initial ($275) and 8hr renewal ($175) courses, multiple Book Now buttons indicate direct booking capability, and comprehensive vendor description available from website content",riverside/paragraph2-net/logo.png,riverside/paragraph2-net/instructor_2.png,riverside/paragraph2-net/training_1.png,2026-04-13T04:37:12+00:00
riverside,Personal Protection Academy,,info@the-ppa.com,951-574-9009,https://www.the-ppa.com/ccw,inquiry_only,Murrieta,CA,"40685 California Oaks Rd STE E, Murrieta, CA 92562",300,150,30,"Personal Protection Academy is certified as an official CCW vendor by many Southern California municipalities as well as Utah and Arizona to administer both classroom and firing range portions of CCW applications. They serve multiple jurisdictions including Riverside County, San Diego County, and cities like Murrieta, Menifee, Hemet, Banning, and Beaumont. The academy also offers multi-state CCW certification for Utah and Arizona that covers 36 states, and provides both group classes and private instruction options.",success,high,Clear pricing and service offerings found. Contact information provided but no direct booking system. Address city known but full street address not provided.,riverside/the-ppa-com/logo.png,,,2026-04-13T04:37:12+00:00
riverside,Practical Is Tactical,,JKMARTIN@PRACTICALISTACTICAL.COM,442-378-8135,https://www.practicalistactical.com,direct_booking,Fallbrook,CA,"1032 S Main Ave, Fallbrook, CA 92028",,,,"Practical Is Tactical provides Riverside and San Diego Sheriff-approved CCW training and firearms instruction in North San Diego County. Their outdoor shooting range creates a dynamic training environment with real-world drills that indoor ranges can't offer, combined with a modern, ADA-compliant classroom and supportive, beginner-friendly instructors. They offer both in-person and online courses for initial and renewal CCW training, helping new shooters and concealed carry applicants build the skills and confidence needed to carry responsibly and legally.",success,medium,"Clear booking capability and good vendor description found, but no pricing information or specific street address available on the website content provided",riverside/practicalistactical-com/logo.png,,riverside/practicalistactical-com/training_1.jpg|riverside/practicalistactical-com/training_2.jpg|riverside/practicalistactical-com/training_3.jpg,2026-04-13T04:37:12+00:00
riverside,Protector CCW & Firearms,,protectorccw@gmail.com,951-290-0431,https://www.protectorccw.com,unclear,Murrieta,CA,"35402 Henderson Rd, Pala, CA 92059",,,,"Protector CCW & Firearms Training provides 16-hour Initial and 8-hour Renewal CCW courses for Riverside and San Diego Counties. Their instructors bring over 26 years of actual field experience from federal law enforcement academies, emphasizing extensive live-fire drills and dynamic techniques. They offer comprehensive training programs designed to go beyond basic requirements for real-world self-defense preparation.",success,low,"No pricing information found, no specific address provided, and no clear booking mechanism visible on the extracted content",,,,2026-04-13T04:37:12+00:00
riverside,Resounding Arms,,info@resounding-arms.com,818-667-8412,https://resounding-arms.com,inquiry_only,Chino,CA,,,,,"Resounding Arms provides CCW training and comprehensive home defense consulting services in Chino, CA. They are an approved training vendor for LAPD, Beverly Hills, and Riverside County CCW permits, as well as Utah and Arizona non-resident permits. The company offers flexible scheduling options including private instruction and specializes in helping new firearm owners navigate the purchasing process and learn safe handling fundamentals.",success,low,"No pricing information found anywhere on the site. Booking requires contacting them for details rather than direct online scheduling. Location only mentioned as Chino, CA without specific address.",riverside/resounding-arms-com/logo.png,,riverside/resounding-arms-com/training_1.jpeg|riverside/resounding-arms-com/training_2.jpg|riverside/resounding-arms-com/training_3.jpg,2026-04-13T04:37:12+00:00
riverside,Responsible Safe Firearm Ownership,,rsfoservices@gmail.com,909-261-8617,,,Wildomar,CA,,,,,,no_website,,,,,,2026-04-13T04:37:12+00:00
riverside,Right 2 Bear (R2B): Firearm Safety & Education,,info@r2bear.com,951-892-7077,https://www.r2bear.com,unclear,Riverside,CA,"12391 Sampson Ave, Riverside, CA 92503",,,,"Right 2 Bear, LLC is an approved concealed carry training vendor for Riverside and San Bernardino County Sheriff's Departments with over 7 years of experience and more than 6,500 satisfied students. They offer training classes for all skill levels including basic, intermediate, advanced, and concealed carry classes in a non-intimidating and enjoyable learning environment. Their team includes a mix of law enforcement, military, and civilian instructors dedicated to helping students become responsible concealed carry permit holders.",success,low,"No pricing information found on the page, no specific address provided, and while there are mentions of checking schedules and services, no clear booking mechanism is visible in the content provided",,,,2026-04-13T04:37:12+00:00
riverside,Riverside County Sheriff Ben Clark Training Center,,CCW@riversidesheriff.org,951-486-2856,https://riversideca.permitium.com/ccw/start,direct_booking,Riverside,CA,"16791 Davis Ave., Riverside, CA 92518",,,,"The Riverside County Sheriff Ben Clark Training Center is the official law enforcement training facility that offers CCW training courses for Riverside County permit applicants. They provide both 16-hour initial CCW training and 8-hour renewal courses as required by California law. As the county's designated training center, they serve as an alternative to approved private training vendors for completing mandatory CCW education requirements.",success,medium,"This is clearly a government training facility with direct booking capability, but no specific training course pricing is listed - only permit processing fees. The site focuses on the permit application process rather than training course details.",,,,2026-04-13T04:37:12+00:00
riverside,Riverside Indoor Shooting Range,,info@RISR.Club,951-353-0001,https://www.risr.club,inquiry_only,Riverside,CA,"11631 Sterling Ave., Riverside, CA 92503",275,175,,"Riverside Indoor Shooting Range bills itself as 'The Best Shooting Range In The Inland Empire' and offers comprehensive CCW training courses alongside their full-service indoor shooting facility. They provide 16-hour initial CCW courses for $275 and 8-hour renewal courses for $175, with multiple class dates scheduled throughout the year. In addition to CCW training, they offer a family-friendly environment with various activities including shooting, axe throwing, archery, and firearm simulation games.",success,high,"Clear pricing for CCW courses, good vendor description from website copy, address found, but booking requires phone calls rather than online booking",riverside/risr-club/logo.png,,riverside/risr-club/training_1.jpg,2026-04-13T04:37:12+00:00
riverside,Riverside Sharpshooter,,info@riversidesharpshooter.com,951-386-6676,https://riversidesharpshooter.com,inquiry_only,,CA,,,,,"Riverside Sharpshooter is a firearms training company led by instructor Phillip Ashley, who brings 25 years of law enforcement and 4 years of military experience to his instruction. The company offers Riverside County Sheriff's approved CCW courses that meet California's 16-hour initial and 8-hour renewal requirements, using a state-of-the-art realistic simulator for training scenarios. They also provide beginner courses, advanced training, red dot optics courses, and home defense instruction, with mobile capabilities including a shooting gallery for events and parties.",success,low,Website is under heavy construction with no pricing information available. Contact information suggests inquiry-only booking. Good instructor background and course descriptions found but no operational details like pricing or specific address.,riverside/riversidesharpshooter-com/logo.jpg,,,2026-04-13T04:37:12+00:00
riverside,Route 66 Shooting Sports Park,,training@r66ssp.com,909-880-0093,https://r66ssp.com,,San Bernardino,CA,15810 Cajon Blvd,,,,,success,,,,,,2026-04-13T04:37:12+00:00
riverside,Semper Safe,,info@sempersafe.us,714-328-1473,https://sempersafe.us,inquiry_only,Chino,CA,"16250 Homecoming Drive, Chino, CA 91708",399,299,,"Semper Safe is a Marine Corps veteran-owned firearms training company that provides concealed carry weapons training approved by Orange County Sheriff's Department, Riverside County Sheriff's Department, and Whittier Police Department. They offer professional instruction from certified instructors with military and law enforcement backgrounds, providing classroom training both in-person and via Zoom, with indoor and outdoor range options for live fire qualifications. Their courses include unlimited firearms at no additional charge.",success,high,Clear pricing structure and comprehensive vendor information found. Contact form suggests inquiry-only booking rather than direct online booking.,,riverside/sempersafe-us/instructor_1.jpg|riverside/sempersafe-us/instructor_2.jpg|riverside/sempersafe-us/instructor_3.jpg,,2026-04-13T04:37:12+00:00
riverside,Solutions Group International,,,951-405-7374,https://www.solutionsgroupinternational.com,inquiry_only,Riverside,CA,"1635 Spruce St, Riverside, CA 92507",,,,"Solutions Group International is a specialized security and tactical training company serving law enforcement, military, government, and civilian sectors. They operate an 8,000 sq. ft. Regional Training Center featuring a SMART shooting simulator, emergency medical training facility, and strength & conditioning complex. SGI offers California Concealed Carry (CCW) courses alongside extensive tactical training programs including defensive pistol craft, executive protection, and reality-based scenario training.",success,low,"While CCW courses are listed in their civilian training menu, no specific pricing, course details, or direct booking information was found. Contact form requires inquiry for all services.",riverside/solutionsgroupinternational-com/logo.png,,riverside/solutionsgroupinternational-com/training_1.jpg|riverside/solutionsgroupinternational-com/training_2.jpg|riverside/solutionsgroupinternational-com/training_3.jpg,2026-04-13T04:37:12+00:00
riverside,Special Enforcement,,Instructor9098217881@gmail.com,909-821-7881,https://specialenforcement.com,direct_booking,Riverside,CA,"4199 Flat Rock Rd #100, Riverside, CA 92505",,,,"Special Enforcement is a security training company with roots in law enforcement and military service that offers CCW permits, firearms handling for all levels, guard cards, exposed carry licenses, and various tactical training packages. They provide personalized security solutions and training designed to fit specific needs. The company emphasizes real-world experience and professional service for individuals, families, and businesses seeking practical security solutions.",success,low,"Has clear booking capability and good vendor description, but no pricing information found and no specific address provided despite being located in Riverside, CA",,,,2026-04-13T04:37:12+00:00
riverside,Street Safe Defense Firearms Training Program,,training@streetsafedefense.com,951-465-5613,https://www.streetsafedefense.com,direct_booking,Menifee,CA,"1635 Spruce St Riverside, CA 92507",320,170,,"Street Safe Defense is a veteran-owned firearms training company serving Riverside County, offering CCW permit instruction and firearms safety training across Menifee, Perris, Riverside, and Corona. Their team of DOJ CCW-certified, NRA-certified, and USCCA-certified instructors includes retired and active California law enforcement and military veterans, bringing real-world experience and a commitment to professional, personalized training for all skill levels.",success,high,manual,,,,2026-04-13T04:37:12+00:00
riverside,Ten-8 Tactical Firearms Training,,david@10-8tac.com,800-741-1350,https://10-8tac.com,direct_booking,Chino,CA,"777 W 19th St unit c, Costa Mesa, CA 92627",200,140,,"Ten-8 Tactical Firearms Training is a CA P.O.S.T. certified firearms instructor and DOJ certified CCW instructor offering online CCW training for Orange County and Riverside County. They provide 24/7 online courses with live-fire qualifications at partner ranges, and also offer private/concierge training at locations convenient for students. Their courses are SB2 compliant and approved by Orange County and Riverside County Sheriff's Departments.",success,high,"Clear pricing structure found, direct booking available through 'Book Now' button, comprehensive course information provided",,riverside/10-8tac-com/instructor_1.jpg|riverside/10-8tac-com/instructor_2.jpg|riverside/10-8tac-com/instructor_3.jpg,,2026-04-13T04:37:12+00:00
riverside,5 Arrows Tactical,,dharlow@5arrowstactical.com,909-979-1750,https://5arrowstactical.com,inquiry_only,San Dimas,CA,,,,,"5 Arrows Tactical Training provides comprehensive firearms training for civilians, military, and law enforcement with instructors who are former military and/or law enforcement and NRA certified. They offer a wide range of courses including NRA Certified Courses, Beginning Pistol/Shotgun/Rifle, Self-Defense Pistol (3 levels), Carbine, Shotgun, Long Range Rifle, Multi-State CCW classes (UT, FL, OR, VA, & AZ), and Advanced Medical training. The company emphasizes creating well-rounded students trained in safe environments who remain competent in stressful situations, with training conducted at ranges throughout Southern California and a classroom located in San Dimas.",success,low,No pricing information found on website. Booking appears to be inquiry-only based on 'private lessons available upon request' language. Only partial address available (city/state only). Good vendor description available but missing key data points.,riverside/5arrowstactical-com/logo.png,riverside/5arrowstactical-com/instructor_1.png,,2026-04-13T04:37:12+00:00
riverside,Azone Defense LLC,,training@azonedefense.com,951-350-0407,https://azonedefense.com,unclear,Hemet,CA,,,,,"Azone Defense LLC is a comprehensive firearms training company in Hemet, CA that offers expert instruction from a CA-DOJ certified CCW instructor with multiple NRA and USCCA certifications. They provide a wide range of training programs from beginner to advanced levels, including Riverside County CCW courses (both 16-hour initial and 8-hour renewal), NRA courses, defensive shooting, and specialized programs like low-light shooting and personal protection. The company emphasizes safety-focused training with structured skill progression and offers both in-person and online class options.",success,medium,Found comprehensive course listings including CCW classes but no pricing information or clear booking process. Address not specified on pages provided.,riverside/azonedefense-com/logo.png,riverside/azonedefense-com/instructor_1.png|riverside/azonedefense-com/instructor_2.png|riverside/azonedefense-com/instructor_3.png,riverside/azonedefense-com/training_1.png|riverside/azonedefense-com/training_2.png|riverside/azonedefense-com/training_3.png,2026-04-13T04:37:12+00:00
riverside,CA Outdoors,,support@caoutdoors360.com,909-320-8207,https://caoutdoors360.com,inquiry_only,Fontana,CA,"8145 Cypress Ave Unit N, Fontana, CA 92335",149,149,,"CA Outdoors is a San Bernardino County Sheriff Department and Riverside County Sheriff's Office approved CCW training vendor located in Fontana. They partner with West End Gun Club to provide professional firearms training and offer CCW initial and renewal training at competitive prices. The company is staffed by DOJ, P.O.S.T., BSIS, BCI, and NRA certified firearms training instructors and serves many law enforcement professionals.",success,medium,Found clear pricing at $149 for CCW training but unclear if this applies to both initial and renewal or just one. Address clearly stated. Booking appears to be inquiry-only via email/phone. No separate day pricing or add-a-gun fees found.,riverside/caoutdoors360-com/logo.png,,,2026-04-13T04:37:12+00:00
riverside,Docking Bay 94 Armory,,Dockingbay94armory@gmail.com,657-500-6487,https://dockingbay94armory.com,inquiry_only,Yorba Linda,CA,,,,,"Docking Bay 94 Armory is a firearms training provider in Yorba Linda, CA that offers CCW courses satisfying California state-mandated training for initial CCW applicants in Orange County. They provide comprehensive firearm training including basic firearms courses for handgun, rifle, and shotgun, California FSC courses, and specialized training programs. The company focuses on helping citizens preserve their rights through proper firearms education and training.",success,low,"Website shows course offerings and contact info but lacks specific pricing, detailed booking process, and street address. Only has general course descriptions without costs.",riverside/dockingbay94armory-com/logo.webp,riverside/dockingbay94armory-com/instructor_1.jpg|riverside/dockingbay94armory-com/instructor_2.jpg,,2026-04-13T04:37:12+00:00
riverside,Fortune Firearms,,Brandi@fortunefirearms.com,951-390-6348,https://fortunefirearms.com,direct_booking,Hemet,CA,"43800 Wilson Valley Rd, Hemet, CA 92544",,,,"Fortune Firearms is a firearms dealer and training facility located near Temecula Wine Country that serves both seasoned enthusiasts and newcomers. They offer CCW qualification courses meeting Riverside County Sheriff's Department curriculum standards for both 8-hour renewal and 16-hour initial requirements, along with comprehensive training programs from beginner to advanced levels. The business emphasizes creating an inclusive, educational environment with specialized women-friendly courses taught by experienced female instructors.",success,medium,"Clear booking capability and address found, good vendor description available, but no specific pricing information provided for any courses despite multiple mentions of CCW training offerings",riverside/fortunefirearms-com/logo.png,,,2026-04-13T04:37:12+00:00
riverside,Prevailing Tactics,,Vince@PrevailingTactics.com,909-529-8831,https://prevailingtactics.com,inquiry_only,Upland,CA,"255 W. Foothill Blvd. Suite 201 Upland, CA 91786",,,,"Prevailing Tactics is a tactical firearms training company led by an instructor with over 25 years of experience as a law enforcement officer and executive protection agent. They offer comprehensive 16-hour Initial CCW and 8-hour Renewal CCW Training Courses for both San Bernardino and Riverside Counties, along with beginner firearms safety, personal defense, and corporate group training. Their courses focus on realistic training scenarios that prepare participants for high-pressure situations, emphasizing safety, accuracy, and tactical proficiency.",success,medium,"Clear description and services found, address confirmed, but no pricing information available on website. Contact method provided for inquiries.",riverside/prevailingtactics-com/logo.webp,,,2026-04-13T04:37:12+00:00
riverside,Rising Phoenix Academy,,risingphoenixacademy@myyahoo.com,951-757-2070,https://www.risingphoenixacademy.com,direct_booking,Murrieta,CA,,300,150,,"Rising Phoenix Academy is a premier firearms academy located in Murrieta that provides certified firearms and safety training to individuals, couples, and groups. They offer beginner to advanced firearms instruction, CCW Initial/Renewal Permit acquisition, and private training sessions. The academy also provides full-service FFL support for firearms sales and transfers, along with ammunition and optics sales.",success,high,"Clear pricing found for initial CCW ($300) and renewal ($150), direct booking capability evident, but no specific street address found and no individual day pricing for 16hr course",riverside/risingphoenixacademy-com/logo.jpg,,riverside/risingphoenixacademy-com/training_1.jpg|riverside/risingphoenixacademy-com/training_2.webp|riverside/risingphoenixacademy-com/training_3.webp,2026-04-13T04:37:12+00:00
riverside,ShootSafe Academy,,shootsafe2@outlook.com,909-831-6244,https://www.shootsafeacademy.com,inquiry_only,Beaumont,CA,,,,,"Shootsafe Academy has been providing professional firearms instruction to Orange, Los Angeles, Riverside and San Diego counties for over 13 years. They specialize in CCW certification courses including 16-hour basic and 8-hour renewal programs, BSIS Guard Card certification, and basic pistol training. The academy emphasizes small class sizes for personalized attention and offers customized courses to suit individual learning and scheduling needs.",success,low,"Website provides good vendor description but no pricing information found. Only 'Request Information' buttons available, indicating inquiry-only booking. No specific address listed despite Beaumont location mentioned.",riverside/shootsafeacademy-com/logo.jpg,,,2026-04-13T04:37:12+00:00
riverside,Tap Rack Bang Training,,info@trbtraining.com,949-566-7263,https://trbtraining.com,direct_booking,Fullerton,CA,606 S Raymond Ave,300,300,,"Tap Rack Bang Training is a full-time firearms training company with over 30 combined years of experience training US Marines, law enforcement, and civilians. They offer CCW courses, private training sessions, and advanced pistol and rifle classes designed to develop practical defensive skills. The company emphasizes no-nonsense training focused on real-world application and also provides CCW application assistance through their White Glove service.",success,medium,"Found clear pricing for 16hr CCW course ($300-450 range, took lower) and 8hr renewal ($300). Direct booking available through their class calendar. However, no specific address found despite Fullerton location mentioned, and pricing shows as ranges rather than fixed amounts.",riverside/trbtraining-com/logo.png,riverside/trbtraining-com/instructor_1.jpg,riverside/trbtraining-com/training_1.png|riverside/trbtraining-com/training_2.png|riverside/trbtraining-com/training_3.png,2026-04-13T04:37:12+00:00
riverside,The Beaumont Indoor Shooting Range,,Beaumontrange@yahoo.com,951-845-5757,https://thebeaumontindoorshootingrange.com,unclear,Beaumont,CA,"877 W. 4th Street suite D, Beaumont, CA 92223",325,225,,"The Beaumont Indoor Shooting Range is a family-owned range offering both pistol and rifle lanes, with nine 50' pistol lanes and five 75' rifle lanes accommodating up to 30-06 caliber. They provide CCW classes for Riverside County residents, including first-timer courses conducted over two consecutive Sundays and renewal classes. The facility also offers firearm sales, FSC certification, and serves both civilian and law enforcement customers.",success,medium,Clear pricing found for initial (16hr over 2 days) and renewal courses. Booking capability unclear - mentions online booking for lanes but not specific CCW class booking process. No add-a-gun pricing found.,,riverside/thebeaumontindoorshootingrange-com/instructor_1.jpg|riverside/thebeaumontindoorshootingrange-com/instructor_2.jpg,,2026-04-13T04:37:12+00:00
riverside,The Right 2 CCW,,Tony@TheRight2ccw.com,714-909-0800,https://theright2ccw.com,inquiry_only,Fullerton,CA,,300,175,,"The Right 2 CCW is a firearms training company operated by a retired law enforcement officer with extensive certifications including California P.O.S.T., NRA, USCCA, and county-specific CCW instructor credentials. They provide CCW training across multiple California counties including LA County, Orange County, Riverside, and San Bernardino counties, as well as Arizona and Utah CCW classes. The company emphasizes making firearms safety training a family-friendly experience and offers both group classes and private lessons.",success,medium,"Found clear pricing for 16hr full course and 8hr renewal, and good vendor description from website. Booking appears inquiry-based with 'request class date' and 'click here for schedule' rather than direct booking. No specific address found despite Fullerton location indicated.",riverside/theright2ccw-com/logo.png,,,2026-04-13T04:37:12+00:00
riverside,Unity of Arms,,Unityofarms@gmail.com,951-322-6815,https://www.unityofarms.com,inquiry_only,Banning,CA,,,,,"Unity of Arms is a firearms training company in Banning, CA that offers Riverside County CCW classes and private training sessions. They focus on empowering individuals with the knowledge, skills, and confidence to handle firearms responsibly and safely. The company is dedicated to fostering a culture of respect, accountability, and unity among firearms owners through comprehensive training, education, and advocacy.",success,low,"Website mentions CCW classes and has a discount system via text, but no pricing information, specific course details, or booking system visible. Only basic company mission and safety information provided.",,,,2026-04-13T04:37:12+00:00
riverside,Veteran's Training Group,,info@vettraininggroup.com,626-901-0578,https://www.vtgfirearmstraining.com,direct_booking,Pomona,CA,"525 N Azusa Ave Suite #206, La Puente, CA 91744",,,,"Veterans Training Group is a Southern California firearms training academy serving Los Angeles, Orange County, Riverside, and San Bernardino counties. Led by combat veteran and former Army officer Steven Hung, they offer CCW certification and renewal courses, women-only training programs, and various firearms safety courses. The company specializes in turning responsible gun owners into confident, capable shooters with hands-on training from battle-tested instructors.",success,low,"Multiple 'Book Now' buttons indicate direct booking capability, but no CCW pricing found despite mentioning CCW services. Only found pricing for advanced courses ($150-$225). No specific address provided, only general service areas mentioned.",,riverside/vtgfirearmstraining-com/instructor_2.png,riverside/vtgfirearmstraining-com/training_1.jpg|riverside/vtgfirearmstraining-com/training_2.jpg|riverside/vtgfirearmstraining-com/training_3.jpg,2026-04-13T04:37:12+00:00
riverside,Alpha Tango Operations Group,,client-services@atopsgrp.com,909-248-4590,https://www.atopsgrp.com,direct_booking,,CA,,250,150,,"Alpha Tango Operations Group is a veteran-owned business specializing in training and preparedness for everyone. They offer CCW certification courses, private firearms training, medical training including CPR and Stop the Bleed, and various pistol fundamentals classes. The company focuses on helping students prepare, train, and succeed with their firearms and emergency preparedness goals.",success,medium,"Clear pricing found for initial CCW ($250) and renewal CCW ($150), with direct booking capability. However, no address found and unclear if the courses are 16hr/8hr format or single day structure. Some pricing ambiguity with 'from' pricing on several courses.",,,riverside/atopsgrp-com/training_1.jpeg,2026-04-13T04:37:12+00:00
riverside,ASP Security Training,,,,https://aspfirearmsocal.square.site,,,CA,,,,,,success,low,"Only title/header provided, no actual website content to extract pricing, services, or vendor details",,,,2026-04-13T04:37:12+00:00
riverside,B2B Training,,Back2basicssafety@gmail.com,,https://back-two-basics.com,inquiry_only,Jurupa Valley,CA,"10622 Bellegrave Jurupa Valley, CA 91752",325,325,,"Back Two Basics offers practical, certified CCW training in Riverside County from experienced instructor Ruben Rosas, formerly with the Department of Corrections. They provide comprehensive 16-hour CCW courses for new applicants and renewals, along with NRA-certified instruction and other safety training including CPR and Stop the Bleed. The company emphasizes accessible safety training with competitive pricing and flexible class times in a supportive, no-pressure learning environment.",success,medium,"Found clear pricing for 16hr course and good vendor description, but renewal course appears to also be 16hr (not standard 8hr), and booking requires phone call registration rather than direct online booking",riverside/back-two-basics-com/logo.jpg,riverside/back-two-basics-com/instructor_1.jpg,riverside/back-two-basics-com/training_1.jpg|riverside/back-two-basics-com/training_2.jpg|riverside/back-two-basics-com/training_3.jpg,2026-04-13T04:37:12+00:00
riverside,Defensive Firearms Solutions,,Dfs.2a.training@gmail.com,760-534-3698,https://www.defensivefirearmsolutions.com,unclear,Cathedral City,CA,,,,,"Defensive Firearm Solutions is a firearms training company serving the Coachella Valley that focuses on safety, accuracy, and fundamentals. They provide instruction and resources to help individuals handle firearms responsibly and confidently. The company serves both beginners and experienced shooters looking to master defensive firearm use.",success,low,"Only basic company description found - no pricing, booking information, or specific course details available on the provided content",riverside/defensivefirearmsolutions-com/logo.png,,,2026-04-13T04:37:12+00:00
riverside,Draken Armory,,drakenarmorycolton@outlook.com,909-699-2407,https://drakenarmorycolton.com,unclear,Colton,CA,793 N La Cadena Dr,,,,"Draken Armory Colton is a veteran-owned gun store that opened in November 2022, serving the Inland Empire. Their staff includes NRA and DOJ certified instructors with experience in firearms, training, and medical instruction. They focus on educating customers on safety and medical topics with every interaction and offer special orders and price matching services.",success,low,"Website mentions NRA & DOJ certified instructors but contains no CCW training information, pricing, scheduling, or specific training course details",riverside/drakenarmorycolton-com/logo.png,,riverside/drakenarmorycolton-com/training_1.jpg,2026-04-13T04:37:12+00:00
riverside,Fight or Flight,,sue.fightorflight@gmail.com,760-902-0744,https://www.fight-or-flight.org,inquiry_only,Morongo Valley,CA,"49877 29 Palms Hwy, Morongo Valley, CA 92256",,,,"Fight or Flight is a leading firearms training provider in Morongo Valley, California serving Riverside and San Bernardino County. They are certified vendors for both Riverside and San Bernardino Sheriff's Offices, offering concealed carry certification courses, one-on-one training with certified NRA pistol instructors, and basic firearm safety courses. The company emphasizes situational awareness and developing the mindset needed to make sound decisions under pressure.",success,medium,"Clear vendor description and contact method found, but no pricing information available on website. Booking requires email contact for scheduling.",,,riverside/fight-or-flight-org/training_1.jpg,2026-04-13T04:37:12+00:00
riverside,Focal Point Academy,,courses@amortechinc.com,760-670-9272,https://www.bsistraining.com,direct_booking,Vista,CA,"1717 E Vista Way Suite 201, Vista, CA 92084",,,,"Focal Point Academy is a licensed BSIS firearms training center serving Vista, Murrieta, Temecula and San Diego County. They offer beginner-friendly firearms courses including California CCW permits, security guard training, and firearm safety certification in a supportive, pressure-free environment. The academy emphasizes hands-on training and real-world readiness, with flexible scheduling including on-demand training based on student availability.",success,low,"Website lists CCW courses but no pricing displayed, only pricing shown for basic firearm safety courses ($100-$180). Has registration capability but specific CCW pricing not found.",,,riverside/bsistraining-com/training_1.jpg|riverside/bsistraining-com/training_2.jpg|riverside/bsistraining-com/training_3.webp,2026-04-13T04:37:12+00:00
riverside,"Guns of Distinction, LLC",,,760-340-4866,https://gunsofdistinction.com,inquiry_only,Palm Desert,CA,"73360 Highway 111, Palm Desert, California 92260",,,,"Guns of Distinction is a full-service firearms dealer in Palm Desert staffed by former law enforcement officers. They offer CCW classes alongside firearm sales, transfers, and California compliance services. The store maintains strict safety protocols and provides comprehensive guidance on California firearms regulations and requirements.",success,low,No pricing information found for CCW classes. Only mentions upcoming CCW classes with a registration button but no details on course structure or costs. No booking system visible beyond inquiry.,,,,2026-04-13T04:37:12+00:00
riverside,"Johnnie B. Wood, LLC. Security Training",,woodsjbwjr@gmail.com,760-342-5127,https://www.woodssecuritytraining.com,inquiry_only,Indio,CA,"81880 Dr Carreon Blvd Suite A104, Indio, CA 92201, USA",,,,"Johnnie B Woods Security Training specializes in home/self defense, security guard training and certification, as well as firearm training and certification courses including California CCW classes. Led by a retired law enforcement officer with over 30 years of experience, the facility offers a wide variety of security and protection subjects ranging from private security to executive protection. They are a licensed training facility with the Bureau of Security and Investigative Services of California.",success,low,No CCW course pricing found despite offering CCW classes. Site focuses heavily on security guard training. Contact form requires appointment scheduling but no direct booking capability.,riverside/woodssecuritytraining-com/logo.png,,riverside/woodssecuritytraining-com/training_1.png|riverside/woodssecuritytraining-com/training_2.png|riverside/woodssecuritytraining-com/training_3.png,2026-04-13T04:37:12+00:00
riverside,Nationwide CCW,,info@nationwideccw.com,818-660-6123,https://www.nationwideccw.com,unclear,,CA,6034 Vineland Ave,,,,,success,low,"Only found page header/title content mentioning LAPD/LASD multi-state certifications and enrollment, but no substantial information about services, pricing, or booking process",,,,2026-04-13T04:37:12+00:00
riverside,River Rat Tactical LLC,,riverratblythe@gmail.com,760-464-9516,,,Blyth,CA,,,,,,no_website,,,,,,2026-04-13T04:37:12+00:00
riverside,Taking Flight Firearm Training,,Takingflightfirearms@gmail.com,602-300-1509,https://www.taking-flight-firearms-training.org,inquiry_only,Morongo Valley,CA,,,,,"Taking Flight Firearms Training provides CCW certification courses for both Riverside and San Bernardino counties, operating as a certified vendor for both sheriff's departments. They offer both initial 16-hour and renewal courses, with options for group classes or personalized private instruction. The training takes place at the Hi Desert Rod & Gun Club in scenic Morongo Valley, emphasizing safety, confidence, and real-world application in a supportive learning environment.",success,medium,"Clear description and course offerings found, but no pricing information provided. Booking requires contacting vendor directly for scheduling.",,,riverside/taking-flight-firearms-training-org/training_1.jpg,2026-04-13T04:37:12+00:00
riverside,The Training Center,,,760-200-4867,https://www.trainingrange.com,direct_booking,Palm Desert,CA,"38-698B El Viento Rd, Palm Desert, CA 92211",240,165,,"The Training Center operates three locations in California providing defensive and tactical firearms instruction along with shooting ranges. They offer comprehensive CCW training including 16-hour initial courses and 8-hour renewal classes, as well as specialized courses in handgun basics, tactical pistol, shotgun training, and trauma response. The company is positioned adjacent to Turner's Outdoorsman locations and provides both individual gun qualifications and multi-gun certification services.",success,medium,"Clear pricing for 16hr full course ($240) and 8hr renewal ($165), with direct booking capability. However, no breakdown of day-by-day pricing for 16hr course, and unclear on add-a-gun pricing despite qualification services being offered.",riverside/trainingrange-com/logo.png,,riverside/trainingrange-com/training_1.jpg|riverside/trainingrange-com/training_2.jpg|riverside/trainingrange-com/training_3.jpg,2026-04-13T04:37:12+00:00
riverside,Willis Home Defense,,Laurawillis@verizon.net,760-391-3978,https://willishomedefense.com,inquiry_only,La Quinta,CA,,,,,"Willis Home Defense is a certified firearms instructor offering training from beginners to advanced levels. They provide the legal required 16-hour CCW course for Riverside County and 8-hour renewal training for both Riverside and San Bernardino Counties. The company also offers specialized training including BSIS firearms certification, private lessons, shotgun training, and ladies-only courses.",success,low,No specific pricing found except for $75 Quick Shoot sessions. Mentions that training times and costs have changed significantly due to California SB2 but doesn't provide current pricing. Booking appears to require contacting them directly.,,,riverside/willishomedefense-com/training_1.jpg,2026-04-13T04:37:12+00:00
san-benito,831 Shooter,David Wasson,831shooter@a3.net,831-265-7505,https://www.831shooter.com/,,Hollister,CA,,,,,,success,,,,,,2026-04-14T20:40:57+00:00
san-benito,Alliance Security Training Institute,Everett Fitzgerald,alliancesectraining@yahoo.com,831-883-3307,,,Hollister,CA,"338 3rd St, Hollister, CA 95023",,,,,no_website,,,,,,2026-04-13T04:37:12+00:00
san-benito,Firearms Training Institute,Steve Tremper,STIservices@comcast.net,831-402-1499,https://www.xipro.net,,Salinas,CA,,,,,,failed,,,,,,2026-04-13T04:37:12+00:00
san-benito,Tremper Tactical,David G. Matthews,,408-506-1884,,,San Jose,CA,,,,,,no_website,,,,,,2026-04-13T04:37:12+00:00
san-benito,Azevedo Firearms,Dan Azevedo,Azevedofirearms@sbcglobal.net,530-518-9210,,,Briggs,CA,,,,,,no_website,,,,,,2026-04-13T04:37:12+00:00
san-benito,J&K Firearms Training,Kriss Costa,workinclassranch@yahoo.com,831-801-5427,,,,CA,,,,,,no_website,,,,,,2026-04-13T04:37:12+00:00
san-benito,Bay Area Tactical Group (BAT Tactical),,batinstructors@gmail.com,415-568-6803,https://www.battactical.com,direct_booking,San Carlos,CA,"827 Cherry Ln, San Carlos, CA 94070",400,200,,"Bay Area Tactical Group (BAT Tactical) is the premier destination for tactical and firearms training in the Bay Area, offering courses for all skill levels from basic handgun training to advanced tactics. Their expert instructors provide education in a safe and supportive learning environment, with programs ranging from CCW courses to precision long-range training. The company operates multiple ranges and locations, including a private ranch range, and prioritizes safety while helping students become skilled and responsible gun owners.",success,medium,"Found clear pricing for CCW courses and good vendor description, but missing specific address and individual day pricing for 16hr course. Website shows 'Shop Now' buttons suggesting direct booking capability.",,,san-benito/battactical-com/training_1.png|san-benito/battactical-com/training_2.png|san-benito/battactical-com/training_3.png,2026-04-13T04:37:12+00:00
san-benito,NorCal MedTac,Brannon Schell; Bob Rodd,,831-970-0440,,,Scotts Valley,CA,"3107 Scotts Valley Dr #10, Scotts Valley, CA 95066",,,,,no_website,,,,,,2026-04-13T04:37:12+00:00
san-benito,Concealed Coalition,,training@concealedcoalition.com,800-805-2238,https://www.concealedcoalition.com,direct_booking,,CA,,,,,"Concealed Coalition is a nationwide provider of concealed carry permit training offering both online and local in-person classes. They have trained over 1,000,000 students through their network of certified instructors and maintain partnerships with national brands for classroom locations and gun ranges. The company focuses on delivering engaging, experiential learning through scenario-based training designed to build confidence and preparedness for responsible firearm ownership.",success,medium,"Clear booking capability and good description content found, but no pricing information or specific address available. Shows 2-day course schedules across multiple California locations but lacks pricing details.",,san-benito/concealedcoalition-com/instructor_1.jpg|san-benito/concealedcoalition-com/instructor_2.jpg|san-benito/concealedcoalition-com/instructor_3.jpg,san-benito/concealedcoalition-com/training_1.jpg,2026-04-13T04:37:12+00:00
san-benito,D.B. Firearms Training,Dennis Bushnell,dennis_bushnell@a3.net,559-294-0976,,,,CA,,,,,,no_website,,,,,,2026-04-13T04:37:12+00:00
san-benito,6th Nation Gun Club,Dana Hanson,dana@hansontc.com,831-801-1996,https://6thnationgunclub.com/,inquiry_only,,CA,,350,200,50,"6th Nation Gun Club is owned by Dane and Dana Hanson, who collectively bring over 17 years of experience in defensive shooting with 8 years dedicated to teaching. They are NRA certified in pistol, rifle, shotgun, PPIH, and PPOH, as well as DOJ certified CCW instructors. Classes are held at their exclusive outdoor shooting range located 45 minutes southeast of Hollister, CA, accessible only by membership or through their classes.",success,high,Clear pricing found for main CCW courses and modifications. Booking requires calling to register. Location is general (45 min SE of Hollister) but no specific address provided.,san-benito/6thnationgunclub-com/logo.png,,san-benito/6thnationgunclub-com/training_1.png,2026-04-14T20:40:57+00:00
san-benito,Northern Firearms Instruction,Ted Lidie,ted@reddingccw.com,530-776-4855,,,Redding,CA,"11091 Rhyolite Dr #1, Redding, CA 96003",,,,,no_website,,,,,,2026-04-13T04:37:12+00:00
san-benito,Del Valle Gunsmithing,Ray Parga; Joey Parga,ray@delvallegunsmithing.com,831-384-1911,,,Marina,CA,224 Reindollar Ave,,,,,no_website,,,,,,2026-04-13T04:37:12+00:00
san-benito,Bay Area Firearms,Scott Jackson,bayareafirearms@gmail.com,,https://bayareafirearms.com/,direct_booking,Burlingame,CA,"390 Lang Road
Burlingame, CA. 94010",340,,,"Founded in 2002, Bay Area Firearms Training Group is an NRA and multi-agency certified firearms training organization serving the Bay Area, authorized to teach California CCW courses in San Benito, Alameda, Santa Clara, Santa Cruz, and Placer Counties. They offer a wide range of training for pistols, rifles, and shotguns for all skill levels, with courses available 7 days a week at top Bay Area ranges. With over 20 years of experience, their instructors are committed to promoting responsible firearm ownership, safety, and marksmanship — with Mandarin-speaking instructors also available.",success,high,manual,,,,2026-04-14T20:40:57+00:00
san-benito,Crossed Star Firearms,Morgan Dant,crossedstarfirearms@yahoo.com,530-790-5187,https://www.crossedstarfirearms.com/,inquiry_only,Marysville,CA,"12501 Loma Rica Rd, Marysville, CA 95901",300,175,,"Crossed Star Firearms is a Northern California firearms instructor offering CCW classes and training for all levels of shooters. They provide 16-hour initial CCW courses, 8-hour renewals, multi-state CCW training, and various pistol instruction classes. Classes are approved for residents of multiple Northern California counties including Butte, Contra Costa, Glenn, Lassen, Modoc, Nevada, Placer, Plumas, Sacramento, San Benito, Sutter, Tehama, Trinity, Yuba, and Yolo counties.",success,medium,"Clear pricing found for main courses, but no specific address listed and booking appears to require contacting them rather than direct online booking",san-benito/crossedstarfirearms-com/logo.png,san-benito/crossedstarfirearms-com/instructor_1.png|san-benito/crossedstarfirearms-com/instructor_2.png,,2026-04-14T20:40:57+00:00
san-benito,Kysmet Services,Esteban Garcia; Ana Perez,Kysmetservices@gmail.com,831-998-0478,https://www.kysmetservices.com/contact/,inquiry_only,Salinas,CA,"919 N Main St, Salinas, CA 93906",,,,"KYSMET Services provides comprehensive CCW courses for both new applicants and recertification in Monterey and San Benito counties. Their team consists of approved instructors who deliver quality education aligned with local regulations, covering firearms education, shooting fundamentals, and California and federal laws. Located inside 10-8 Uniforms in Salinas, they also offer Firearms Safety Certificate testing required for firearm purchases in California.",success,low,"Found clear vendor description and address, but no pricing information available for any courses. Contact information provided but no direct booking system evident - appears to require phone/email contact.",san-benito/kysmetservices-com/logo.webp,,,2026-04-14T20:40:57+00:00
san-benito,Hard Focus Firearms Training,Matthew Haywood,,209-564-0332,https://www.hardfocustraining.com,unclear,,CA,,,150,,"Hard Focus Firearms Training is dedicated to providing the best, most effective techniques in defensive shooting to protect yourself and loved ones. They pride themselves on going above and beyond minimum standards by providing the best experience and safest environment for their students. The company offers CCW certification in Merced, Madera, Fresno, Tulare, San Benito, Tuolumne and Stanislaus counties.",success,medium,Found clear pricing for 8hr renewal ($150) and good vendor description. Website mentions training calendar and booking but no clear direct booking mechanism visible. Missing pricing for 16hr initial course and address information.,,san-benito/hardfocustraining-com/instructor_1.jpg|san-benito/hardfocustraining-com/instructor_2.jpg|san-benito/hardfocustraining-com/instructor_3.jpg,,2026-04-13T04:37:12+00:00
san-benito,Maestri Shooting Sports,Mike Maestri,maestriss@yahoo.com,831-970-1943,,,,CA,,,,,,no_website,,,,,,2026-04-13T04:37:12+00:00
san-benito,Saber Tactics,Ephriam Cheever; Nicholas Suslow,,650-276-0009,https://sabertactics.com,direct_booking,Foster City,CA,"1455 Beach Park Blvd, Foster City, CA 94404",,,,"Saber Tactics provides premier firearms and defensive protection training in the San Francisco Bay Area. Led by instructors with extensive law enforcement experience, including former San Francisco Police SWAT Team members, they offer specialized courses for both law enforcement and civilians. The company focuses on practical skills development including concealed carry tactics, defensive shooting, and personal protection training.",success,medium,"Found clear business description and booking capability, but no CCW permit training pricing or specific address. The site primarily focuses on law enforcement training with limited civilian CCW information visible.",san-benito/sabertactics-com/logo.png,,,2026-04-13T04:37:12+00:00
san-benito,AAO,Bryan Kinney,,707-400-3677,https://aao-co.com,direct_booking,,CA,,350,175,75,"AAO offers certified California CCW courses throughout the Bay Area with both in-person and online options. Their team includes DOJ certified instructors with extensive law enforcement backgrounds, including former CHP officers and tactical team operators. They provide comprehensive CCW training with a personalized approach, serving multiple counties including Sonoma, Marin, Sacramento, and San Francisco areas.",success,high,"Clear pricing found for most services, direct online booking available, comprehensive instructor credentials provided. No specific address found but serves Bay Area broadly.",,san-benito/aao-co-com/instructor_1.jpg|san-benito/aao-co-com/instructor_2.jpg,san-benito/aao-co-com/training_1.jpg|san-benito/aao-co-com/training_2.jpg|san-benito/aao-co-com/training_3.jpg,2026-04-13T04:37:12+00:00
san-benito,ASP Security Tactics,,info@alertsecurityandpatrol.com,(800) 279-1780,https://aspfirearms.com,direct_booking,Petaluma,CA,"2450 Alvin Ave, San Jose, CA, United States, 95126",412,168,,"ASP Firearms Training offers a diverse and highly experienced team of instructors covering a wide range of backgrounds including competitive shooting, law enforcement, military, and civilian self-defense. The team includes a 25-year CA P.O.S.T. certified firearms instructor and retired correctional officer, a Marine Corps armorer and expert-qualified shooter, a DOJ CCW-certified and NRA-certified instructor, and a certified NRA Law Enforcement Firearms Instructor, among others. Together they offer CCW permit instruction, basic through advanced firearms training, and a welcoming environment for students of all ages and experience levels — from Boy Scouts to senior citizens.",success,high,manual,,,,2026-04-13T04:37:12+00:00
san-benito,Executech Inc.,Leslie Garcia,,408-966-0136,https://www.executechinc.com,inquiry_only,Gilroy,CA,"777 1st Street Suite #180, Gilroy, CA 95020",,,,"Executech Security Solutions is a California-based security corporation headquartered in the San Francisco Bay Area that specializes in investigative and protective solutions. They offer CCW training for Santa Clara, San Benito, and Santa Cruz counties, along with BSIS exposed firearms certification and LEOSA HR218 recertification. The company is staffed by security and investigative professionals with extensive backgrounds in law enforcement, executive protection, corporate security and military operations.",success,low,No specific pricing found for CCW courses. Only mentions '16 hours CCW Training' and 'Firearm Add On / Recertification' but requires calling for schedule and pricing information. Contact method is phone/text only.,,,,2026-04-13T04:37:12+00:00
san-benito,California CCW Courses,,,,https://californiaccwcourses.com,direct_booking,,CA,,199,100,,"California CCW Courses provides online CCW training for both California residents and non-residents seeking concealed carry permits. They offer DOJ-compliant 16-hour initial courses and 8-hour renewal courses entirely online, along with guidance on the application process and live-fire qualification requirements. The company specializes in helping students navigate California's CCW permit process from application through certification.",success,high,Clear pricing found for full 16hr course ($199) and 8hr renewal ($100). Strong vendor description available from website content. Direct booking capability evident through sign-up forms. No address or individual day pricing found.,san-benito/californiaccwcourses-com/logo.jpg,,san-benito/californiaccwcourses-com/training_1.png,2026-04-13T04:37:12+00:00
san-benito,Grover Group,,anoop@grovergroup.biz,510-516-1431,https://ggccw.biz,inquiry_only,San Jose,CA,,450,300,,"Grover Group Training is a California-approved DOJ SB2 CCW curriculum provider led by certified instructors holding credentials from the California Department of Justice, NRA, USCCA, and California POST. They offer hybrid delivery with virtual instructor-led lectures combined with live-fire qualification, and are trusted by over 30 sheriff's offices and police departments across Northern California. The company also provides firearms transfers as a licensed FFL01 dealer and offers law enforcement training as a POST-certified instructor.",success,high,Clear pricing found for 16hr full course and 8hr renewal. Mentions requalification/permit modification for $100 but this appears to be for adding firearms to existing permits rather than the standard add-a-gun fee. No specific address found though they're located in San Jose.,san-benito/ggccw-biz/logo.png,,san-benito/ggccw-biz/training_1.jpeg|san-benito/ggccw-biz/training_2.jpg,2026-04-13T04:37:12+00:00
san-benito,Safe Firearms Education LLC,Bertrand B. Blanc,bertrand.blanc@SafeFirearmsEducation.com,408-384-8598,https://www.safefirearmseducation.com,unclear,San Jose,CA,,,,,,success,low,"Website only contains a redirect link to another domain - no actual content about the business, services, or pricing was found",,,,2026-04-13T04:37:12+00:00
san-benito,McGrew & Associates Inc.,Jonathan Chavoor,john@mcgrewpi.com,408-647-4567,https://mcgrewpi.com,direct_booking,Santa Clara,CA,"275 Saratoga Ave STE 104, Santa Clara, CA 95050",,,25,"McGrew & Associates, Inc. is a highly qualified investigative and security consulting firm located in San Jose, CA, with over 100 years of combined experience in law enforcement, security and investigative services. They are the Bay Area's #1 BSIS Licensed Security Officer Training Facility for 9 years running and 2016 Outstanding Community Educator Award Winner. The company specializes in Guard Card training, firearm training, and other security certifications, offering comprehensive packages and the ability to complete entire Guard Card processes in a single day.",success,low,"This appears to be a security guard training facility, not a CCW/concealed carry training vendor. While they offer BSIS Exposed Firearm Training for security officers, no CCW-specific courses or pricing were found. Only found additional caliber fee of $25 for firearm training.",,,,2026-04-14T20:40:57+00:00
san-benito,Pistol Squad LLC,Thomas (Tom) Damsen,pistolsquadllc@gmail.com,831-750-8087,,,Capitola,CA,,,,,,no_website,,,,,,2026-04-13T04:37:12+00:00
san-benito,Kuma Tactical Group,Ruben Valles,kumatacticalgroup@gmail.com,707-583-9027,,,San Francisco,CA,,,,,,no_website,,,,,,2026-04-13T04:37:12+00:00
san-benito,U.S. Lawshield,Todd Cotta,,877-448-6839,https://educate.uslawshield.com,direct_booking,,CA,,,199,,"U.S. LawShield Academy is a comprehensive online learning platform offering state-specific concealed carry courses and firearms education. They provide self-paced courses taken from any device, with prices ranging from $74.99 for most state CCW courses to $249.99 for California. The company also offers instructor certification programs and specializes in legal education for self-defense law.",success,medium,"Clear online booking and pricing for various state courses, but this is primarily an online education platform rather than traditional in-person CCW training. Used California renewal price ($199.99) for 8hr_renewal and rounded typical state course price ($74.99) to $75 for 8hr_initial.",san-benito/educate-uslawshield-com/logo.png,san-benito/educate-uslawshield-com/instructor_1.jpg,san-benito/educate-uslawshield-com/training_1.jpg|san-benito/educate-uslawshield-com/training_2.jpg|san-benito/educate-uslawshield-com/training_3.jpg,2026-04-13T04:37:12+00:00
san-benito,Eclipse Firearms Training LLC,,Eclipsefnt@gmail.com,209-710-8554,,,Los Banos,CA,,,,,,no_website,,,,,,2026-04-13T04:37:12+00:00
san-joaquin,Bay Area Tactical (BAT),Tracy,batnett.orders@gmail.com,(415) 568-6803,https://www.battactical.com,direct_booking,,CA,"7601 Eleventh St, Tracy, CA 95304",400,200,,"Bay Area Tactical Group (BAT) is the premier destination for tactical and firearms training in the Bay Area, led by certified and experienced instructors. They offer a comprehensive range of courses from basic handgun and rifle training to advanced tactics and defensive strategies for all skill levels. BAT operates a beautiful ranch range with multiple private and public ranges available, prioritizing safety while creating a supportive learning environment where students can gain confidence and hone their skills.",success,medium,"Clear pricing found for 16hr full course and 8hr renewal, vendor description available, but no specific address found and 16hr course pricing not broken down by day. Booking capability appears direct based on 'Shop Now' buttons and course listings with prices.",,,san-joaquin/battactical-com/training_1.png|san-joaquin/battactical-com/training_2.png|san-joaquin/battactical-com/training_3.png,2026-04-13T19:36:25+00:00
san-joaquin,C & World LLC,Charles Boyd,info@cxsworld.net,(209) 505-6815,https://www.cxsworld.net,,,CA,,,,,,failed,,,,,,2026-04-13T19:36:25+00:00
san-joaquin,Concealed Coalition,Terry Schutt & Donald Wheaton,schuettingen@concealedcoalition.com,(800) 805-2238,https://www.concealedcoalition.com,direct_booking,Linden,CA,828 S Hewitt Rd,,,,"Concealed Coalition is a nationwide online authority for concealed carry permit training that combines next-generation digital learning with hands-on education experiences. They offer both online video courses and in-person training through a network of certified instructors and classroom location partnerships with national brands. The company has trained over 1 million people and provides multi-state certified concealed carry courses designed to change perceptions about firearms through emotional, entertaining, and informative training experiences.",success,low,"Found clear vendor description and direct booking capability through 'Register' buttons, but no pricing information visible and no specific address for Linden Gun Range location despite classes being listed there",,san-joaquin/concealedcoalition-com/instructor_1.jpg|san-joaquin/concealedcoalition-com/instructor_2.jpg|san-joaquin/concealedcoalition-com/instructor_3.jpg,san-joaquin/concealedcoalition-com/training_1.jpg,2026-04-13T19:36:25+00:00
san-joaquin,Defensive Accuracy Firearms Training,Larry Zeinke & Larry Deacon,benhike@daccw.com,(209) 931-6523 (209) 603-5771,https://www.daccw.com,inquiry_only,Linden,CA,"828 S Hewitt Rd, Linden, CA 95236",,,60,"Defensive Accuracy Firearms Training provides California CCW instruction and training services in the Bay Area and Central California region. They offer initial CCW courses, renewals, modifications, private classes, and LEOSA qualifications. The company also provides NRA instructor training courses including rifle, pistol, and personal protection programs.",success,low,Website shows navigation items for CCW services but no specific pricing for initial or renewal courses. Only clear price is $60 for CCW modifications (likely add-a-gun). Contact required via phone for most services.,san-joaquin/daccw-com/logo.png,,,2026-04-13T19:36:25+00:00
san-joaquin,Defensive Weapons School,Dan Souza,Defensive_Weapons_School@yahoo.com,(925) 548-0430,https://www.defensiveweaponsschool.org,direct_booking,Linden,CA,,,,,"Defensive Weapons School is operated by Dan Souza, who has been instructing firearms safety, marksmanship and responsible tactics since 2005. The school holds multiple NRA certifications including Training Counselor, Pistol, Rifle, PPOH, PPIH, CRSO, and RTBV, as well as UTAH CCW and CA CCW certifications for multiple counties including Tuolumne, Calaveras, San Joaquin, and Fresno.",success,low,"Website has booking capability and instructor credentials but no pricing information, course details, or address found",,,,2026-04-13T19:36:25+00:00
san-joaquin,Elite Armory Plus,Gene Castillo & Ronnie Hulst,tracyinfo@elitearmory.com,(209) 382-2010,https://www.elitearmory.com,inquiry_only,Tracy,CA,7601 Eleventh St,,,,"Elite Armory offers online CCW courses including 16-hour initial and 8-hour renewal courses that allow students to go at their own pace according to their schedule. Upon completion of the online portion, students take the live fire test at their range in Tracy, CA. They also provide custom AR-15 builds, Glock armorer services, and firearm maintenance.",success,low,Found course offerings and general business description but no specific pricing information or clear booking process. Only mentions a CCW course info page but content not provided.,san-joaquin/elitearmory-com/logo.png,,,2026-04-13T19:36:25+00:00
san-joaquin,Expert Firearms Training LLC,Roy Bryson,Roy@expertfirearmstraining.com,(925) 550-2780,https://www.goxswat.com,,Tracy,CA,,,,,,failed,,,,,,2026-04-13T19:36:25+00:00
san-joaquin,First Priority Security Consultant,Keith Brown,keithbrown@fps-inc.com,(510) 736-4333,https://www.fps-inc.com,,Ripon,CA,,,,,,failed,,,,,,2026-04-13T19:36:25+00:00
san-joaquin,First Response Firearms & Tactical Trg,Duncan Ramirez Carlos Tixco,rangeproof@concentra.net,(209) 825-8016,https://www.firstresponsefirearms.com,,Linden,CA,"828 S Hewitt Rd, Linden, CA 95236",,,,,failed,,,,,,2026-04-13T19:36:25+00:00
san-joaquin,Gover Group,Ancop Grover,ghopaggovergroup.biz,(510) 676-5076,https://gscov.biz,,,CA,,,,,,failed,,,,,,2026-04-13T19:36:25+00:00
san-joaquin,Hammerhead Institute of Training,Manor Strouchenter,traininghammerheadprotection.com,(209) 227-6566,https://www.hammerheadprotection.com,inquiry_only,,CA,,250,,,"Hammerhead Institute of Training is a BSIS-approved training facility based in Stockton, CA that offers comprehensive CCW training and security guard certification courses. They provide a 16-hour CCW course for $250 that requires students to already have CCW application approval from their local Sheriff's office before taking the class. The facility operates with multiple BSIS certifications including firearm and baton training facility licenses.",success,medium,"Found clear CCW pricing and course details, but no separate day pricing or renewal courses. Booking appears to be inquiry-only based on contact form setup. No specific address found beyond 'Stockton, CA' and 'Linden Gun Range' location reference.",san-joaquin/hammerheadprotection-com/logo.png,,,2026-04-13T19:36:25+00:00
san-joaquin,KW Defense,Chuck Fields,CHUCKS@KWDEFENSE.com,(209) 481-4111 (770) 919-4567,https://www.kwdefense.com,direct_booking,Stockton,CA,"1640 N Broadway Ave
Stockton, CA 95205",325,195,,"KW Defense offers comprehensive 16-hour CCW permit instruction approved for Stanislaus, Calaveras, Fresno, Kings, Madera, Merced, Sacramento, San Joaquin, Solano, Stockton, and Tulare Counties, with all training and range qualification conducted at their own KW Defense Shooting Range. Led by Chuck Fields, KW Defense welcomes shooters of all experience levels, covering firearm purchase, storage, transportation, marksmanship, manipulation, and personal protection — making it a great choice even for those in areas that do not issue CCW permits but are serious about responsible self-defense training.",success,high,manual,,,,2026-04-13T19:36:25+00:00
san-joaquin,Legionarius Firearms Institute,Wesley Legiontrustno,wesley@lifiguns.com,(209) 401-9907,https://www.lifiguns.com,,,CA,,,,,,failed,,,,,,2026-04-13T19:36:25+00:00
san-joaquin,Linden Gun Range,Glenn Jaspesoy,geardonealindengunrange.com,(209) 887-3181,https://www.lindengunrange.com,inquiry_only,,CA,828 S Hewitt Rd,,,,"Linden Gun Range is a public outdoor shooting facility in San Joaquin County featuring pistol and rifle ranges from 7.5 to 200 yards. They offer the LGR Academy for certified firearms training and operate with minimal wait times in a clean, safety-focused environment. The facility also features competitive shooting through the Linden Competitive Shooting Club with monthly USPSA-style competitions.",success,low,"No pricing information found for CCW training courses, no specific address, and limited details about actual training programs beyond general mentions of LGR Academy",,,san-joaquin/lindengunrange-com/training_2.jpg,2026-04-13T19:36:25+00:00
san-joaquin,Mid-Cal Security,James Wong & Tim Lee,jbooth56@yahoo.com,(209) 403-0186,,,Manteca Sportsman,CA,,,,,,no_website,,,,,,2026-04-13T04:37:12+00:00
san-joaquin,NIF - Northern Firearms Instruction,John Lewis,jlewis@stdgupro.com,(253) 906-3715,https://www.ccwinti0cxw.com,,,CA,,,,,,failed,,,,,,2026-04-13T19:36:25+00:00
san-joaquin,Red Dot Self Defense,Cherle Simase-Grover,reddotselfdefense@gmail.com,(209) 787-0121,,,,CA,,,,,,parse_error,,,,,,2026-04-13T19:36:25+00:00
san-joaquin,Ripon Technical Solutions,Joe Francesolo,info@ripontech.com,(209) 597-8656,https://www.ripontech.com,,Ripon,CA,"521 N Wilma Ave Ste A, Ripon, CA 95366",,,,,failed,,,,,,2026-04-13T19:36:25+00:00
san-joaquin,Rosargarten Security Training,Marcello Rosargarten; Richard Centhu,rosargarten@firearm.com,(209) 610-1425,https://www.rosargentfirearm.com,,,CA,,,,,,failed,,,,,,2026-04-13T19:36:25+00:00
san-joaquin,Sober Tactics,Nick Sushow; Ephram Chester,training@sobertactics.com,(650) 276-0009,https://www.sobertactics.com,,,CA,,,,,,failed,,,,,,2026-04-13T19:36:25+00:00
san-joaquin,Silvercreek Security Academy,Conrad Levoit,Conrad@scstacgov.com,(209) 456-0607,https://www.scstacgov.com,,Tracy,CA,"241 10th St Ste. A, Tracy, CA 95376",,,,,failed,,,,,,2026-04-13T19:36:25+00:00
san-joaquin,Spartan Defense,Fidel Taylor,FidelForintheSparton.com,(209) 900-5200,https://www.forinthesparton.com,,Linden,CA,"828 S Hewitt Rd, Linden, CA 95236",,,,,failed,,,,,,2026-04-13T19:36:25+00:00
san-joaquin,Straightline Defense LLC,Marshall Jones,straightlinedefense209@gmail.com,(209) 252-5396,https://no website,,Manteca Sportsmans Club,CA,,,,,,no_website,,,,,,2026-04-14T20:40:57+00:00
san-joaquin,Valley Defensive Solutions,Marvin Domingo; Morory Cross,training@valleydefensivesolutions.com,(209) 518-5054,https://www.valleydefensivesolutions.com,direct_booking,,CA,,270,150,,"Valley Defensive Solutions offers California CCW training courses for residents in Sacramento, San Joaquin, Placer, Contra Costa, and Santa Clara counties. They provide CCW initial courses, renewals, BSIS renewals, and Basic Pistol courses designed to meet the needs of shooters at every level of experience. The company focuses on teaching firearm safety, proficiency, and responsible gun ownership to increase confidence and competence.",success,medium,"Found clear pricing for initial course and renewals, and has registration capability, but no specific address found and pricing structure doesn't clearly separate into day 1/day 2 components",san-joaquin/valleydefensivesolutions-com/logo.png,san-joaquin/valleydefensivesolutions-com/instructor_1.jpg,san-joaquin/valleydefensivesolutions-com/training_1.png|san-joaquin/valleydefensivesolutions-com/training_2.png|san-joaquin/valleydefensivesolutions-com/training_3.png,2026-04-13T19:36:25+00:00
san-joaquin,Weapons Training School,Stephanie Miller,weaponsconstrungschool@gmail.com,(209) 532-6677,https://www.weaponsconstruiningschool.com,,,CA,,,,,,failed,,,,,,2026-04-13T19:36:25+00:00
san-joaquin,Called 2 Arms Gun Range,Jerry Stenner,Snte2@aol.com,(209) 575-4867,https://www.called2armsgunrange.com,,Modesto,CA,,,,,,success,low,"Only business name available, no substantive website content, pricing, services, or contact information found",,,,2026-04-13T19:36:25+00:00
san-joaquin,Elite Armory,Gabe Castillos; Robert Jodme,troyruinfo@elitearmory.com,(209) 582-2010,https://www.elitearmory.com,inquiry_only,,CA,,,,,"Elite Armory offers online CCW courses including 16-hour initial and 8-hour renewal courses that students can complete at their own pace. They provide custom AR-15 builds, Glock armorer services, and firearm maintenance including scope mounting and sight alignment. The company carries premium gun brands and accessories with a focus on guiding customers in their firearm choices.",success,low,"Found course offerings and services but no pricing information, specific address, or direct booking system - only mentions going to course info page",san-joaquin/elitearmory-com/logo.png,,,2026-04-13T19:36:25+00:00
san-joaquin,California Online CCW,Jacob Frazier; Jacob Biemjörn,californiaonlineccw@gmail.com,(559) 294-3400,https://www.californiaonlineccw.com/nonresident,inquiry_only,Clovis,CA,"1173 Dayton Ave, Clovis, CA 93612",,,,"California Online CCW specializes in providing 16-hour online CCW courses for non-residents seeking to carry while visiting California. The company has been providing California-approved courses since 2020 and offers 24/7 online access for convenience. Their course is currently accepted by 15 California counties and agencies, with students completing live-fire qualifications through the issuing agency.",success,medium,"Clear description and address found, but no pricing information visible on the website content provided. Booking capability appears to be inquiry-only based on contact information provided.",san-joaquin/californiaonlineccw-com/logo.jpg,,,2026-04-13T19:36:25+00:00
san-luis-obispo,Advantage Personal Defense & Tactics,Ian McKnight,selfdefensedynamics@gmail.com,,https://selfdefensedynamics.com,inquiry_only,,CA,,100,75,,"Advantage Personal Defense & Tactics has been providing CCW training in San Luis Obispo County since 2006, founded to address inadequate preparation of concealed carry permitees. The company has expanded to offer firearms training to law enforcement agencies and Alan Hancock College Police Academy, while also providing civilian training for pepper spray, BYRNA projectile launchers, tasers, and self-defense tactics. They offer complimentary certification for retired law enforcement officers per HR 218.",success,medium,"Clear pricing and some description found, but no specific address and booking requires email contact rather than direct booking system",san-luis-obispo/selfdefensedynamics-com/logo.jpg,san-luis-obispo/selfdefensedynamics-com/instructor_1.png|san-luis-obispo/selfdefensedynamics-com/instructor_2.png,,2026-04-13T04:37:12+00:00
san-luis-obispo,Gryphon Gun Works,Jacob Zalusky,uncle.eds.outfitters@gmail.com,(805) 461-5777,https://atascaderogunshop.com,inquiry_only,Atascadero,CA,"8681 El Camino Real, Atascadero, CA",,,,"Gryphon Gun Works operates through Uncle Ed's Outfitters in Atascadero, serving as a selected CCW training provider for SLO County. They offer firearms training classes and work in partnership with other training organizations like Primal Response Training. The vendor provides comprehensive firearms education from basic ownership training to CCW certification courses.",success,low,"Website mentions CCW classes and being selected as SLO County CCW training provider, but no specific pricing information found. Registration requires visiting store or calling, indicating inquiry-only booking. Limited specific details about course structure or pricing.",,,san-luis-obispo/atascaderogunshop-com/training_1.jpg|san-luis-obispo/atascaderogunshop-com/training_2.jpg|san-luis-obispo/atascaderogunshop-com/training_3.jpg,2026-04-13T04:37:12+00:00
san-luis-obispo,Peacekeeper Specialized Training Institute,,ehsueh@peacekeepersecurity.com,(820) 823-0386,https://peacekeepersecurity.com,inquiry_only,Solvang,CA,"606 Alamo Pintado Rd, Solvang, CA 93463",,,,"Peacekeeper Specialized Training Institute is a California CCW training facility run by retired law enforcement officers with decades of experience. They offer a two-part 16-hour initial CCW course with online classroom components and in-person live-fire training, plus 8-hour renewal courses. The training includes use of a Lasershot Force Options Simulator and follows the 'Keep it Simple and Safe' principle, designed specifically for regular law-abiding citizens rather than intimidating tactical training.",success,medium,"Found clear pricing for Part-1 ($150) but Part-2 has multiple variable pricing options. Renewal course pricing is split across parts with different options. No specific address found, only general Solvang location. Booking appears to require contact for scheduling.",san-luis-obispo/peacekeepersecurity-com/logo.jpg,san-luis-obispo/peacekeepersecurity-com/instructor_1.jpg|san-luis-obispo/peacekeepersecurity-com/instructor_2.jpg|san-luis-obispo/peacekeepersecurity-com/instructor_3.jpg,,2026-04-13T04:37:12+00:00
san-luis-obispo,Range Master,,john@rangemastertacticalgear.com,(805) 545-0322,https://www.rangemastertacticalgear.com/,,San Luis Obispo,CA,11 Higuera St,,,,,failed,,,,,,2026-04-14T20:40:57+00:00
san-luis-obispo,The Gun School,Dan Wells,dan@thegunschool.com,(805) 922-5454,https://thegunschool.com,direct_booking,Santa Maria,CA,"3150 Telephone Road, Santa Maria, California 93455",250,150,,"The Gun School is owned and operated by Master Instructor Danny R. Wells, who has been teaching basic firearms classes for over 30 years since opening in 1988. They offer a variety of firearms courses for civilians and professionals throughout California's Central Coast and Central Valley, including CCW training, BSIS courses, and basic handgun instruction. All courses meet strict standards and legal requirements, with certificates provided upon successful completion.",success,medium,"Found clear 16hr course pricing ($250) and booking capability, but CCW-specific pricing not visible on pages shown. The $250 appears to be for BSIS course, may not be CCW pricing.",san-luis-obispo/thegunschool-com/logo.png,,,2026-04-13T04:37:12+00:00
san-diego,"2nd A Firearms Training, LLC",William McLaren; Paul Gooding; Alisha Curtin; Maurice Cleary; Malcolm McLaren; Tamara Stapleton; Gary Sanchez; Austin Johson,training@2aftng.com,858-737-8662,https://www.2aftng.com,unclear,San Diego,CA,"7841 Balboa Ave, Suite #210, San Diego, CA 92111",360,200,50,"2nd A Firearms Training is a San Diego-based firearms training company that provides professional and affordable training in the safe, responsible and ethical use of firearms. They are staunch advocates of the Constitutional Right to keep and bear arms and specialize in CCW training, basic and advanced pistol courses, and instructor training. The company emphasizes empowerment through education and takes pride in training both students and professional instructors.",success,high,"Clear pricing found for all major courses and services. Address clearly listed. Booking capability unclear as no online booking system visible, only contact information provided.",san-diego/2aftng-com/logo.png,,san-diego/2aftng-com/training_1.png,2026-04-13T04:37:12+00:00
san-diego,A1 Templar Armory,Jere Wheale,coms@templararmory.com,619-468-5150,,,San Diego,CA,,,,,,no_website,,,,,,2026-04-13T04:37:12+00:00
san-diego,ABC Livescan and Training,Alex Cruz,abclivescanandtraining@yahoo.com,619-934-7300,,,San Diego,CA,"1120 Third Ave #5, Chula Vista, CA 91911",,,,,no_website,,,,,,2026-04-13T04:37:12+00:00
san-diego,308 Tactical Firearms Training,Will Miller,info@308tac.com,805-585-5220,https://www.308tac.com,direct_booking,San Diego,CA,,,,,"308 Tactical Firearms Training is an LAPD and LASD approved provider offering California CCW training for Los Angeles, Ventura, Kern, and other counties. They provide comprehensive firearms training taught by certified instructors who teach law enforcement, military, and civilian proven concepts. The company operates their own tactical firearms training range in Moorpark and offers courses ranging from basic CCW certification to advanced defensive handgun and rifle training.",success,medium,"Found clear course listings and direct booking capability through calendar system, but no pricing information was visible on any pages. Address shows 'Location: 308 Tactical Firearms Training Range' but full street address not provided.",san-diego/308tac-com/logo.png,san-diego/308tac-com/instructor_1.jpg|san-diego/308tac-com/instructor_2.jpg,san-diego/308tac-com/training_1.jpg|san-diego/308tac-com/training_2.jpg|san-diego/308tac-com/training_3.jpg,2026-04-14T20:40:57+00:00
san-diego,CCW USA Firearms Training,William Desy; Joseph Drammissi; Brandi Joseph; Tony Perez,info@ccwusa.com,619-871-9834,https://www.ccwusa.com,inquiry_only,Escondido,CA,,,,,"CCW USA Firearms Training provides professional CCW training, renewals, and multi-state permit courses for responsible gun owners in San Diego County. Led by instructor William Desy with over 30 years of defensive firearms instruction experience and P.O.S.T.-certified Law Enforcement background, they offer training at a private outdoor facility. The company specializes in both group classes and private one-on-one instruction, with multi-state CCW permit training included free with their California CCW permit classes.",success,low,"Website has good description content and mentions regular weekly classes, but lacks any pricing information and specific booking mechanism beyond contact email. No street address found despite being listed in Escondido.",,san-diego/ccwusa-com/instructor_1.jpg|san-diego/ccwusa-com/instructor_2.jpg|san-diego/ccwusa-com/instructor_3.jpg,san-diego/ccwusa-com/training_1.png|san-diego/ccwusa-com/training_2.png|san-diego/ccwusa-com/training_3.jpg,2026-04-13T04:37:12+00:00
san-diego,Fortune Firearms,,help@fortunefirearms.com,951-390-6348,https://www.fortunefirearms.com,direct_booking,Temecula,CA,"43800 Wilson Valley Rd, Hemet, CA 92544",,,,"Fortune Firearms is located near Temecula Wine Country and serves as both a firearms retailer and training facility. They offer comprehensive CCW qualification courses that meet Riverside County Sheriff's Department standards for both 8-hour renewal and 16-hour initial requirements. The business emphasizes creating an inclusive, educational environment with specialized women-friendly courses taught by female instructors, catering to shooters of all experience levels from beginners to advanced.",success,medium,"Clear booking capability and detailed service descriptions found, but no specific pricing information available for any courses. Address clearly stated but location description mentions both Sage/Temecula area and Hemet address.",san-diego/fortunefirearms-com/logo.png,,,2026-04-13T04:37:12+00:00
san-diego,Discount Gun Mart,Kyle Dau; Alisha Curtin,training@discountgunmart.com,619-324-7520,https://www.discountgunmart.com/info/concealed-carry-courses,direct_booking,San Diego,CA,"1510 Morena Blvd, San Diego, CA 92110",400,200,,"Discount Gun Mart is a well-established Southern California firearms institution with over 40 years in the business, offering both initial 16-hour and renewal 8-hour CCW permit courses at their two San Diego County locations in San Diego (Morena Boulevard) and Santee (Magnolia Avenue). With indoor shooting ranges at both locations, students can complete their classroom instruction and live fire qualification all in one place. Backed by a knowledgeable and experienced staff, Discount Gun Mart is known throughout the region for their customer-first approach and extensive expertise in all things firearms.",success,high,manual,,,,2026-04-13T04:37:12+00:00
san-diego,Practical Defense Systems,Patrick Lovette; Mark Hamersly; Paul Dugas; Joel Persinger,info@pdsclasses.com,619-663-6811,https://www.pdsclasses.com,direct_booking,San Diego,CA,"8880 Rio San Diego Dr 8th Floor, San Diego, CA 92108",,,,"Practical Defense Systems is a California state-certified training provider offering concealed carry courses for California, Utah, and Arizona, along with comprehensive security guard training and personal defense classes. Based in San Diego County but serving all of California, PDS features experienced instructors with law enforcement and security backgrounds who deliver hands-on, scenario-based training. The company provides both online and live courses, including interactive simulator training for active shooter response and de-escalation scenarios.",success,low,"Clear vendor description and booking capability established, but no specific CCW pricing found despite references to CCW courses. Site mentions courses but pricing details are not provided in the content shown.",san-diego/pdsclasses-com/logo.png,,san-diego/pdsclasses-com/training_1.jpg|san-diego/pdsclasses-com/training_2.jpg|san-diego/pdsclasses-com/training_3.jpg,2026-04-13T04:37:12+00:00
san-diego,The Gunsmith Guy,Joshua Glassman; Arthur Reiersen,arthur@thegunsmithguy.com,619-733-1582,https://thegunsmithguy.com,direct_booking,San Diego,CA,"1464 Graves Ave UNIT 104, El Cajon, CA 92021",250,225,,"The Gunsmith Guy specializes in helping responsible, first-time gun owners and CCW holders build real confidence through practical instruction and simulated scenario training. They offer personalized coaching with small class sizes, integrated simulation-based firearms training, and focus on helping students react under pressure with training that's personal, safe, and effective. The company provides both USCCA and NRA classes, including San Diego County CCW courses, and offers private instruction that can come to the student's location.",success,high,"Clear pricing for key courses found, direct booking capability confirmed with appointment form, strong vendor description available from website copy. Missing address and add-a-gun pricing.",,,,2026-04-13T04:37:12+00:00
san-diego,David Premetz Practical Is Tactical,David Premetz,,,,,Fallbrook,CA,"1032 S Main Ave, Fallbrook, CA 92028",,,,,no_website,,,,,,2026-04-13T04:37:12+00:00
san-diego,A Gungirl Defense,Melissa Morris,gungirldefense@gmail.com,719-310-2719,,,Escondido,CA,,,,,,no_website,,,,,,2026-04-13T04:37:12+00:00
san-diego,Personal Protection Academy,Mike Pettengill; Erin Pettengill,info@the-ppa.com,951-574-9009,https://www.the-ppa.com/ccw,inquiry_only,Murrieta,CA,"40685 California Oaks Rd STE E, Murrieta, CA 92562",300,150,30,"Personal Protection Academy is certified as an official CCW vendor by many Southern California municipalities and UT/AZ to administer both classroom and firing range portions of CCW initial or renewal applications. They serve Riverside County, San Diego County, and cities of Murrieta, Menifee, Hemet, Banning, and Beaumont, as well as offering multi-state CCW certification for UT & AZ that covers 36 states. The academy emphasizes that this is not a beginner's class and requires students to be proficient with gun handling and safety.",success,high,"Clear pricing found for full 16hr course, renewals, and additional guns. Booking appears to be inquiry-only with phone/email contact. No specific street address provided, only general Murrieta location.",san-diego/the-ppa-com/logo.png,,,2026-04-13T04:37:12+00:00
san-diego,Poway Weapons and Gear,John Phillips; Thomas Fitzgerald; John Woo; Frank Hoyos,training@pwgrange.com,858-206-5057,https://www.pwgrange.com/,direct_booking,Poway,CA,13550 Danielson St,499,299,,"Poway Weapons and Gear is a comprehensive training facility, shooting range, and retail store that has helped over 4,793 members secure their CCW permits. They offer the Concealed American 16-hour CCW course for $499, which includes classroom training, mental health components, and range time across two days. The facility features state-of-the-art technology including a Reel Shots Live-Fire Simulator and offers over 50 classes led by industry professionals.",success,medium,"Found clear 16hr pricing and good vendor description, but missing address, individual day pricing, renewal pricing, and add-a-gun fees. Booking capability inferred from class scheduling language.",san-diego/pwgrange-com/logo.webp,,san-diego/pwgrange-com/training_1.jpg|san-diego/pwgrange-com/training_2.jpg|san-diego/pwgrange-com/training_3.jpg,2026-04-14T20:40:57+00:00
san-diego,Richard Hall Consulting,Richard Hall,alpha1wardog12@gmail.com,818-419-2992,,,Oceanside,CA,,,,,,no_website,,,,,,2026-04-13T04:37:12+00:00
san-diego,VIP CCW Services,Joshua Comen; Brian Jenson; Sean Ward; Juan Victorino; Stephen Laskowski,vip@vipccwservices.com,310-500-9200,https://www.vipccwservices.com,unclear,Oceanside,CA,,,,,"VIP CCW Services has been providing California CCW permit training since 2015 in adherence to CA Penal Code 26165. They offer modular formatted classes seven days a week with hybrid online/in-person training options across Orange County, Kern County, and San Diego County. The company is staffed by CA POST certified law enforcement instructors and DOJ CCW instructors, serving as an authorized training provider for numerous police departments throughout Southern California including LASD, LAPD, Orange County Sheriff's Department, and many municipal police departments.",success,low,"Found comprehensive vendor description and credentials but no pricing information, specific address, or clear booking process details on the website content provided",san-diego/vipccwservices-com/logo.jpg,,,2026-04-13T04:37:12+00:00
san-diego,McLaren Defense,William McLaren; Paul Gooding; Alisha Curtin; Maurice Cleary; Malcolm McLaren; Tamara Stapleton; Gary Sanchez; Austin Johnson,training@mclarendefense.com,858-337-7876,https://www.mclarendefense.com,direct_booking,Oceanside,CA,"3616 Ocean Ranch Blvd, Oceanside, CA 92056",360,180,15,"Mclaren Defense is a firearms training company that advocates for Constitutional rights while emphasizing responsibility through professional and affordable training. They provide comprehensive CCW training courses, private coaching options, and specialized instruction in the safe, responsible and ethical use of firearms. The company also develops training courses and instructional videos for other organizations, offering both group classes and personalized instruction to accommodate various scheduling needs.",success,high,manual,,san-diego/mclarendefense-com/instructor_1.jpg,,2026-04-13T04:37:12+00:00
san-diego,Forza Defense Training,Gina Vertucci; Laurie LaRock,support@forzadefense.com,714-406-2828,https://www.forzadefense.com,direct_booking,,CA,,,,,"Forza Defense Training is Orange and San Diego County's premier concealed weapon training provider, led by CEO and founder Gina whose instructors are trained by NRA and USCCA. Their CCW courses are accepted and approved by both Orange County and San Diego County Sheriff's Departments. Founded with a passion for competitive shooting and family-oriented approach, they emphasize both safety and fun in their training environment.",success,medium,"Strong vendor description and clear booking capability, but no pricing information found for CCW courses despite detailed course descriptions. Address mentions Orange County but no specific street address provided.",,san-diego/forzadefense-com/instructor_1.jpg,san-diego/forzadefense-com/training_1.jpg|san-diego/forzadefense-com/training_2.jpeg|san-diego/forzadefense-com/training_3.jpeg,2026-04-13T04:37:12+00:00
san-diego,ARC Angel Defense,Harrison Scruggs,aadefensesd@gmail.com,619-856-4324,https://aadefense.com/,inquiry_only,National City,CA,"3200 Highland Ave # 200, National City, CA 91950",320,195,,"Arc Angel Defense is a family, veteran owned and operated San Diego based business with 20+ years of security experience. They offer CCW training approved by the San Diego County Sheriff's Department, along with security officer training and armed security services. The company provides military, veteran, and law enforcement discounts and offers bilingual instruction in Spanish.",success,medium,"Clear pricing found for CCW courses and good vendor description available, but no address found and booking appears to require phone contact rather than online booking. No add-a-gun pricing available.",,,,2026-04-14T20:40:57+00:00
san-diego,The CCW School,Katie Lukach; Michael Lukach; Andrew Chavez,info@theccwschool.com,562-645-3494,https://theccwschool.com,inquiry_only,Stanton,CA,"545 W Valencia Dr, Fullerton, CA 92832",300,200,,"The CCW School provides online and in-person CCW training courses approved for all cities in Orange County, select Los Angeles County agencies, and all San Diego County cities. They offer flexible program options including 16-hour initial courses and 8-hour renewal courses with no additional range fees. The school is committed to providing conveniently scheduled and easy to understand basic firearms and CCW training courses covering safe firearm handling, marksmanship, tactical considerations, and applicable penal codes.",success,high,"Clear pricing found for full courses, good vendor description available, but no specific street address found and booking appears to be inquiry-based through email/phone",,,san-diego/theccwschool-com/training_2.png|san-diego/theccwschool-com/training_3.png,2026-04-13T04:37:12+00:00
san-diego,Trigger Prep,Raymond Walton,rwalton40@gmail.com,619-571-1783,https://www.trigger-prep.com,inquiry_only,Bonita,CA,,,,,,success,low,"Website appears to be a basic landing page with only contact form and generic branding. No specific information about services, pricing, or detailed business description found.",,,,2026-04-13T04:37:12+00:00
san-diego,Crusader Firearms Training,Andrew Huss,crusaderfirearmstraining@gmail.com,805-603-2663,,,Fallbrook,CA,,,,,,no_website,,,,,,2026-04-13T04:37:12+00:00
san-diego,Defensive Tactics & Firearms,Shane Regan,shane@defensivetacticsandfirearms.com,760-451-6694,,,San Diego,CA,"41176 Guava St, Murrieta, CA 92563",,,,,no_website,,,,,,2026-04-13T04:37:12+00:00
san-diego,Armed Defense Solutions,Dakota Adelphia,agag.sdca@gmail.com,619-629-3344,,,Spring Valley,CA,,,,,,no_website,,,,,,2026-04-13T04:37:12+00:00
san-diego,Atlas Defense Group,Antonio Salguero,training@atlasdefensegroup.com,858-585-3015,https://www.atlasdefensegroup.com/,unclear,San Diego,CA,"8334 Clairemont Mesa Blvd Unit 101 #1031, San Diego, CA 92111",,,,"Atlas Defense Group, Inc. is a licensed training facility in San Diego that provides CCW training alongside security guard services. They offer both 16-hour initial CCW training (split into classroom lecture and range training) and 8-hour renewal courses. The company also provides security guard training, BSIS firearms training, and private security services with highly rated customer service.",success,low,Website provides detailed course descriptions and structure but no pricing information found. Mentions booking capability but no clear booking system visible on the pages provided.,san-diego/atlasdefensegroup-com/logo.png,,san-diego/atlasdefensegroup-com/training_1.jpg|san-diego/atlasdefensegroup-com/training_2.jpg|san-diego/atlasdefensegroup-com/training_3.jpg,2026-04-14T20:40:57+00:00
san-diego,McBride's Firearms Safety & Proficiency Training,John McBride,jmbride.odn@gmail.com,619-823-7678,,,Oceanside,CA,,,,,,no_website,,,,,,2026-04-13T04:37:12+00:00
san-diego,Family and Freedom Defense,Justin Martin,info@familyandfreedomdefense.com,619-363-5255,https://www.familyandfreedomdefense.com,inquiry_only,,CA,,,,,"Family and Freedom Defense is a firearms training business founded by an instructor with over a decade of experience as a police officer, SWAT team firearms instructor, and active duty USMC officer. They offer CCW training for San Diego and Riverside County with small class sizes (maximum 4 students) at a private facility, emphasizing safe learning environments and personalized instruction.",success,low,"Website has 'Book a Class' button suggesting booking capability but no pricing information found. Good description of services and instructor background available, but missing key pricing details and specific address.",,,,2026-04-13T04:37:12+00:00
san-diego,ARB Security & Public Safety Training,Mike Cordisco,mike@ccwshooters.com,916-207-7350,,,Yuba City,CA,,,,,,no_website,,,,,,2026-04-13T04:37:12+00:00
san-diego,CCW Shooters,William Murphy; Cristen Durham; Brandon Durham; Blake Uradomo; David Baroway,info@ftatv.com,714-701-9918,https://www.ftatv.com,inquiry_only,Corona,CA,"14995 River Road, Corona, CA 92880",,,,"Firearms Training Associates provides firearms training in Southern California with courses conducted in a friendly, relaxed environment that emphasizes safety and mastery of weapons systems for all experience levels. Their team of instructors comprises experts from diverse backgrounds including law enforcement, military, government agencies, competition, and private training facilities. They offer training for civilians, law enforcement officers, and military personnel, teaching over 10,000 students every year at their Corona facility located on Raahauge's Shooting Enterprises.",success,low,"Found general course listings and prices for various handgun and rifle courses, but no specific CCW permit courses or California-specific 16hr initial or 8hr renewal courses. Booking appears to be inquiry-only via 'Click for schedule' links.",san-diego/ftatv-com/logo.jpg,,san-diego/ftatv-com/training_1.jpg|san-diego/ftatv-com/training_2.png|san-diego/ftatv-com/training_3.jpg,2026-04-13T04:37:12+00:00
san-diego,Firearms Training Associates,Anthony Barrera,Anthony@arbsecuritytraining.com,619-627-1556,,,El Cajon,CA,"270 E Douglas Ave, El Cajon, CA 92020",,,,,no_website,,,,,,2026-04-13T04:37:12+00:00
san-diego,"JRC Consulting, Inc.",Jorge Rodriguez; George Orta,george@jrcconsulting.net,760-473-6348,https://www.jrcconsulting.net,inquiry_only,Chula Vista,CA,,,,,"JRC Consulting is a professional security services company serving Southern California that offers comprehensive training programs including San Diego Sheriff's concealed carry training. They are one of the few Southern CA Private Patrol Operators that train and certify their own security officers in various skills including firearms training, and they maintain proper licensing as both a PPO and Training Firearms Facility.",success,low,"Website mentions CCW training but provides no pricing, scheduling, or booking details. Primarily a security services company with training as secondary service.",san-diego/jrcconsulting-net/logo.png,san-diego/jrcconsulting-net/instructor_1.png|san-diego/jrcconsulting-net/instructor_2.png,san-diego/jrcconsulting-net/training_1.png|san-diego/jrcconsulting-net/training_2.png|san-diego/jrcconsulting-net/training_3.png,2026-04-13T04:37:12+00:00
san-diego,Personal Protection Fire-Arms Training,"James H. Murphy, Jr",james@jhminvestigations.com,619-988-5279,https://www.ppft.info,,San Diego,CA,"2563 Mast Way #103 Chula Vista, CA 91914",500,310,,"Personal Protection Firearms Training is owned and operated by James H. Murphy Jr., a San Diego-based firearms instructor whose background spans U.S. Marine Corps combat service in Vietnam, work as a San Diego County Deputy Sheriff, and over eleven years as a Deputy U.S. Marshal. Now a licensed California private investigator and NRA Life Member, James holds certifications from the California Bureau of Security and Investigative Services (BSIS), California DOJ, and NRA. PPFT offers initial 16-hour and renewal 8-hour CCW courses authorized by the San Diego Sheriff's Department, as well as personal familiarization courses and in-home defense training for citizens at all experience levels.",success,high,manual,,,,2026-04-13T04:37:12+00:00
san-diego,Safety One Services,Lour Bun,info@safetyoneservices.com,619-599-3117,,,San Diego,CA,"833 Broadway Suite 11, El Cajon, CA 92021",,,,,no_website,,,,,,2026-04-13T04:37:12+00:00
san-diego,Hansen Firearms Training,Benjamin Hansen; Keri Derwin,info@californiagunpermit.com,949-573-4099,https://www.californiagunpermit.com,direct_booking,San Diego,CA,,275,300,,"Hansen Firearms Training is Southern California's top rated firearms training company for concealed firearm permits, officially approved by Orange, San Diego, and Los Angeles Counties, plus cities of Los Angeles and Long Beach. They offer both in-person and online blended learning options for CCW classes, along with basic and advanced handgun training, medical trauma, and active attacker response courses. Their classes feature friendly, non-intimidating instruction with a 100% incident-free safety record and include range fees and targets in the price.",success,medium,"Found booking capability and full course pricing, plus good vendor description. However, missing specific day-by-day pricing breakdown, renewal pricing, and street address. Add-a-gun pricing mentions 'first 3 guns are free' but no additional gun pricing found.",,,san-diego/californiagunpermit-com/training_1.png|san-diego/californiagunpermit-com/training_3.png,2026-04-13T04:37:12+00:00
san-diego,JCH Services,John Groff,john1463sdf@gmail.com,619-933-4368,,,Spring Valley,CA,,,,,,no_website,,,,,,2026-04-13T04:37:12+00:00
san-diego,Security Officer Trng Center,Michael Tew,info@sotonow.com,619-303-3104,,,Spring Valley,CA,"123 Worthington St #201, Spring Valley, CA 91977",,,,,no_website,,,,,,2026-04-13T04:37:12+00:00
san-diego,West Coast Kinetic Solutions,,,,https://www.westcoastkineticsolution.com/,direct_booking,Oceanside,CA,"187 Laraway St, Oceanside, CA 92058",412,,,"West Coast Kinetic Solutions provides CCW firearms training and defensive shooting courses in San Diego, California. Led by instructor Matthew Hauff, the company brings special operations and law enforcement-level training to civilian students, preparing them for real-world defensive encounters. They offer a range of courses from basic CCW certification to advanced defensive pistol and CQB training.",success,medium,"Clear pricing for 16hr CCW course ($412) and direct booking available. However, no address found, no separate day pricing, and no renewal course pricing visible. Vendor description extracted from website copy.",san-diego/westcoastkineticsolution-com/logo.png,,,2026-04-14T20:40:57+00:00
san-diego,Nanpor Security Academy,,,,https://www.nanporsecurity.com/,inquiry_only,Oceanside,CA,"601 Mission Ave, Oceanside, CA 92054",,,,"NANPOR Security Academy is a veteran-owned business established in 1985 that provides comprehensive security training and services in San Diego County. They offer Guard Card, Firearm, CCW, Baton and personal defense training courses alongside customized security services. The academy serves both individual students and organizations with tailored training programs and has worked with clients including Department of Homeland Security, major hotels, and educational institutions.",success,low,"Website mentions CCW training but provides no pricing information, course schedules, or booking details. No specific pricing or course structure information found despite comprehensive content about their services.",san-diego/nanporsecurity-com/logo.png,,san-diego/nanporsecurity-com/training_1.jpg|san-diego/nanporsecurity-com/training_2.jpg,2026-04-14T20:40:57+00:00
san-diego,M&M Firearms Training,,,,https://mmfirearmstraining.com/,inquiry_only,Chula Vista,CA,"1120 3rd Ave #5, Chula Vista, 91911",440,220,60,"M&M Firearms Training is a veteran-owned and operated firearms training company serving the San Diego area. They offer CCW courses required for obtaining permits, including 16-hour initial classes and 8-hour renewal courses, as well as NRA personal protection courses. The company is staffed by DOJ CCW certified instructors with Army Armorer and RSO certifications, and they provide flexible scheduling including one-on-one training options.",success,high,"Clear pricing structure and course offerings found. Address identified from class location. No direct online booking system visible, only contact forms and phone number.",,san-diego/mmfirearmstraining-com/instructor_1.jpg|san-diego/mmfirearmstraining-com/instructor_2.jpg|san-diego/mmfirearmstraining-com/instructor_3.jpg,,2026-04-14T20:40:57+00:00
san-diego,ShoreShot Shooting Simulator,Matthew Hauff; Brian Mackey,matt.hauff@gmail.com,760-439-6400,,,Oceanside,CA,603 Mission Ave,,,,,no_website,,,,,,2026-04-13T04:37:12+00:00
san-diego,"San Clemente Firearms Training, LLC",Daniel Vigil,dan@sanclementefirearmstraining.com,949-690-7109,,,San Clemente,CA,"2377 S El Camino Real Suite 102, San Clemente, CA 92672",,,,,no_website,,,,,,2026-04-13T04:37:12+00:00
san-diego,Premptive Tactical Defense,Reynaldo Halili,preemptivetacticaldefense@gmail.com,619-861-2205,,,Chula Vista,CA,,,,,,no_website,,,,,,2026-04-13T04:37:12+00:00
san-diego,Force Defensive Firearms Trng,Michael Lubanko; Peter Waddington,mike@forcedefensivefirearmstraining.com,951-691-0625,https://www.forcedefensivefirearmstraining.com,unclear,Murrieta,CA,"24630 Washington Ave Suite 202 Office #102, Murrieta, CA 92562",,,,"Force Defensive Firearms Training offers small group CCW classes, in and out of state CCW training, private lessons, and pistol, rifle, and safety classes in Murrieta, CA. They are a POST CCW, DOJ CA approved vendor for multiple sheriff's departments including Riverside County and San Diego County. The company is led by DOJ CA, NRA, and USCCA certified instructors who work with beginner, intermediate, and advanced students.",success,low,Website mentions sign-up and training availability but no specific pricing information found. Booking process unclear - mentions 'sign up below' and 'new class dates available' but no clear booking mechanism visible in the content.,,,san-diego/forcedefensivefirearmstraining-com/training_1.jpeg|san-diego/forcedefensivefirearmstraining-com/training_2.jpg|san-diego/forcedefensivefirearmstraining-com/training_3.jpg,2026-04-13T04:37:12+00:00
san-diego,ShootSafe Academy,Jason Granados; Christine Keil,training@shootsafeacademy.com,714-625-1507,https://www.shootsafeacademy.com/,inquiry_only,Stanton,CA,,,,,"Shootsafe Academy has been providing professional firearms instruction to Orange County for over 13 years, recently expanding services to Riverside, Los Angeles, and San Diego counties. They specialize in CCW certification with 16-hour basic and 8-hour renewal courses, plus Arizona and Utah non-resident certification that allows carrying in over 38 states through reciprocity agreements. The academy emphasizes small class sizes for personalized attention and customizes courses to fit clients' learning and scheduling needs.",success,low,"Clear description and service offerings found, but no pricing information or specific address provided. Only has 'Request Information' buttons suggesting inquiry-only booking.",san-diego/shootsafeacademy-com/logo.jpg,,,2026-04-14T20:40:57+00:00
san-diego,Responsible Safe Firearm Ownership,James Austin,RSFOservices@gmail.com,909-261-8617,,,,CA,,,,,,no_website,,,,,,2026-04-13T04:37:12+00:00
san-diego,"Parallax Tactical, LLC",Joseph Chen,ccw@parallaxtactical.com,619-630-4869,,,Wildomar,CA,"5278 Eastgate Mall, San Diego, CA 92121",,,,,no_website,,,,,,2026-04-13T04:37:12+00:00
san-diego,Paragraph 2,Jim Belanger,jim@paragraph2.net,619-365-9200,https://www.paragraph2.net,direct_booking,Eastvale,CA,"14995 River Rd, Eastvale, CA 92880",275,175,,"Paragraph 2 Firearm Training is an approved CCW instructor for Los Angeles, Orange, Riverside, and San Diego County Sheriff's Departments, offering comprehensive firearm training from beginner to expert levels. Led by Jim Belanger, they provide CCW initial and renewal courses, NRA certified instruction, USCCA training, and specialized courses including home defense fundamentals and women's handgun classes. They operate from multiple locations across Southern California and also conduct classes at Bass Pro Shops locations.",success,high,"Clear pricing found for 16hr initial ($275) and 8hr renewal ($175), multiple 'Book Now' buttons indicate direct booking capability, comprehensive vendor description available from website copy",san-diego/paragraph2-net/logo.png,san-diego/paragraph2-net/instructor_2.png,san-diego/paragraph2-net/training_1.png,2026-04-13T04:37:12+00:00
san-diego,Tap in Consulting,Randy Tapley,tapinconsultingllc@gmail.com,951-973-3440,,,Temecula,CA,,,,,,no_website,,,,,,2026-04-13T04:37:12+00:00
san-diego,"Tap, Rack, Bang",Ernie Medina; Brendon Arbilon; Stephen Phan,info@trbtraining.com,949-566-7263,https://www.trbtraining.com,direct_booking,Orange,CA,,300,300,,"Tap Rack Bang is a full-time firearms training company that specializes in CCW training and civilian defense education. Led by instructors with over 30 combined years of experience training US Marines, law enforcement, and civilians, they offer a comprehensive range of courses from beginner pistol training to advanced CCW classes. The company emphasizes practical, real-world defensive skills and provides both group classes and private training sessions.",success,medium,"Found clear booking capability and pricing for full CCW course ($300-450 range, took lower) and 8hr renewal ($300). No specific address found, only mentions locations like 'TRB HQ' and 'FT3 Tactical'. Could not distinguish separate Day 1/Day 2 pricing as they sell as complete course.",san-diego/trbtraining-com/logo.png,san-diego/trbtraining-com/instructor_1.jpg,san-diego/trbtraining-com/training_1.png|san-diego/trbtraining-com/training_2.png|san-diego/trbtraining-com/training_3.png,2026-04-13T04:37:12+00:00
san-diego,Fort Harms,Jason Harms,instructorjason@yahoo.com,214-674-3695,https://fortharms.com/,inquiry_only,Fallbrook,CA,,,,,"Fort Harms is a USMC Veteran owned firearms training business that provides San Diego County CCW certification, firearms training at all levels, Active Threat First Aid, and emergency preparedness education. Their instructors are military and law enforcement veterans with experience training state and federal agencies, focusing on small class sizes and custom training solutions for families, couples, and individuals. They emphasize safety and creating positive learning environments for students ranging from age 5 to 87.",success,low,"No pricing information found, no specific address beyond city, no course schedule visible. Website focuses on custom training approach rather than standardized offerings.",san-diego/fortharms-com/logo.png,san-diego/fortharms-com/instructor_1.jpg|san-diego/fortharms-com/instructor_2.jpg|san-diego/fortharms-com/instructor_3.jpg,,2026-04-14T20:40:57+00:00
san-diego,San Diego Concealed Carry,,sandiegocon-cealedcarry@gmail.com,619-828-3042,,,Lemon Grove,CA,,,,,,no_website,,,,,,2026-04-13T04:37:12+00:00
san-diego,VC Firearms Training,"Eric ""Woody"" Morrison",vcfirearmstraining@gmail.com,760-712-6159,https://www.vcfirearmstraining.com,inquiry_only,,CA,,550,275,,"VC Firearms Training offers private and small group training classes for Concealed Carry (CCW), rifle and pistol in Valley Center and surrounding San Diego areas. They specialize in women-only classes and provide comprehensive CCW courses that meet San Diego County Sheriff Department requirements. All basic classes are all-inclusive with firearms, ammo, and safety gear provided.",success,medium,"Found clear CCW pricing but course is described as 8hrs classroom + 8hrs range rather than traditional day 1/day 2 structure. No specific address found, only general Valley Center/Escondido area mentioned.",san-diego/vcfirearmstraining-com/logo.jpg,,,2026-04-13T04:37:12+00:00
san-diego,"Sentri Institute, Inc.",Paul Peng,paul@sentriinstitute.com,949-591-9747,,,Garden Grove,CA,"12534 Valley View St #182, Garden Grove, CA 92845",,,,,no_website,,,,,,2026-04-13T04:37:12+00:00
san-diego,Splitz Second Shooting FT&S,James R. Sanders,splitzss2015@gmail.com,760-576-5128,https://www.splitzsecondshooting.com,,Oceanside,CA,"3753 Mission Ave Suite 103, Oceanside, CA 92058",,,,,success,low,"Only a header/navigation element provided - no substantive content about services, pricing, or business details",,,,2026-04-13T04:37:12+00:00
san-diego,Phoenix Tactical Solutions,Maani Golesorkhi,maani@phoenixtacticalsolutions.com,747-333-8221,https://www.phoenixtacticalsolutions.com,inquiry_only,Lake View Terrace,CA,"12651 Little Tujunga Canyon Rd C, Lake View Terrace, CA 91342",,,,"Phoenix Tactical Solutions is a Los Angeles-based firearms training company that provides tactical solutions and customized defensive firearms training programs. They serve civilians, military personnel, law enforcement, and contractors with their DEF-TAC courses covering handgun, shotgun, rifle, and force-on-force training. The company is an approved CCW training provider for LA County and emphasizes safety-first instruction with personalized attention for students of all skill levels.",success,low,"No pricing information found for any courses including CCW training. Booking capability unclear - only shows 'Contact Us' and 'Get in Touch' options. No specific street address provided, only mentions Los Angeles location.",,,san-diego/phoenixtacticalsolutions-com/training_1.jpg|san-diego/phoenixtacticalsolutions-com/training_2.jpg|san-diego/phoenixtacticalsolutions-com/training_3.jpg,2026-04-13T04:37:12+00:00
san-diego,National Police Supply,Sean DePriest,sean@nationalpolicesupply.com,760-599-4410,,,Vista,CA,1260 Activity Dr,,,,,no_website,,,,,,2026-04-13T04:37:12+00:00
san-diego,Yosi Boubil,Yosef Boublil,rsbiker99@aol.com,760-214-3582,,,Pala,CA,,,,,,no_website,,,,,,2026-04-13T04:37:12+00:00
san-diego,Protector CCW & Firearms Trng,Douglas Goff,protectorccw@gmail.com,951-290-0431,https://www.protectorccw.com,unclear,Pala,CA,"35402 Henderson Rd, Pala, CA 92059",,,,"Protector CCW & Firearms Training provides 16-hour Initial and 8-hour Renewal CCW courses for Riverside and San Diego Counties. Their instructors are former USBP Law Enforcement with over 26 years of field experience, emphasizing extensive live-fire drills and dynamic techniques from federal law enforcement academies. The company focuses on real-world self-defense training that goes beyond basic classroom instruction.",success,low,No pricing information found anywhere on the website content. No clear booking mechanism visible. Only general service descriptions and instructor credentials available.,,,,2026-04-13T04:37:12+00:00
san-diego,Focal Point Academy,Sam Yador,courses@armortechinc.com,760-670-9272,https://bsistraining.com/,direct_booking,San Marcos,CA,"1717 E Vista Way Suite 201, Vista, CA 92084",,,,"Focal Point Academy is a licensed BSIS firearms training center serving the San Diego County area including Vista, Murrieta, and Temecula. They offer beginner-friendly firearms courses designed to be supportive and pressure-free, including California CCW permit courses (both initial 16-hour and renewal 8-hour), security guard training, and various firearm safety certifications. The academy emphasizes real-world training built on actual security experience and offers flexible scheduling including on-demand training sessions.",success,low,Website lists CCW courses but no pricing displayed. Has clear booking capability with 'Register' buttons but no specific pricing for CCW courses found. Address mentioned as San Marcos but no street address provided.,,,san-diego/bsistraining-com/training_1.jpg|san-diego/bsistraining-com/training_2.jpg|san-diego/bsistraining-com/training_3.webp,2026-04-14T20:40:57+00:00
san-diego,North County Shooting Center,Joshua Comen; Brian Jenson; Sean Ward; Patrick Russ; John Russo,patrickruss71@gmail.com,760-798-7300,http://www.northcountyshootingcenter.com/,inquiry_only,Vista,CA,1440 Descanso Ave,,,,"North County Shooting Center is the premier full-service shooting range and retail gun store in San Diego County, located in Vista, CA. They offer professional CCW classes held several times a month with certified instructors, along with gunsmithing, rebluing, refinishing, and firearm cleaning services. The facility provides comprehensive firearms training from basic pistol courses to advanced defensive pistol classes, designed for both new and experienced shooters.",success,low,"No pricing information found anywhere on the website. Classes must be booked by calling (760) 798-7300. Specific address not provided, only location mentioned as Vista, CA. Website shows they offer CCW classes but no details about course structure or pricing.",san-diego/northcountyshootingcenter-com/logo.jpg,,san-diego/northcountyshootingcenter-com/training_1.jpg|san-diego/northcountyshootingcenter-com/training_2.jpg|san-diego/northcountyshootingcenter-com/training_3.jpg,2026-04-14T20:40:57+00:00
san-diego,Absolute Tactical Training,Keiko Arroyo,Keiko@absolutetactical.training,619-279-6013,,,San Diego,CA,"3160 Camino del Rio S Unit 310, San Diego, CA 92108",,,,,no_website,,,,,,2026-04-13T04:37:12+00:00
san-diego,Donut Shop Tactical Trng,Emanuel (Manny) Mendoza,thedonutshop63@gmail.com,858-717-7800,,,Perris,CA,,,,,,no_website,,,,,,2026-04-13T04:37:12+00:00
san-diego,Alpha Culture,Quincey Howell; Steve Chaco; Neil Kiker,training@alphaculturefa.com,951-564-1059,https://www.alphaculturefa.com/,direct_booking,Sun City,CA,"27851 Bradly Rd suite 130F, Sun City CA 92586",,,,"Alpha Culture L.L.C. provides firearms training with a holistic approach combining in-field and classroom instruction. They offer USCCA courses, basic firearms training, and CPR & life support classes. The company emphasizes that safety and self-defense training begins before an incident occurs and provides training materials for continued learning.",success,low,"Found booking capability and address, but no specific pricing information for CCW courses. Website mentions USCCA courses and basic firearms training but lacks detailed course structure and pricing.",san-diego/alphaculturefa-com/logo.png,,,2026-04-14T20:40:57+00:00
san-diego,Coach K's Training,Keali'I Ka'apana,kealii@coachkstraining.com,714-724-8705,https://www.coachkstraining.com/,inquiry_only,,CA,,,,,"Coach K's Training is located in Orange County, CA and offers a comprehensive range of courses including firearm instruction, urban and wilderness survival, self defense, and Basic Life Support. The company emphasizes hands-on training with detailed explanations of not just the process but the reasoning behind techniques. They provide extensive training beyond basic certification requirements.",success,low,"Website mentions firearm instruction but no specific CCW courses, pricing, or booking details. Only general location (Orange County) provided, no specific address.",san-diego/coachkstraining-com/logo.png,,san-diego/coachkstraining-com/training_2.jpg|san-diego/coachkstraining-com/training_3.jpg,2026-04-14T20:40:57+00:00
san-diego,JDS Security Training,Danny Garcia,training@jdssecurity.com,619-781-8694,,,Chula Vista,CA,"1075 Bay Blvd, Chula Vista, CA 91911",,,,,no_website,,,,,,2026-04-13T04:37:12+00:00
san-diego,JVR Tactical Solutions,Joshua Vazquez,elborif14a@gmail.com,386-214-2282,,,,CA,,,,,,no_website,,,,,,2026-04-13T04:37:12+00:00
san-diego,Paratus Defense Group,Brett Christensen,brett@paratusdefensegroup.com,858-752-1524,https://paratusdefensegroup.com,,Carlsbad,CA,"6005 Paseo Acampo, Carlsbad, CA 92009",,,,,success,low,"Website content appears to be only a basic navigation element ('Home | Paratus') with no substantive information about services, pricing, or business details",,,,2026-04-13T04:37:12+00:00
santa-clara,Firearms Training Institute,,,(408) 506-1884,https://ftipro.net,inquiry_only,San Jose,CA,,400,,,"Firearms Training Institute offers comprehensive firearms training for students of all skill levels, including specialized courses taught by and designed for women only. They provide a wide range of NRA courses from basic pistol shooting to instructor certifications, with experienced instructors available for one-on-one training or large classes throughout California. The institute serves both beginners learning about their first firearm and advanced shooters seeking to become firearm instructors.",success,medium,"Found clear 16hr CCW course pricing ($400) and good vendor description, but missing address and renewal course pricing. Booking appears to be inquiry-based based on 'contact us' language.",santa-clara/ftipro-net/logo.png,,santa-clara/ftipro-net/training_1.png|santa-clara/ftipro-net/training_2.png|santa-clara/ftipro-net/training_3.png,2026-04-13T04:37:12+00:00
santa-clara,First Priority Security Consulting LLC,,,(510) 736-4333,https://www.1psc-llc.com,inquiry_only,Tracy,CA,"482 Banff Court, Tracy, CA 95377",325,200,,"First Priority Security Consulting LLC is a fully licensed FFL01/07 firearms business providing safe and affordable firearms training to citizens in San Joaquin and surrounding counties. They offer CCW qualifications, basic firearms training, and additional services including Live-Scan fingerprinting and security guard training. As certified GLOCK, SIG SAUER and AR-15 armorers, they also provide firearms sales, modification, and repair services.",success,medium,"Clear address and 16hr full course pricing found. No booking system visible, only contact form. Missing renewal pricing and other fee details.",,,,2026-04-13T04:37:12+00:00
santa-clara,Friedman Handgun Training,,,(925) 818-6642,https://www.friedmanfirearmstraining.com,inquiry_only,Pleasant Hill,CA,,,,,"Friedman Handgun Training provides CCW training by appointment in compliance with new PC26165 SB2 requirements for both initial and renewal applications. They specialize in one-on-one training sessions rather than group classes for personalized instruction. The company also offers mobile CCW training services and provides comprehensive online animated lessons on shooting fundamentals including aiming, grip control, trigger control, and breath control.",success,low,"Found clear vendor description and training approach, but no pricing information and must call/email for appointments. Address is only listed as Pleasant Hill, CA without street address.",,,,2026-04-13T04:37:12+00:00
santa-clara,NorCal Med Tac,,,(831) 970-0440,https://www.norcalmedtac.com,inquiry_only,Aptos,CA,"3107 Scotts Valley Dr #10, Scotts Valley, CA 95066",,,,"NorCal MedTac is a mobile training company that delivers quality medical and defensive training to strengthen customers' ability to care for themselves and their communities. They serve individuals, businesses, clubs, and uniformed professionals with custom-tailored courses from their standard core curriculum. The company offers concealed carry courses along with handgun, rifle, shotgun, and medical training programs.",success,low,Website shows they offer concealed carry courses but no specific pricing or booking details found. Mobile company so no fixed address. Contact form suggests inquiry-only booking model.,santa-clara/norcalmedtac-com/logo.png,,,2026-04-13T04:37:12+00:00
santa-clara,Safe Firearms Education,,,(408) 348-7966,https://www.safefirearmseducation.com,unclear,San Jose,CA,,,,,,success,low,"Website only contains a redirect link with no content about services, pricing, or business information",,,,2026-04-13T04:37:12+00:00
santa-clara,Defensive Accuracy,,,(408) 687-3791,https://www.daccw.com,inquiry_only,Concord,CA,,,,,"Defensive Accuracy Firearms Instruction provides CCW training services in the Bay Area and Central California, offering initial CCW courses, renewals, modifications, and private classes. They also provide LEOSA qualifications for $60 including range fees and various NRA instructor training programs throughout the year.",success,low,"Website shows basic service offerings but lacks specific pricing for CCW courses, clear booking process, or complete address information. Only specific price found was $60 for LEOSA qualifications.",santa-clara/daccw-com/logo.png,,,2026-04-13T04:37:12+00:00
santa-clara,Saber Tactics,,,(650) 276-0009,https://sabertactics.com,direct_booking,Los Gatos,CA,"1455 Beach Park Blvd, Foster City, CA 94404",,,,"Saber Tactics is a Bay Area firearms training company led by instructors with extensive law enforcement experience, including over 16 years each and specialized SWAT team backgrounds. They offer comprehensive firearms training for both civilians and law enforcement, including CCW permit training for California and non-California residents, defensive tactics courses, and specialized law enforcement programs. The company emphasizes practical, hands-on training with live ammunition and focuses on developing skills for real-world defensive situations.",success,low,Website shows direct booking capability but focuses heavily on law enforcement training. CCW permit training is mentioned in the menu but no pricing or detailed course information was found for civilian CCW classes. No specific pricing for 16hr initial or 8hr renewal courses was visible.,santa-clara/sabertactics-com/logo.png,,,2026-04-13T04:37:12+00:00
santa-clara,ASP Security Training,,,800-279-1780,https://www.aspfirearm.com,,San Jose,CA,"1185 Campbell Ave c6, San Jose, CA 95126",,,,,failed,,,,,,2026-04-13T04:37:12+00:00
santa-clara,Valley Defensive Solutions,,,(209) 747-5149,https://www.valleydefensivesolutions.com,direct_booking,Linden,CA,,270,150,,"Valley Defensive Solutions offers CCW training courses for residents of Sacramento, San Joaquin, Placer, Contra Costa, and Santa Clara counties. They provide initial CCW courses, renewals, and basic pistol courses designed to help gun owners develop confidence and proficiency with their firearms. The company emphasizes responsible gun ownership and offers training for shooters at every experience level.",success,medium,"Found clear pricing for initial CCW course ($270-$300 depending on range) and renewals ($150), plus good description content. However, no specific address found, unclear if initial course is 16hr, and no day-by-day pricing breakdown. Used lower price for initial course.",santa-clara/valleydefensivesolutions-com/logo.png,santa-clara/valleydefensivesolutions-com/instructor_1.jpg,santa-clara/valleydefensivesolutions-com/training_1.png|santa-clara/valleydefensivesolutions-com/training_2.png|santa-clara/valleydefensivesolutions-com/training_3.png,2026-04-13T04:37:12+00:00
santa-clara,Spartan Defense,,,(209) 202-8283,https://www.trainwithspartan.com,direct_booking,San Jose,CA,9580 MALECH RD. SAN JOSE,,,,"Established in 2013, Spartan Defense LLC is a veteran-owned company sharing their passion for teaching safe and practical firearms use. They provide training from handguns and shotguns to carbine rifles and precision rifles, offering both public classes and private instruction for individuals or groups. They operate range locations in Linden, Concord, and San Jose, and offer military and first responder discounts.",success,low,"Clear booking capability and address found, but no pricing information available for any specific courses including CCW classes",santa-clara/trainwithspartan-com/logo.jpg,,,2026-04-13T04:37:12+00:00
santa-clara,Northern Firearms Instruction,,,(530) 999-1822,https://countyccw.com,inquiry_only,Linden,CA,,,,,"Northern Firearms Instruction is a team of highly experienced NRA Firearms Instructors operating throughout California, serving over 50 counties and cities. NFI specializes in California CCW courses for new and experienced shooters, offering classes in a stress-free learning environment with strict instructor-to-student ratios. The company is composed of 100% NRA credentialed instructors who must update their credentials yearly, and they teach at various locations including Sportsman's Warehouse stores and gun shops throughout the state.",success,low,No pricing information found anywhere on the site. No specific address for the Linden location. Site mentions reserved seating and class registration but no direct booking system visible - only class change request forms and mentions to contact instructors.,,,santa-clara/countyccw-com/training_1.jpg|santa-clara/countyccw-com/training_2.jpg,2026-04-13T04:37:12+00:00
santa-clara,Bay Area Tactical Group,,,(415) 568-6803,https://battactical.com,direct_booking,San Leandro,CA,,400,200,,"Bay Area Tactical Group (BAT Tactical) is the premier destination for tactical and firearms training in the Bay Area, led by certified and experienced instructors. They offer a comprehensive range of courses from basic handgun and rifle training to advanced tactics and defensive strategies, serving everyone from beginners to seasoned veterans. The company operates multiple ranges and locations including a beautiful ranch range, and prioritizes safety while creating a supportive learning environment for students to gain confidence and develop their skills.",success,medium,"Clear pricing for CCW courses and good vendor description, but missing specific address and individual day pricing breakdown. Website shows 'Shop Now' buttons suggesting direct booking capability.",,,santa-clara/battactical-com/training_1.png|santa-clara/battactical-com/training_2.png|santa-clara/battactical-com/training_3.png,2026-04-13T04:37:12+00:00
santa-clara,Coco Firearms Training,,,(925) 384-1920,https://cocofirearmtraining.com,direct_booking,Concord,CA,,,,,"Coco Firearm Training LLC is an approved CCW training vendor for numerous Bay Area law enforcement agencies including Alameda SO, Contra Costa SO, Sacramento SO, and many others. Based out of Oakley, California, they operate by appointment only and offer comprehensive concealed carry training programs. The company serves students throughout the Bay Area with flexible scheduling options.",success,low,Website shows booking system and vendor description but no pricing information visible. Has direct booking capability but lacks course pricing details.,,santa-clara/cocofirearmtraining-com/instructor_1.jpg,,2026-04-13T04:37:12+00:00
santa-clara,Loyal Arms,,,(916) 680-9888,https://loyalarms.com,,Sacramento,CA,1008 Riley St Suite 4,,,,,failed,,,,,,2026-04-13T04:37:12+00:00
santa-clara,Silicon Valley Tactical,,,(408) 313-1254,https://www.siliconvalleytactical.com,inquiry_only,San Jose,CA,"5807 Winfield Blvd b1, San Jose, CA 95123",,,,"Silicon Valley Tactical (SVT) is a comprehensive firearm training company serving Campbell, CA offering programs from beginner to expert levels. They provide personalized CCW training including 16-hour initial and 8-hour renewal courses, as well as specialized programs like ladies-only handgun classes and advanced tactics training. SVT emphasizes safety, accuracy, and speed development with experienced instructors who have decades of teaching experience.",success,low,"Website shows they offer CCW courses and various training programs but contains no pricing information, specific booking mechanism, or complete address details beyond Campbell, CA location",,,,2026-04-13T04:37:12+00:00
santa-clara,"Bill Tidwell, Firearms Instructor",Bill Tidwell,,(510) 552-4742,https://www.train2besafe.com,,Santa Clara,CA,,,,,,failed,,,,,,2026-04-13T04:37:12+00:00
santa-clara,Grover Group,,,(510) 516-1431,https://grovergroup.biz/classes,inquiry_only,San Jose,CA,,450,300,,"Grover Group Training provides certified California CCW courses approved by 30+ sheriff's offices and police departments across Northern California. They offer hybrid delivery combining virtual instructor-led lectures with live-fire qualification, and their courses are led by certified instructors with credentials from the California Department of Justice, NRA, USCCA, and California POST. The company offers semi-private classes limited to 10 students and provides private courses upon request.",success,high,Clear pricing and course structure found. No specific address listed but location is San Jose. Strong vendor description available from website copy.,santa-clara/grovergroup-biz/logo.png,,santa-clara/grovergroup-biz/training_1.jpg,2026-04-13T04:37:12+00:00
santa-clara,BayProfs,,,(650) 395-7189,https://www.bayprofs.org,unclear,Sunnyvale,CA,,,,,"Bayprofs is a 501(c)(3) non-profit corporation that has provided safe, quality firearms training in the San Francisco Bay Area for more than 35 years, having trained over two thousand people. They offer California Concealed Carry classes along with other firearms courses, featuring unpaid volunteer instructors who are NRA certified with extensive experience. They maintain small class sizes with a student-to-instructor ratio of better than 2 to 1.",success,low,"No pricing information found, no specific address provided, and booking process unclear - only mentions 'Sign up for Class' link",santa-clara/bayprofs-org/logo.png,,,2026-04-13T04:37:12+00:00
santa-clara,Showket Training,,,(415) 497-1983,https://www.showkettraining.com,direct_booking,Richmond,CA,"3155 Goodrick Avenue, Richmond",375,250,,"Showket Training offers CCW and firearm training classes in Marin County and beyond with over 20 years of experience. They focus on defensive and real-world training in a positive, safety-focused environment rather than tactical obstacle courses. The company provides 16-hour CCW initial certification and 8-hour renewal courses with both classroom instruction and range training components.",success,high,Clear pricing and course structure found. Direct booking available through range page signup. No separate day pricing or add-a-gun fees mentioned.,,,,2026-04-13T04:37:12+00:00
santa-clara,"McGrew & Associates, Inc",,,(408) 647-4567,https://mcgrewpi.com,direct_booking,San Jose,CA,"275 Saratoga Ave STE 104, Santa Clara, CA 95050",,,25,"McGrew & Associates, Inc. is a highly qualified investigative and security consulting firm in San Jose that specializes in security training including Guard Card, firearms, and CCW courses. They bring over 100 years of combined experience in law enforcement, security and investigative services. The company is recognized as the Bay Area's #1 BSIS Licensed Security Officer Training Facility and offers comprehensive firearms training with both classroom and range components.",success,low,"This appears to be primarily a security guard training facility rather than CCW training. While they mention 'California CCW Courses' in their services list, no specific CCW pricing or course details are provided. The firearms training described is for BSIS Exposed Firearm permits (security guards), not civilian CCW permits.",,,,2026-04-13T04:37:12+00:00
santa-cruz,NorCal MedTac,Brannon Schell,brannon@norcalmedtac.com,(831) 970-0440,,,Aptos,CA,"3107 Scotts Valley Dr #10, Scotts Valley, CA 95066",,,,,no_website,,,,,,2026-04-13T04:37:12+00:00
santa-cruz,Firearms Training Institute,David G. Matthews,,(408) 506-1884,https://www.firearmstraininginstitute.com,inquiry_only,Brown Valley,CA,"12583 Pony Express Trail, Browns Valley, CA 95918",,,,"Firearms Training Institute (FTI Inc.) is a firearms training organization serving multiple states including North Carolina, South Carolina, and New York. They offer concealed carry training classes, NRA First Steps courses, instructor training, tactical pistol instruction, and AR-15 training. The company provides flexible scheduling with private and group class options, emphasizing personalized instruction and firearms safety.",success,low,"No California-specific CCW course information found despite vendor location listed as Brown Valley, CA. Website focuses on NC/SC concealed carry training with pricing, but no standard 16hr or 8hr CCW course structure mentioned. No specific address provided, only general service areas listed.",,,,2026-04-13T04:37:12+00:00
santa-cruz,Safe Firearms Education,Bertrand Blanc,bertrand@safefirearmseducation.com,(408) 348-7966,,,San Jose,CA,,,,,,no_website,,,,,,2026-04-13T04:37:12+00:00
santa-cruz,Pistol Squad LLC,,tomdamsen@yahoo.com,(831) 750-8087,,,,CA,,,,,,no_website,,,,,,2026-04-13T04:37:12+00:00
santa-cruz,Silicon Valley Tactical Firearm Instruction,Todd Fleming; Robert Chang,SVT@comcast.net,(408) 313-1254,https://www.siliconvalleytactical.com,inquiry_only,Campbell,CA,,,,,"Silicon Valley Tactical (SVT) provides comprehensive firearm training programs from beginner to expert levels in Campbell, CA. They offer personalized learning experiences with friendly and experienced instructors who have decades of teaching experience, focusing on safety, accuracy, and speed to help students become proficient and self-confident. Their programs include private CCW initial and renewal courses, as well as specialized classes like ladies-only handgun training and advanced handgun tactics.",success,low,"Website shows course offerings but no specific pricing, no exact address beyond Campbell CA, and no direct booking capability - only generic course descriptions and testimonials",,,,2026-04-13T04:37:12+00:00
santa-cruz,Grover Group,Anoop Grover,anoop@grovergroup.biz,(510) 516-1431,https://www.ggccw.biz,inquiry_only,Newark,CA,,450,300,,"Grover Group Training is a California CCW training provider approved by 30+ sheriff's offices and police departments across Northern California. They offer hybrid delivery with virtual instructor-led lectures combined with live-fire qualification, featuring classes limited to 10 students. Led by certified instructors with credentials from California DOJ, NRA, USCCA, and POST, they provide training for initial and renewal CCW permits with requalification services.",success,high,Clear pricing found for full 16hr course and renewal. No separate day pricing or add-a-gun pricing found. Strong vendor description available from website content.,santa-cruz/ggccw-biz/logo.png,,santa-cruz/ggccw-biz/training_1.jpeg|santa-cruz/ggccw-biz/training_2.jpg,2026-04-13T04:37:12+00:00
santa-cruz,ASP Security / ASP Firearms Training,,,(800) 279-1780,https://www.aspfirearm.com,,San Jose,CA,"1185 Campbell Ave, San Jose, CA 95126",,,,,failed,,,,,,2026-04-13T04:37:12+00:00
santa-cruz,Executech Security Solutions Inc.,Lesile Garcia,,(408) 483-8051,https://www.executechinc.com,inquiry_only,Gilroy,CA,"777 1st Street Suite #180, Gilroy, CA 95020",,,,"Executech Security Solutions is a California-based corporation headquartered in the San Francisco Bay Area that specializes in investigative and protective solutions. The company offers CCW training for Santa Clara, San Benito & Santa Cruz Counties, along with BSIS exposed firearms certification and LEOSA HR218 recertification. Their staff consists of security and investigative professionals with extensive law enforcement, executive protection, corporate security and military operations backgrounds.",success,medium,"Found clear service offerings and address, but no specific pricing information provided. Contact required for scheduling and pricing details.",,,,2026-04-13T04:37:12+00:00
santa-cruz,BAT Tactical (Bay Area Tactical Group),Norman Ho,,(415) 568-6803,https://www.battactical.com,direct_booking,Foster City,CA,,400,200,,BAT Tactical (Bay Area Tactical Group) is the premier destination for tactical and firearms training in the Bay Area. Their expert certified instructors provide comprehensive programs from basic handgun and rifle training to advanced tactics and defensive strategies for all skill levels. They operate multiple ranges and locations with a focus on creating a safe and supportive learning environment where students can gain confidence and develop their skills.,success,medium,"Clear pricing for full 16hr initial ($400) and 8hr renewal ($200) courses, website indicates 'Shop Now' suggesting direct booking capability, but no specific address found and no individual day pricing or add-a-gun fees listed",,,santa-cruz/battactical-com/training_1.png|santa-cruz/battactical-com/training_2.png|santa-cruz/battactical-com/training_3.png,2026-04-13T04:37:12+00:00
santa-cruz,Bay Area Firearms Training Group,,,(650) 315-3665,https://www.bayareafirearms.com,unclear,Burlingame,CA,"390 Lang Rd, Burlingame, CA 94010",,,,,success,low,"Website content appears to be corrupted or encoded, making it impossible to extract meaningful information about services, pricing, or booking capabilities",,,,2026-04-13T04:37:12+00:00
santa-cruz,Apex Outdoors,Jeffrey Brouillette,jeffreytatebrouillette@gmail.com,(408) 621-2383,,,Santa Cruz,CA,,,,,,no_website,,,,,,2026-04-13T04:37:12+00:00
santa-cruz,Saber Tactics,Ephraim Cheever; Nicholas Suslow,,(650) 276-0009,https://www.sabertactics.com,inquiry_only,Foster City,CA,"1455 Beach Park Blvd, Foster City, CA 94404",,,,"Saber Tactics is a firearms training company in the San Francisco Bay Area led by instructors with over 16 years of law enforcement experience, including SWAT team background. They offer civilian CCW permit training for both California and non-California residents, along with various defensive shooting courses and beginner firearms classes. The company specializes in both civilian self-defense training and POST-certified law enforcement courses.",success,low,Website shows CCW training offerings but no pricing information found. Contact info available but no direct booking system visible. No specific address listed beyond Foster City location.,santa-cruz/sabertactics-com/logo.png,,,2026-04-13T04:37:12+00:00
santa-cruz,"McGrew & Associates, Inc.",Jonathan Chavoor,,(408) 647-4567,https://www.mcgrewpi.com,unclear,Santa Clara,CA,"275 Saratoga Ave STE 104, Santa Clara, CA 95050",,,,"McGrew & Associates, Inc. is a highly qualified investigative and security consulting firm in San Jose that offers California CCW courses among other security training services. The company brings over 100 years of combined experience in law enforcement, security and investigative services. They are a BSIS licensed training facility that has been recognized as the Bay Area's #1 security officer training facility for 9 years running.",success,low,"Website mentions CCW courses but provides no specific pricing, course structure, or booking details. Content is primarily focused on security guard training rather than CCW.",,,,2026-04-13T04:37:12+00:00
santa-cruz,U.S. LawShield,Todd Cotta,,877-448-6839,https://educate.uslawshield.com,,Hanford,CA,,,,,,success,,,,,,2026-04-13T04:37:12+00:00
shasta,Firearms Academy of Redding,Joel Northrup,,530-945-8925,https://www.reddingfirearms.com/,direct_booking,Redding,CA,"9880 Record Range Rd, Redding, CA 96001",295,164,,"Firearms Academy of Redding has been providing firearms training, self defense and CCW instruction to Redding, Shasta County and Northern California for over 30 years. The academy is owned and operated by POST certified firearms instructor Joel Northrup, who is approved by the Shasta County Sheriff's Office as a CCW instructor. They offer comfortable, relaxed training environments for both initial and renewal CCW courses that meet DOJ standards, serving residents of multiple Northern California counties including Shasta, Tehama, Trinity, and Siskiyou.",success,high,"Clear pricing found for full courses and renewal, direct registration system available, good vendor description from website copy. No address found and no per-day pricing breakdown available.",shasta/reddingfirearms-com/logo.png,shasta/reddingfirearms-com/instructor_1.jpg|shasta/reddingfirearms-com/instructor_2.jpg,shasta/reddingfirearms-com/training_1.jpg|shasta/reddingfirearms-com/training_2.jpg|shasta/reddingfirearms-com/training_3.jpg,2026-04-14T20:40:57+00:00
shasta,Northern Firearm Instruction,Ted Lidie,,530-999-1822,http://www.countyccw.com,unclear,Redding,CA,"11091 Rhyolite Dr #1, Redding, CA 96003",,,,"Northern Firearms Instruction is a team of highly experienced NRA credentialed and DOJ licensed instructors operating throughout California. They specialize in California CCW courses for new and experienced shooters, serving over 50 counties and cities with private ranges and classrooms. NFI teaches courses in a stress-free learning environment and is considered the authority on CCW law and firearm training throughout California.",success,low,Website shows extensive coverage and services but lacks specific pricing information and clear booking process. Multiple locations listed but no specific address for the main business. Booking appears to require phone contact but process is unclear.,,,shasta/countyccw-com/training_1.jpg|shasta/countyccw-com/training_2.jpg,2026-04-14T20:40:57+00:00
shasta,Echo Whiskey Tactical,Walt Bullington,,530-262-1672,https://www.echowhiskeytactical.com/,inquiry_only,,CA,,,,,"Echo Whiskey Tactical is a veteran-owned business that provides firearms and personal defense instruction throughout California and Oregon, serving multiple counties including Shasta, Siskiyou, Tehama, Butte, Glenn, Colusa, Plumas and Sacramento. All instructors are certified and highly experienced law enforcement and military veterans with real-world experience. They offer CCW courses, tactical pistol training, workplace violence response training, and private firearms courses with a minimum of eight students required for private classes.",success,low,"No pricing information found, no direct booking system evident, no specific address provided. Only basic service description available.",,,,2026-04-14T20:40:57+00:00
shasta,Bullseye Tactical Firearms,Christopher Ewens,,530-235-0721,https://guninstructor.com/,inquiry_only,Castella,CA,"27373B Fat Bear Rd, Castella, CA 96017",320,160,0,"Bullseye Tactical Firearms Training provides CCW permit classes and tactical firearms training in the Redding, Shasta County, Mt. Shasta, and Siskiyou County area of California. They offer small class sizes limited to five students at their private range, with owner Christopher Ewens instructing every class. The company emphasizes personalized attention and safety, with no accidents reported over 39 years of instruction.",success,medium,"Found clear pricing for full 16hr course and add-a-gun (free), good vendor description, but no specific address, renewal pricing, or direct booking capability",shasta/guninstructor-com/logo.png,shasta/guninstructor-com/instructor_1.jpg|shasta/guninstructor-com/instructor_2.jpg|shasta/guninstructor-com/instructor_3.jpg,shasta/guninstructor-com/training_1.jpg|shasta/guninstructor-com/training_2.jpg|shasta/guninstructor-com/training_3.jpg,2026-04-14T20:40:57+00:00
shasta,Firearms Training,John Panger,,530-722-7200,,,,CA,,,,,,no_website,,,,,,2026-04-13T04:37:12+00:00
shasta,Armed Safety Firearms Instr.,Kevin Johnson,,530-300-8000,,,,CA,,,,,,no_website,,,,,,2026-04-13T04:37:12+00:00
shasta,Nice Shot,Andrew Hackett,,,https://niceshot.net,inquiry_only,Redding,CA,"4765 Caterpillar Rd, Redding, CA 96003",,,,"Nice Shot is a premier indoor shooting range and firearms training facility in Redding featuring twelve shooting lanes and extensive rental firearm options. They offer CCW permit training for multiple Northern California counties including Shasta, Tehama, Lassen, and others, with instruction from experienced law enforcement professionals. The facility emphasizes safety and provides a welcoming environment for both new and experienced shooters, offering everything from basic firearms training to advanced defensive tactics and competitive shooting opportunities.",success,low,"Found good vendor description and service offerings, but no specific pricing for CCW classes or booking details. Website mentions CCW training but pricing and scheduling information is not provided in the content.",,,shasta/niceshot-net/training_1.jpg|shasta/niceshot-net/training_2.jpg,2026-04-13T04:37:12+00:00
shasta,State of Jefferson Firearms,Frank Caltabiano,,530-227-9224,https://packyourpistol.com/,direct_booking,Red Bluff,CA,"26950 Manton Rd., Red Bluff, CA",295,150,,"State of Jefferson Firearms Training is a certified CCW training center serving North State California residents across multiple counties including Tehama, Shasta, Glenn, Trinity, Lassen, and Siskiyou. They offer both 16-hour initial and 8-hour renewal CCW courses combining classroom instruction on firearms laws and range qualification time. The company is also certified to teach Non-resident California CCW permit classes for out-of-state residents.",success,high,"Clear pricing for both courses, direct booking via 'Add to Cart' buttons, specific address provided, and comprehensive vendor description available from website content",shasta/packyourpistol-com/logo.jpg,,,2026-04-14T20:40:57+00:00
shasta,Mountain Tactical Training,John Laws,,530-510-7118,,,French Gulch,CA,"13068 E Fork Rd, French Gulch, CA 96033",,,,,no_website,,,,,,2026-04-13T04:37:12+00:00
shasta,Distinguished Firearms Instruction,Rick DeRuyter,,530-524-7594,https://distinguishedfirearms.com/,direct_booking,,CA,,285,125,,"Distinguished Firearms Instruction specializes in Concealed Weapons Classes and firearms instruction in Northern California, serving Shasta, Siskiyou, and surrounding counties. They offer CCW certification courses that comply with SB2 requirements in a fun and extremely safe environment. Their courses include tactical, CPR, and trauma training components, and they provide both initial certification and renewal classes at various locations including Redding, Weed, and Etna.",success,medium,"Found clear pricing for 16hr full course ($285) and renewal ($125), plus direct booking system. However, no specific address found and some pricing marked as TBD. Add-a-gun service appears free but details unclear.",,,,2026-04-14T20:40:57+00:00
shasta,Down Range,Stephen Dyke,,530-896-1992,https://www.downrangechico.com/,unclear,Chico,CA,,,,,"Down Range Indoor Training Center is the area's only 25-yard pistol, rifle and shotgun range as well as the area's only full service uniform shop. They offer numerous training classes including CCW, Advanced pistol courses and specialized training for women and youth. Down Range is Northern California's only 5 star rated range, and one of two 5 star ranges in the entire state rated by the National Shooting Sports Foundation.",success,low,"Found good vendor description but no pricing information, booking capability unclear, and no address provided. CCW classes are mentioned but no specific pricing or booking details found.",shasta/downrangechico-com/logo.png,,shasta/downrangechico-com/training_1.png,2026-04-14T20:40:57+00:00
shasta,NOR CAL Defense,Todd Hansen,,530-945-6430,,,Redding,CA,"11091 Rhyolite Dr #1, Redding, CA 96003",,,,,no_website,,,,,,2026-04-13T04:37:12+00:00
shasta,Redding Guns LLC,Tyler Thompson,,530-605-4867,https://www.reddingguns.com/,,,CA,137 Locust St,,,,,success,,,,,,2026-04-14T20:40:57+00:00
shasta,Jones Fort,Marshall Jones,,530-222-3223,https://jonesfort.com/,none,,CA,1600 E Cypress Ave #2,,,,"Jones' Fort is a gun shop serving Redding since 1962, offering firearms sales, transfers, and California regulatory compliance assistance. They buy, sell, and trade new and used firearms with a 1-Year warranty. The shop provides staff with hands-on hunting and shooting experience to help customers select appropriate firearms.",success,low,This is a gun shop/dealer website with no evidence of CCW training services or related pricing. Contains general calendar and class references but no specific CCW course information.,,,shasta/jonesfort-com/training_1.png,2026-04-14T20:40:57+00:00
shasta,N & N Firearms Safety Training,Stan Nuetze,,530-356-1247,,,Redding,CA,"11091 Rhyolite Dr #1, Redding, CA 96003",,,,,no_website,,,,,,2026-04-13T04:37:12+00:00
shasta,Evan Macivor Consulting,Evan Macivor,,530-859-3491,,,,CA,,,,,,no_website,,,,,,2026-04-13T04:37:12+00:00
shasta,Shasta Defense,Nathan Zeliff,,530-474-3267,https://www.shastadefense.com/,inquiry_only,Redding,CA,"1304 East St #113, Redding, CA 96001",225,125,25,"Shasta Defense provides CCW instruction in Shingletown, California, with Sheriff permits valid for all of California. Nathan Zeliff, a California Attorney at Law and certified DOJ and NRA firearms instructor, leads small class sizes offering more individual instruction. The company is approved by both Shasta and Tehama County Sheriff's Offices and provides training that exceeds other similar courses, meeting new DOJ training standards.",success,medium,"Clear pricing found but unclear exact address (only mentions Shingletown, California). Booking requires calling phone number rather than online booking. Good vendor description available from website copy.",,,shasta/shastadefense-com/training_1.jpg,2026-04-14T20:40:57+00:00
shasta,Greco Firearm Sales,Rick Greco,,530-244-3551,,,,CA,,,,,,no_website,,,,,,2026-04-13T04:37:12+00:00
shasta,Ryan Watters Firearms Instruction,Ryan Watters,,530-351-2063,,,,CA,,,,,,no_website,,,,,,2026-04-13T04:37:12+00:00
shasta,Zombie Arms & Ammunition,Sean Patterson,,530-921-1486,,,,CA,,,,,,no_website,,,,,,2026-04-13T04:37:12+00:00
shasta,Old West Firearms Training,Christopher Haggerty,,530-243-8334,,,Redding,CA,"568 N Market St, Redding, CA 96003",,,,,no_website,,,,,,2026-04-13T04:37:12+00:00
shasta,K2 Defense Academy,Kerem Kapkin,,831-334-4041,https://k2defenseacademy.com/,inquiry_only,,CA,,,,,"K2 Defense Academy provides professional, family-friendly firearms training by NRA and DOJ certified instructors serving Shasta, Tehama, Butte County, and surrounding areas in Northern California. They offer NRA certified courses including Basic Pistol, Basic Rifle, and Personal Protection training, along with CCW certification classes for initial certification and renewals. The academy focuses on empowering individuals through comprehensive training in firearms and less lethal products for personal safety and confidence.",success,low,Website has contact form for inquiries but no pricing information or specific address. Only general service area mentioned (Northern California counties). No course pricing or booking system visible.,shasta/k2defenseacademy-com/logo.png,,,2026-04-14T20:40:57+00:00
shasta,Gibb Tactical,Matthew Gibb,,530-524-5727,https://www.gibbtactical.com,,Anderson,CA,"4506 Panorama Point Rd, Anderson, CA 96007",,,,,failed,,,,,,2026-04-14T20:40:57+00:00
shasta,The Cowan Code of Arms,Bryan Cowan,,530-339-8676,,,,CA,,,,,,no_website,,,,,,2026-04-13T04:37:12+00:00
shasta,LibertyTactical,Joe Copher,,530-646-9493,,,,CA,,,,,,no_website,,,,,,2026-04-13T04:37:12+00:00
sierra,The Range,Kris Przepiorski; Elizabeth Self,,530-273-4440,https://therangeus.com,inquiry_only,Grass Valley,CA,"13235 B Grass Valley Avenue, Grass Valley, CA 95945",,,,"The Range is Nevada County's only indoor rifle and pistol range, featuring ten 25-yard handgun lanes and four 50-yard rifle lanes. They offer a complete selection of classes for new to experienced shooters with certified instructors in their modern classroom. The facility also includes a gun shop stocked with quality firearms and shooting accessories, and offers specialized classes including women-only courses.",success,low,Website mentions CCW classes but provides no pricing information or specific details about course structure. Only mentions classes are available with a calendar link.,,,sierra/therangeus-com/training_1.jpg|sierra/therangeus-com/training_2.jpg|sierra/therangeus-com/training_3.jpg,2026-04-13T19:36:25+00:00
sierra,Nice Shot,,,530-241-6486,https://niceshot.net/,unclear,Redding,CA,4765 Caterpillar Rd,,,,"Nice Shot is Redding's premier indoor shooting facility featuring a 25-yard range with 12 lanes that serves as both a shooting range and training center. They offer CCW classes for multiple Northern California counties including Shasta, Tehama, Lassen, and others, with instructors who have law enforcement backgrounds. The facility provides comprehensive firearm training programs from introductory courses to advanced defensive tactics, along with extensive firearm rentals and FFL services.",success,low,Website shows CCW services for multiple counties but no specific pricing information found for CCW classes. Has booking/registration language but no clear booking system visible. Missing address and all pricing details.,,,sierra/niceshot-net/training_1.jpg,2026-04-14T20:40:57+00:00
sierra,Twin Cities Rod & Gun,Chris Taylor,,530-790-0464,https://www.twincitiesgunclub.com,unclear,Yuba City,CA,"68 Second St, Yuba City, CA",,,,"Twin Cities Rod and Gun Club is a recreational shooting club in Yuba City that maintains two active ranges and offers CCW classes accepted by Sutter and Yuba Counties. The club's mission includes providing safe shooting experiences, promoting shooting sports, and offering shooting opportunities to youth and new shooters through education and instruction.",success,low,"Only found basic location and that they offer CCW classes - no pricing, booking details, or course specifics provided",,,,2026-04-14T20:40:57+00:00
sierra,Sierra CCW Firearms,,,530-414-4660,,,Truckee,CA,,,,,,no_website,,,,,,2026-04-13T04:37:12+00:00
sierra,Feather River Defense,Travis J. Schiavone,,530-616-0338,,,Portola,CA,,,,,,no_website,,,,,,2026-04-13T04:37:12+00:00
sierra,EWG Guns,,,,https://www.ewgguns.com/,inquiry_only,Loomis,CA,"5959 Horseshoe Bar Rd, Loomis, CA 95650",,,,"EWG Guns is a locally owned firearms shop serving Loomis and surrounding communities that specializes in buying, selling, and trading firearms, along with ammunition and accessories. They offer firearms training through instructor Tamara Dumont, who provides safety-focused, professional instruction with clear explanations and practical context. The shop also provides DOJ-certified Firearm Safety Certificate testing and California Hunter Education courses.",success,low,"No CCW-specific training or pricing information found. Website mentions general firearms training and FSC testing, but no details on CCW permit courses or pricing. Training information redirects to external website (n414defense.com)",sierra/ewgguns-com/logo.jpg,,sierra/ewgguns-com/training_1.jpg|sierra/ewgguns-com/training_2.jpeg|sierra/ewgguns-com/training_3.jpg,2026-04-14T20:40:57+00:00
sierra,USCCA,Gerald Cope,,860-268-8236,,,Washoe Valley,NV,,,,,,no_website,,,,,,2026-04-13T04:37:12+00:00
sierra,U.S. LawShield,National Organization,,877-448-6839,https://educate.uslawshield.com,direct_booking,Houston,CA,,,199,,"U.S. LawShield Academy is an online firearms training platform that offers comprehensive educational courses for both students and instructor certifications. They provide state-specific concealed carry courses, fundamental firearms training modules, and specialized legal education focusing on self-defense law. The platform emphasizes legal aspects of firearms ownership and self-defense, with courses designed by attorneys, instructors, and college professors.",success,medium,"This is primarily an online training platform, not traditional in-person CCW training. Pricing found for various state courses (~$75) and California renewal ($199), but no clear 16-hour course structure. No physical address found as it's an online platform.",sierra/educate-uslawshield-com/logo.png,sierra/educate-uslawshield-com/instructor_1.jpg,sierra/educate-uslawshield-com/training_1.jpg|sierra/educate-uslawshield-com/training_2.jpg|sierra/educate-uslawshield-com/training_3.jpg,2026-04-13T04:37:12+00:00
siskiyou,1791 Firearms Training,Beau McAdam,Beau.McAdam@gmail.com,510-305-6629,,,,CA,,,,,,no_website,,,,,,2026-04-13T04:37:12+00:00
siskiyou,AAO – American Armed Ordinances,Bryan,Bryan@aao-co.com,707-400-3677,,,Petaluma,CA,,,,,,no_website,,,,,,2026-04-13T04:37:12+00:00
siskiyou,Angels Firearm Instruction,,,530-990-1807,,,Red Bluff,CA,,,,,,no_website,,,,,,2026-04-13T04:37:12+00:00
siskiyou,Armed Safety Firearm Instruction,,,530-300-8000,,,Cottonwood,CA,,,,,,no_website,,,,,,2026-04-13T04:37:12+00:00
siskiyou,Bullseye Tactical Firearms Training,,info@guninstructor.com,530-235-0721,https://guninstructor.com/,inquiry_only,Castella,CA,,320,160,0,"Bullseye Tactical Firearms Training provides convenient CCW permit classes, tactical handgun training, and tactical rifle training in the Redding, Shasta County, Mt. Shasta, and Siskiyou County area of California. Owned and instructed by Christopher Ewens, the company offers small class sizes (2-5 students) with private range access, combining classroom and range instruction at the same location. They offer private classes for three or more students at no extra cost, and qualifying with additional handguns after completion is free.",success,medium,"Found clear pricing for 16hr full course ($320) and free add-a-gun service, but no renewal pricing found. Booking requires contacting them rather than direct online booking. No specific address provided despite location being listed as Castella, CA.",siskiyou/guninstructor-com/logo.png,siskiyou/guninstructor-com/instructor_1.jpg|siskiyou/guninstructor-com/instructor_2.jpg|siskiyou/guninstructor-com/instructor_3.jpg,siskiyou/guninstructor-com/training_1.jpg|siskiyou/guninstructor-com/training_2.jpg|siskiyou/guninstructor-com/training_3.jpg,2026-04-14T20:40:57+00:00
siskiyou,Distinguished Firearms,Rick Derutyer,Rick_Derutyer@hotmail.com,530-524-7594,https://distinguishedfirearms.com/,direct_booking,Redding,CA,,285,125,0,"Distinguished Firearms Instruction specializes in Concealed Weapons Classes and Firearms instruction in a fun and extremely safe environment. They offer 16-hour, two-day CCW classes that comply with California rules and regulations and new SB2 changes, including tactical/CPR/trauma training. The company serves Northern California counties including Shasta, Lassen, Modoc, Tehama, Trinity and Siskiyou County CCW licenses.",success,medium,"Found clear pricing for full 16hr course and renewal, plus free gun qualification. Has online booking system. Missing specific address and day-by-day pricing breakdown for 16hr course.",,,,2026-04-14T20:40:57+00:00
siskiyou,Firearms Academy of Redding,Joel,Joel@reddingfirearms.com,530-945-8925,https://www.reddingfirearms.com/,direct_booking,Redding,CA,,295,164,,"Firearms Academy of Redding has been providing firearms training, self defense and CCW instruction to Redding, Shasta County and Northern California for over 30 years. The academy is owned and operated by Joel Northrup, a POST certified firearms instructor who is approved by the Shasta County Sheriff's Office as a CCW instructor. They offer both California resident CCW training and non-resident permits for Florida, Arizona and other states, with classes taught in a comfortable and relaxed atmosphere.",success,high,"Clear pricing and booking found, but no specific address or per-gun add fees listed",siskiyou/reddingfirearms-com/logo.png,siskiyou/reddingfirearms-com/instructor_1.jpg|siskiyou/reddingfirearms-com/instructor_2.jpg,siskiyou/reddingfirearms-com/training_1.jpg|siskiyou/reddingfirearms-com/training_2.jpg|siskiyou/reddingfirearms-com/training_3.jpg,2026-04-14T20:40:57+00:00
siskiyou,Jones Fort,Marshall,Marshall@jonesfort.com,530-222-3223,https://jonesfort.com/,inquiry_only,Redding,CA,,,,,"Jones' Fort is a gun shop serving Redding since 1962 that offers buying, selling, and trading of firearms with a 1-year warranty. Their qualified staff provides first-hand knowledge to help customers select firearms and navigate California regulations. They also handle gun transfers and consignments.",success,low,"This appears to be primarily a gun shop website with no CCW training information, pricing, or booking capabilities mentioned. Only found contact information and general gun shop services.",,,siskiyou/jonesfort-com/training_1.png,2026-04-14T20:40:57+00:00
siskiyou,Northern Firearm's Instruction,Ted; S. Stout,ted@usgunpro.com,530-999-1822,,,Redding,CA,,,,,,no_website,,,,,,2026-04-13T04:37:12+00:00
siskiyou,Nice Shot Indoor Shooting Range,,niceshotrange@gmail.com,530-241-6486,,,Redding,CA,4765 Caterpillar Rd,,,,,no_website,,,,,,2026-04-13T04:37:12+00:00
siskiyou,State of Jefferson Firearms Training,,guntrainer1911@gmail.com,530-227-9224,https://packyourpistol.com/,direct_booking,Red Bluff,CA,"26950 Manton Rd., Red Bluff, CA",295,150,,"State of Jefferson Firearms Training serves North State California residents with comprehensive CCW training programs. They offer both 16-hour initial CCW classes completed over two days and 8-hour renewal classes typically completed in one day. The training combines classroom instruction on firearms laws and deadly force with range qualification time, and they are certified to teach in multiple counties including Tehama, Shasta, Glenn, Trinity, Lassen, and Siskiyou counties.",success,high,"Clear pricing found for both courses, direct booking capability with Add to Cart buttons, specific address provided, and comprehensive vendor description available from website content",siskiyou/packyourpistol-com/logo.jpg,,,2026-04-14T20:40:57+00:00
siskiyou,State of Jefferson Outdoors,Jess Harris,jessharris2525@gmail.com,530-643-9084,https://stateofjeffersonoutdoors.net,unclear,Montague,CA,,,,,,success,low,"Website appears to be primarily about hunting/outdoor activities and photography services, with no clear CCW training information found",siskiyou/stateofjeffersonoutdoors-net/logo.jpg,,siskiyou/stateofjeffersonoutdoors-net/training_1.png,2026-04-14T20:40:57+00:00
siskiyou,Tony Ross,Tony Ross,rossgunworks@gmail.com,530-640-3717,,,Tulelake,CA,,,,,,no_website,,,,,,2026-04-13T04:37:12+00:00
siskiyou,Whiskey Echo Tactical Training,Forsberg,info@echowhiskeytactical.com,530-262-1672,,,McCloud,CA,,,,,,no_website,,,,,,2026-04-13T04:37:12+00:00
siskiyou,Zombie Arms and Ammunition,S. Patterson,spatterson@zombiearmsandammo.com,530-921-1486,,,Palo Cedro,CA,,,,,,no_website,,,,,,2026-04-13T04:37:12+00:00
solano,29 Outdoor Gear,,Jerry@29outdoorgear.com,(707) 647-2511,https://29outdoorgear.com,unclear,,CA,,,,,"29 Outdoor Gear is a firearms retailer located in American Canyon, California, founded in 2014 by Jerry Kunzman and David Lang, two local Napa Area residents and firearms enthusiasts. The shop is situated just off Highway 29 in the heart of American Canyon and carries most major firearm brands.",success,low,"Website appears to be a firearms retailer, not a CCW training vendor. No CCW training courses, pricing, or booking information found.",solano/29outdoorgear-com/logo.png,,solano/29outdoorgear-com/training_1.jpg|solano/29outdoorgear-com/training_2.jpg|solano/29outdoorgear-com/training_3.jpg,2026-04-13T04:37:12+00:00
solano,2A Firearms Academy,,contact@2Afirearmsacademy.com,(707) 410-0389,https://2afirearmsacademy.com,unclear,,CA,,400,250,,"2A Firearms Academy is a Bay Area firearms training company founded by certified instructors Doug Kevilus and Ryan Lewis. They provide CCW certification training accepted by over 30 jurisdictions throughout the Bay Area, along with defensive training courses and private instruction. The academy specializes in working with first-time gun owners and CCW applicants, offering comprehensive training that combines classroom instruction with live-fire exercises at outdoor ranges.",success,medium,Clear pricing for 16hr CCW ($400) and 8hr renewal ($250) found. No specific address provided. Booking process unclear - no obvious online booking system mentioned. Good vendor description available from their mission and service descriptions.,solano/2afirearmsacademy-com/logo.png,solano/2afirearmsacademy-com/instructor_1.jpg|solano/2afirearmsacademy-com/instructor_2.png,solano/2afirearmsacademy-com/training_1.jpg|solano/2afirearmsacademy-com/training_2.jpg|solano/2afirearmsacademy-com/training_3.jpg,2026-04-13T04:37:12+00:00
solano,AAO,,info@aao-co.com,(707) 400-3677,https://aao-co.com,direct_booking,,CA,,350,175,75,"AAO provides comprehensive CCW training throughout the Bay Area and surrounding counties with DOJ certified instructors including law enforcement veterans with decades of experience. They offer both in-person and online CCW courses, specializing in personalized instruction that focuses on building individual skills and real-life situational awareness. Their training programs are approved by multiple agencies and include specialized services like red dot system instruction.",success,high,"Clear pricing found for most services, strong vendor description available, direct booking capability evident, but no specific address provided",,solano/aao-co-com/instructor_1.jpg|solano/aao-co-com/instructor_2.jpg,solano/aao-co-com/training_1.jpg|solano/aao-co-com/training_2.jpg|solano/aao-co-com/training_3.jpg,2026-04-13T04:37:12+00:00
solano,Bay Area Tactical,,batinstructors@gmail.com,(415) 568-6803,https://battactical.com,direct_booking,,CA,,400,200,,"Bay Area Tactical Group is a premier tactical and firearms training company serving the Bay Area with expert instructors providing education and support for all skill levels. They offer a wide range of courses from basic handgun and rifle training to advanced tactics and defensive strategies, operating multiple ranges and locations including a private ranch range. The company prioritizes safety while creating a supportive learning environment where students can gain confidence and develop their shooting skills.",success,medium,"Found clear pricing for CCW courses and good vendor description, but missing address and breakdown of 16hr course into separate days. Booking capability appears direct based on 'Shop Now' buttons and cart functionality.",,,solano/battactical-com/training_1.png|solano/battactical-com/training_2.png|solano/battactical-com/training_3.png,2026-04-13T04:37:12+00:00
solano,Blue Ridge Consulting and Firearms,Dave Adams,Dave@brcarms.com,(707) 689-0172,https://brcarms.com,direct_booking,Rio Vista,CA,"4132 Robinson Road
Rio Vista, CA.",350,125,,"Blue Ridge Consulting and Firearms is led by Dave Adams, who brings an exceptional level of real-world experience to firearms instruction, having served 37 years in the U.S. Army Reserves — retiring at the rank of Command Sergeant Major — with service in the Rangers, Special Forces, and Civil Affairs, including roles as a mountain Ranger camp instructor and Course Manager for the Civil Affairs School. He also retired after 25 years in law enforcement, where he served in patrol, narcotics, SWAT, and as a POST-certified firearms instructor, FBI firearms instructor course graduate, and Agency Range Master. Dave holds armorer certifications for Glock, Colt, and Smith & Wesson, and is a member of the National Tactical Officers Association, California Tactical Officers Association, and International Association of Counterterrorism and Security Professionals.",success,high,manual,,,,2026-04-13T04:37:12+00:00
solano,CoCo Firearms Training,,Tim@cocofirearmtraining.com,(925) 384-1920,https://cocofirearmtraining.com,,,CA,,,,,,success,,,,,,2026-04-13T04:37:12+00:00
solano,Dobbs Firearm Training,,training@dobbsfirearmtraining.com,(707) 271-6174,https://dobbsfirearmtraining.com,direct_booking,Richmond,CA,"3155 Goodrick Ave, Richmond, CA 94801",,265,,"Dobbs Firearm Training provides California CCW training courses, specializing in 8-hour SB2 training requirements for permit renewals. They serve multiple counties including Calaveras, Contra Costa, Solano, Napa, Sacramento, and Yolo County. Currently operating from Richmond Rod & Gun Club after relocating their classroom to the club's action range facility.",success,medium,"Found clear renewal pricing and booking capability, but no 16-hour initial course pricing visible. Limited vendor description content available from website copy.",,,,2026-04-13T04:37:12+00:00
solano,Guns Fishing and Other Stuff,,travis@gunsfisihing.com,(707) 451-1199,https://gunsfishing.com,inquiry_only,Dublin,CA,"6705 Amador Plaza Rd, Dublin, CA 94568",,,,,success,high,manual,,,,2026-04-13T04:37:12+00:00
solano,Northern Firearms Instruction,,sstout@usgunpro.com,(530) 999-1822,https://usgunpro.com,,,CA,,,,,,success,,,,,,2026-04-13T04:37:12+00:00
solano,"Paladin Tactical US, LLC",,dan@paladin-tactical-us.com,(707) 863-1064,https://www.paladin-tactical-us.com,,,CA,,,,,,success,,,,,,2026-04-13T04:37:12+00:00
solano,"Shields Defense, LLC",,michael@shieldsdefensellc.com,(707) 592-2833,https://www.shieldsdefense.com,direct_booking,,CA,,,,,"Shields Defense is a black-owned company founded by two brothers with expertise in firearms training and emergency medical services. They offer CCW qualification courses for both Solano County and Contra Costa County, along with beginner pistol courses and dynamic shooting instruction. The instructors are USCCA and DOJ certified, with one being a Paramedic Captain and the other holding USPSA A Class ranking.",success,low,"No pricing information found for CCW courses (initial 16hr or renewal 8hr). Only pricing available is for other training courses. Booking links are present but no direct booking interface visible. Location mentioned as classroom in Hercules, CA but no street address provided.",,,solano/shieldsdefense-com/training_1.jpg|solano/shieldsdefense-com/training_2.jpg|solano/shieldsdefense-com/training_3.jpg,2026-04-13T04:37:12+00:00
solano,Split Fire Firearms Training,,mikek_27@yahoo.com,(707) 712-8300,https://www.splitfiretraining.com,direct_booking,Concord,CA,"USI Club House, 4700 Evora Rd, Concord, CA 94520",395,275,75,"Split Fire Firearms Training is an approved training company serving Northern California since 2010, specializing in CCW certifications for most North Bay area counties along with Alameda, Napa and Sacramento County. They offer NRA Basic Firearms Training, Concealed Carry Certification, and Advanced Firearms Training for civilians as well as law enforcement and government employees. Classes include both online components via Zoom and hands-on range training at United Sportsmen Inc. in Concord, CA.",success,high,"Clear pricing found for 16hr initial ($395), 8hr renewal ($275), and add-a-gun ($75). Registration form shows direct booking capability. No specific address given for the business, only class location.",solano/splitfiretraining-com/logo.jpg,solano/splitfiretraining-com/instructor_1.jpg,solano/splitfiretraining-com/training_1.jpg|solano/splitfiretraining-com/training_2.jpg,2026-04-13T04:37:12+00:00
sonoma,Paladin Tactical US,Daniel Butler,dan@paladin-tactical-us.com,(707) 863-1064,https://www.paladin-tactical-us.com,unclear,Fairfield,CA,,,,,"Paladin Tactical offers CCW training and comprehensive firearms instruction in the Bay Area, operating at United Sportsmen range in Concord, CA. Their team provides advanced pistol, rifle, shotgun, and scenario-based training for responsible citizens, law enforcement, and security professionals. They emphasize creating a professional and safe training environment with experienced instructors.",success,low,"Website appears to be a header/navigation page with general promotional content. No pricing information, specific course details, or clear booking process found. Only mentions operating at United Sportsmen range in Concord.",sonoma/paladin-tactical-us-com/logo.png,,,2026-04-13T04:37:12+00:00
sonoma,2nd AMENDMENT FIREARMS ACADEMY,Doug Kevilus,contact@2aFirearmsAcademy.com,(707) 410-0389,https://www.2afirearmsacademy.com,unclear,Concord,CA,,400,250,,"2A Firearms Academy is a Bay Area-based firearms training company founded by U.S. Army veteran Doug Kevilus and co-founder Ryan Lewis. The academy specializes in California CCW certification and defensive firearms training, serving over 30 jurisdictions across the Bay Area. Their instructors are DOJ certified CCW instructors with backgrounds in military and competitive shooting, offering comprehensive training that combines classroom instruction with live-fire exercises at outdoor ranges.",success,medium,"Found clear pricing for 16hr CCW ($400) and 8hr renewal ($250), good vendor description, but no specific address or clear booking process. Private training pricing available but not relevant to standard CCW courses.",sonoma/2afirearmsacademy-com/logo.png,sonoma/2afirearmsacademy-com/instructor_1.jpg|sonoma/2afirearmsacademy-com/instructor_2.png,sonoma/2afirearmsacademy-com/training_1.jpg|sonoma/2afirearmsacademy-com/training_2.jpg|sonoma/2afirearmsacademy-com/training_3.jpg,2026-04-13T04:37:12+00:00
sonoma,Titan Protective Training,Jammey Feith,titanprotectiveccw@gmail.com,(707) 568-1777,https://www.titanprotective.com,inquiry_only,Windsor,CA,"P.O. Box 1777, Windsor, CA 95492",,,,"Titan Protective Services & Training is owned and operated by Jammey Feith, a retired Sonoma County Sheriff's Office officer with over 27 years of firearms expertise. Located in Sonoma County, they offer specialized firearms training including CCW certification, BSIS training, and home defense instruction using small class sizes and a private local gun range. The company provides comprehensive training backed by extensive law enforcement experience and partnerships with various federal and state agencies.",success,medium,"Clear contact info and detailed vendor description found, but no pricing information available on website. Booking appears to be inquiry-only through phone/email contact.",,sonoma/titanprotective-com/instructor_1.jpg,,2026-04-13T04:37:12+00:00
sonoma,Ferguson Arms LLC,John Ferguson,john@fergusonarms.com,(707) 332-1635,https://www.fergusonarms.com,inquiry_only,Santa Rosa,CA,,325,200,,Ferguson Arms LLC is a Santa Rosa-based firearms dealer and training provider operating by appointment only. They offer 16-hour initial concealed carry courses for Sonoma County at $325 and 8-hour renewal classes at $200. The company also provides FFL transfer services and firearm sales with a focus on professional customer service and quality.,success,medium,"Clear pricing for CCW courses and business description found, but address is only city/state level and booking requires calling/emailing rather than direct online booking",sonoma/fergusonarms-com/logo.jpg,,,2026-04-13T04:37:12+00:00
sonoma,AAO,Bryan Kinney,Bryan@aao-co.com,(707) 400-3677,https://www.aao-co.com,,Guerneville,CA,,,,,,success,,,,,,2026-04-13T04:37:12+00:00
sonoma,G4 Firearms,Scott Gabaldon,,(707) 540-0509,https://www.g4firearms.com,inquiry_only,Windsor,CA,"2490 W 3rd St Santa Rosa, CA 95401",300,200,,"G4 Firearms is a full-service gun store and training facility serving Sonoma County. They offer firearms courses for every skill level including CCW training, women's handgun safety, home defense, and private lessons. In addition to training, they stock firearms, ammunition, tactical gear, and accessories, and provide basic gunsmithing services.",success,medium,"Found CCW course price of $300 and clear business description, but pricing structure unclear (16hr vs 8hr breakdown not specified). Booking requires phone call inquiry only.",,,sonoma/g4firearms-com/training_1.png|sonoma/g4firearms-com/training_2.jpg|sonoma/g4firearms-com/training_3.jpg,2026-04-13T04:37:12+00:00
sonoma,Kraushaar Firearm Services,KEN KRAUSHAAR,gun-tech@kraushaarfirearms.com,(707) 795-8952,https://www.kraushaarfirearms.com,unclear,Rohnert Park,CA,,,,,,success,low,"Only found age disclaimer page with no substantive information about services, pricing, or business details",sonoma/kraushaarfirearms-com/logo.png,,,2026-04-13T04:37:12+00:00
stanislaus,Trident Firearms Academy,,,209-535-0077,https://tridentfirearms.com,direct_booking,Salida,CA,,,,,"Trident Firearms Academy is the Central Valley's premier firearms training organization that empowers civilians, security and military personnel, and law enforcement officers with comprehensive training in handguns, rifles, and shotguns. Their training focuses on three critical subjects represented by the trident: gun handling, marksmanship, and mindset, with an emphasis on situational awareness and real-world preparability. They offer CCW initial and renewal courses, advanced training programs, and specialized courses including vehicle defense and instructor certification throughout the Central Valley region.",success,low,"Clear class offerings and vendor description found, but no pricing information visible despite having detailed course schedules and booking system",stanislaus/tridentfirearms-com/logo.png,,,2026-04-13T04:37:12+00:00
stanislaus,Defend To Survive,,,209-542-8542,https://www.defendtosurvive.com,direct_booking,Hughson,CA,,240,120,,,success,medium,"Clear pricing and booking capability found, but no address, vendor description, or individual day pricing available",stanislaus/defendtosurvive-com/logo.png,,stanislaus/defendtosurvive-com/training_2.jpg|stanislaus/defendtosurvive-com/training_3.jpg,2026-04-13T04:37:12+00:00
stanislaus,"Valley Defense Consulting, Inc.",,,209-552-5728,https://www.valleydefense.com,direct_booking,Modesto,CA,"P.O. Box 583512, Modesto, CA 95358",325,195,,"Valley Defense Consulting offers comprehensive firearms training for civilians and law enforcement in Modesto, California. Their instructors have served in local law enforcement and have been trained by internationally recognized facilities. They provide handgun, shotgun, and carbine training, CCW concealed carry courses, non-lethal defense, and tactical training with application to real-life situations.",success,medium,"Clear booking system and some pricing found, but 16hr course shows as 2-day class for $325 without separate day pricing. Multiple renewal course prices seen ($195, $210) suggesting variation by date/location.",stanislaus/valleydefense-com/logo.png,,stanislaus/valleydefense-com/training_1.png,2026-04-13T04:37:12+00:00
stanislaus,Northern Firearms Instruction,,,717-919-1587,https://www.usgunpro.com,inquiry_only,Valley Springs,CA,,,,,"Northern Firearms Instruction is a team of highly experienced NRA Firearms Instructors located throughout California, considered the authority on CCW law and firearm training throughout the state. NFI specializes in California CCW courses for new as well as experienced shooters, teaching in over 50 regions including counties and cities across California. They offer California CCW, Ladies Only California CCW, renewal classes, and various other firearms training courses in a stress-free learning environment.",success,low,"No pricing information found anywhere on the site. While they mention 'Reserved Seating Only. Call Today!' and have a class change request form, there's no direct booking system visible. No specific address provided despite being listed as Valley Springs, CA location.",,,,2026-04-13T04:37:12+00:00
stanislaus,Fred's Firearms,,,209-840-2126,https://www.fredsfirearmstraining.com,direct_booking,Oakdale,CA,,285,185,,"Fred's Firearms Training is a family business owned by Fred and Jennifer that provides professional CCW training programs in Stanislaus County. They offer a comprehensive 16-hour initial CCW course with online classroom instruction via Zoom and weekend range qualification, as well as 8-hour renewal courses. The business also provides various handgun training courses for different skill levels, from beginner awareness classes to advanced multi-gun training.",success,high,Clear pricing found for full 16hr course and 8hr renewal. Website shows course scheduling capability. Missing specific address and add-a-gun pricing despite mentioning CCW Add a Gun courses.,stanislaus/fredsfirearmstraining-com/logo.png,,stanislaus/fredsfirearmstraining-com/training_1.jpg|stanislaus/fredsfirearmstraining-com/training_2.png,2026-04-13T04:37:12+00:00
stanislaus,"Hammer Stryke Self-Reliance Training, Inc",,,209-614-1718,https://www.hammerstryke.com,direct_booking,Mariposa,CA,,220,110,20,"Hammer Stryke Self-Reliance Training is a California Corporation providing advanced firearms training with facilities in Mariposa and Merced Counties. Their instructors have backgrounds in military, law enforcement, search and rescue, and emergency medicine. The company emphasizes comprehensive training that goes beyond minimum requirements, offering CCW classes for Mariposa, Madera, Merced, and Stanislaus counties, along with specialized courses like Vehicle Tactics and Combat training.",success,high,"Clear pricing found for renewals ($110) and initial classes ($220), with $20 per additional gun over 3 firearms. Direct PayPal booking system described. No specific address found but service areas clearly identified.",stanislaus/hammerstryke-com/logo.png,,,2026-04-13T04:37:12+00:00
stanislaus,Hard Focus Firearms Training,,,209-564-0332,https://www.hardfocustraining.com,unclear,Merced,CA,,,150,,"Hard Focus Firearms Training is dedicated to providing effective techniques in defensive shooting to protect students and their loved ones. They pride themselves on exceeding minimum standards by providing the best experience and safest environment for students. The company is approved for CCW certification in Merced, Madera, Fresno, Tulare, San Benito, Tuolumne and Stanislaus counties and offers CCW renewal, initial courses, Utah non-resident CCW, and private training.",success,medium,Found clear pricing for 8hr renewal ($150) and good vendor description. Has training calendar mentioned but no visible booking system or pricing for 16hr initial course. No address found despite being based in Merced.,,stanislaus/hardfocustraining-com/instructor_1.jpg|stanislaus/hardfocustraining-com/instructor_2.jpg|stanislaus/hardfocustraining-com/instructor_3.jpg,,2026-04-13T04:37:12+00:00
stanislaus,Rosengarten Firearms Trainings,,,209-610-1425,https://www.rosengartenfirearm.com,inquiry_only,Ripon,CA,"2339 W Hammer Ln Mailbox #110, Stockton, CA 95209",,,,"Rosengarten Firearms Training has been providing CCW instruction since 1998, led by certified instructors including retired law enforcement officers. They offer 16-hour CCW classes accepted by multiple California counties, 4-hour requalification courses, and specialized training for women, people with disabilities, and Spanish-speaking students. Live fire training is conducted at Barnwood Arms in Ripon, with both group and private one-on-one classes available.",success,medium,"Clear course descriptions and booking method found, but no pricing information provided anywhere on the website",,,stanislaus/rosengartenfirearm-com/training_1.jpg|stanislaus/rosengartenfirearm-com/training_2.jpg|stanislaus/rosengartenfirearm-com/training_3.jpg,2026-04-13T04:37:12+00:00
stanislaus,Rescue74CPR,,,209-587-0809,https://www.rescue74cpr.com,unclear,Gustine,CA,,,,,"Rescue74CPR is a training company based in Gustine, California that focuses on developing skills and muscle memory through frequent training. They emphasize building good habits and instinctive reactions for emergency situations, operating under the principle that skills are perishable without regular practice.",success,low,"Website shows general training philosophy but no specific CCW course details, pricing, scheduling, or booking information. Only location reference is 'United States-California-Gustine' without street address.",,,,2026-04-13T04:37:12+00:00
stanislaus,Upward Firearms Training,,,209-667-9985,,,Delhi,CA,,,,,,no_website,,,,,,2026-04-13T04:37:12+00:00
stanislaus,Kiwi's Custom Guns Inc.,,,209-863-2355,https://www.kiwiscustomguns.com,none,Riverbank,CA,,,,,"Kiwi's Custom Guns Inc. operates a state-of-the-art climate controlled indoor shooting range with five 25-yard lanes capable of handling calibers up to .50BMG. The facility features advanced Action Target equipment including Genesis Smart target retrieval systems with wireless carriers and touchscreen interfaces. They also offer training, gunsmithing, and retail services in addition to their shooting range.",success,low,No CCW training pricing or booking information found. Content only describes shooting range facilities and general services offered.,,,,2026-04-13T04:37:12+00:00
stanislaus,Stage Stop Sporting Goods,,info@ssgs.us,209-358-4867,https://www.stagestopgunshop.com,,Atwater,CA,"601 Atwater Blvd.
Atwater, CA 95301",,,,"Stage Stop Gun Shop is a family-owned firearm and archery retailer with two Central California locations in Mariposa and Atwater, offering both initial and renewal CCW permit courses alongside a full range of firearms, archery, and hunting goods. Their flagship Atwater location is an impressive 18,800 sq. ft. facility featuring a 20-lane indoor shooting range, 6-lane archery range, two classrooms, and a VIP lounge — making it a one-stop destination for CCW training and range qualification. Founded in 2011 from a passion for hunting and a belief in the Second Amendment, Stage Stop has grown into one of the Central Valley's premier firearms destinations.",success,high,manual,,,,2026-04-13T04:37:12+00:00
stanislaus,"Defensive Accuracy, LLC",,,408-687-3791,https://www.daccw.com,inquiry_only,Stockton,CA,,,60,,"Defensive Accuracy, LLC is a firearms instruction company serving the Bay Area and Central California region. They offer California CCW initial courses, renewals, modifications, and private CCW classes, along with LEOSA qualifications and various NRA instructor training programs.",success,low,"Only found one clear price ($60 for what appears to be renewal based on LEOSA context), no address despite Stockton location mentioned, unclear booking process beyond phone contact, and limited detailed pricing information for initial courses",stanislaus/daccw-com/logo.png,,,2026-04-13T04:37:12+00:00
stanislaus,Called 2 Arms,,,209-522-4867,https://www.stanislausccw.com,none,Modesto,CA,,,,,,success,low,"Website content is for an expired domain sale listing on ExpiredDomains.com, not the actual CCW training vendor. No training-related information found.",,,stanislaus/stanislausccw-com/training_1.jpg,2026-04-13T04:37:12+00:00
sutter,Tactagar,,,(530) 458-4868,,,,CA,,,,,,no_website,,,,,,2026-04-13T04:37:12+00:00
sutter,Twin Cities Rod and Gun,,,(530) 790-0464,https://www.twincitiesgunclub.com/ccw-classes,inquiry_only,Yuba City,CA,"1125 Market St, Yuba City, CA",120,85,5,"Twin Cities Rod and Gun Club offers monthly concealed carry weapon classes taught by NRA certified instructors. Classes meet training requirements for Yuba, Sutter & Colusa County residents and are held on the second Saturday of each month. The club offers discounted pricing for members and includes all range fees and targets in the course cost.",success,high,"Clear pricing structure with member/non-member rates, specific address, and detailed course information. Booking requires email inquiry.",,,,2026-04-14T20:40:57+00:00
sutter,Vandagriff Consulting,,,(530) 320-8858,,,,CA,,,,,,no_website,,,,,,2026-04-13T04:37:12+00:00
sutter,Alan Reinhardt,,,(530) 635-4733,,,,CA,,,,,,no_website,,,,,,2026-04-13T04:37:12+00:00
sutter,Alpha Shield CCW,,,(916) 812-8762,,,,CA,,,,,,no_website,,,,,,2026-04-13T04:37:12+00:00
sutter,Azevedo Firearms Training,,,(530) 518-9210,,,,CA,,,,,,no_website,,,,,,2026-04-13T04:37:12+00:00
sutter,Bad Moon Shooting,,,(530) 713-4901,,,,CA,,,,,,no_website,,,,,,2026-04-13T04:37:12+00:00
sutter,CCW Shooters,,,(916) 207-7350,https://www.ccwshooters.com,inquiry_only,,CA,,175,125,,"CCW Shooters is owned and operated by Mike Cordisco, a Life Member of the NRA who transitioned from telecommunications management to firearms instruction in 2018. The company offers concealed carry training courses for individuals of all skill levels and is licensed to provide training in multiple California counties including Sacramento, Yuba, Sutter, Nevada, and others, as well as Arizona. Mike brings extensive certifications including NRA Pistol Instructor, CA Concealed Carry Handgun Instructor, DOJ Certified Instructor, and NRA Chief Range Safety Officer credentials to his instruction.",success,medium,"Clear pricing for main courses and good vendor background, but no specific address found and booking appears to be contact-based only",sutter/ccwshooters-com/logo.png,sutter/ccwshooters-com/instructor_1.png,sutter/ccwshooters-com/training_1.jpg|sutter/ccwshooters-com/training_2.png|sutter/ccwshooters-com/training_3.png,2026-04-14T20:40:57+00:00
sutter,Conseale,,,(530) 632-4101,https://www.conseale.com,direct_booking,,CA,,200,150,,"Conseale is operated by John Green, a DOJ Certified Pistol Instructor and NRA Instructor for Personal Protection Inside and Outside the Home. They offer SB2 compliant 16-hour CCW permit classes and 8-hour recertification courses for Sutter and Yuba Counties. The company also provides private classes at clients' homes or businesses and operates as a Range Safety Officer.",success,high,"Clear pricing found for both 16hr and 8hr renewal courses, direct online booking available, good vendor description from website copy. Missing address and individual day pricing breakdown.",,,,2026-04-14T20:40:57+00:00
sutter,Crossed Star Firearms,,,(530) 790-5187,https://www.crossedstarfirearms.com/,inquiry_only,,CA,,300,175,,"Crossed Star Firearms is a Northern California firearms instructor offering CCW classes approved for residents from multiple counties including Butte, Contra Costa, Glenn, Lassen, Modoc, Nevada, Placer, Plumas, Sacramento, San Benito, Sutter, Tehama, Trinity, Yuba, and Yolo. They provide comprehensive 16-hour initial CCW courses, 8-hour renewal classes, multi-state CCW training, and various firearms instruction including pistol familiarization and safety courses. The business emphasizes being prepared as your own first responder and offers training for all levels of shooters.",success,medium,"Clear pricing found for renewal and full 16hr course, but no address, no individual day pricing, and booking appears to require inquiry rather than direct online booking",sutter/crossedstarfirearms-com/logo.png,sutter/crossedstarfirearms-com/instructor_1.png|sutter/crossedstarfirearms-com/instructor_2.png,,2026-04-14T20:40:57+00:00
sutter,Dafast,,,(916) 838-4926,https://fasafetytraining.com/,inquiry_only,,CA,,,,,"DAFAST (Dee Adams Fire Arms Safety Training) is operated by Dee Adams, a retired application developer who specializes in concealed carry instruction with the latest legal updates and processes. She offers in-person, online, and private classes with flexible scheduling and is approved to teach CCW courses across multiple California counties including Yuba, Sutter, Sacramento, Colusa, Yolo, and Placer. Adams holds P.O.S.T. certification from Riverside Sheriff's Department and leads the local Armed Women of America chapter, focusing on safety training for women and families.",success,low,"No specific pricing found for standard CCW courses - only mentions $10 classes for local residents which appears to be for basic safety courses, not CCW certification. No address provided. Booking requires texting for availability but no direct online booking system.",sutter/fasafetytraining-com/logo.jpg,sutter/fasafetytraining-com/instructor_1.png,sutter/fasafetytraining-com/training_1.jpg,2026-04-14T20:40:57+00:00
sutter,Defensive and Firearms Training Center,,,(916) 303-3746,,,,CA,,,,,,no_website,,,,,,2026-04-13T04:37:12+00:00
sutter,Down Range Indoor Training Center,,,(530) 896-1992,https://www.downrangechico.com/,inquiry_only,,CA,,,,,"Down Range Indoor Training Center is the North State's only 25-yard pistol, rifle and shotgun range, featuring a full-line firearms retail area, on-site gunsmith, and complete uniform shop. They offer numerous training classes including CCW courses, advanced pistol training, and specialized programs for women and youth. The facility is Northern California's only 5-star rated range according to the National Shooting Sports Foundation.",success,low,Found detailed facility description but no pricing information for CCW courses and no specific address. Website mentions class calendar and request forms but no direct booking system visible.,sutter/downrangechico-com/logo.png,,sutter/downrangechico-com/training_1.png,2026-04-14T20:40:57+00:00
sutter,Essential Self Defense,,,(530) 713-2070,,,,CA,,,,,,no_website,,,,,,2026-04-13T04:37:12+00:00
sutter,Miladi Defense,,,(530) 713-5139,http://www.miladidefense.com,direct_booking,,CA,,,,,"Miladi Defense provides concealed carry weapon (CCW) certification courses in Yuba City, California. They offer the state-required 16-hour initial certification course and 8-hour renewal course, covering firearm safety, handling, shooting techniques, and California CCW law. The company serves Yuba, Sutter, Placer, and Colusa counties and also provides various levels of handgun training courses.",success,low,"Clear course descriptions and booking capability found, but no pricing information visible on the website content provided",,,,2026-04-14T20:40:57+00:00
sutter,Nor-Cal Tactical,,,(530) 713-7470,https://norcaltactical.com/,inquiry_only,Sutter,CA,"1802 1st Avenue, Sutter, California 95982, United States",,,60,"NorCal Tactical is a firearms retailer and training provider located in Sutter, California. They offer concealed carry courses including initial and renewal classes, as well as basic firearm training. The company provides both group and private courses and maintains an inventory of handguns, rifles, shotguns, ammunition, and optics.",success,low,All CCW course pricing shows 'Contact for pricing' with no specific amounts listed. Only clear pricing is for adding a firearm ($60). Course structure and duration not clearly specified.,,sutter/norcaltactical-com/instructor_1.jpg|sutter/norcaltactical-com/instructor_2.jpg|sutter/norcaltactical-com/instructor_3.jpg,,2026-04-14T20:40:57+00:00
sutter,Northern Firearms Instruction,,,(530) 999-1822,https://countyccw.com/,inquiry_only,,CA,,,,,"Northern Firearms Instruction is a team of highly experienced NRA Firearms Instructors located throughout California, considered the authority on CCW law and firearm training throughout the State. NFI specializes in California CCW courses for new as well as experienced shooters, teaching students to shoot safely in a stress-free learning environment. They are authorized to teach CCW to residents in over 50 California counties and cities, with classes held at various Sportsman's Warehouse locations and other venues throughout the state.",success,low,No pricing information found anywhere on the site. Multiple venue locations listed but no specific address for the business itself. Website has booking forms but appears to require contacting instructors directly rather than direct online booking.,,,sutter/countyccw-com/training_1.jpg|sutter/countyccw-com/training_2.jpg,2026-04-14T20:40:57+00:00
sutter,Shooter's Paradise of Yuba City,,,(530) 673-4100,https://spyc.com/,inquiry_only,,CA,,175,125,,"Shooter's Paradise of Yuba City is a veteran-owned and operated indoor shooting range and gun shop featuring the only public indoor range in the Yuba/Sutter area. They carry name brands including Springfield, Glock, Sig Sauer, Beretta, and Ruger, along with consignment firearms. The facility offers CCW classes, basic handgun courses, and various training options with experienced instructors.",success,medium,"Clear pricing for CCW initial ($175) and renewal ($125) courses, but no indication of course length (16hr vs 8hr). No address found despite having phone number. Booking requires calling to schedule.",sutter/spyc-com/logo.jpg,,sutter/spyc-com/training_1.jpg|sutter/spyc-com/training_2.png|sutter/spyc-com/training_3.jpg,2026-04-14T20:40:57+00:00
sutter,Sierra Tactical Training and Active Response,,,(760) 784-0699,https://sttarr.net/,direct_booking,Bishop,CA,"595 W Line St. Bishop, CA 93514",275,150,,"Sierra Tactical Training and Active Response Resources is located in Bishop, California and provides certified CCW classes for Inyo and Mono Counties. They offer both initial 16-hour CCW certification and 8-hour renewal courses, with instructors having over 100 years of combined firearms training experience in law enforcement and public safety. The company has developed an online course format that allows students to complete the majority of classroom training at their own pace, with in-person range qualification required to complete certification.",success,high,"Clear pricing found for both initial and renewal courses, direct booking available through their Pay Here system, full contact information and address provided",,sutter/sttarr-net/instructor_1.jpg|sutter/sttarr-net/instructor_2.jpg|sutter/sttarr-net/instructor_3.jpg,,2026-04-14T20:40:57+00:00
sutter,Sure Grip Firearms,,,(916) 904-4406,,,,CA,,,,,,no_website,,,,,,2026-04-13T04:37:12+00:00
tehama,Angel's Firearm Instruction,Dan Angel,djtdangel@sbcglobal.net,(530)990-1807,https://www.angelsfirearmsinstruction.com,direct_booking,,CA,,,,,"Angel's Firearms Instruction was founded by Dan Angel in 2017, specializing in CCW and long range rifle training. Dan brings over 30 years of firearms experience as a former U.S. Marine Corps Scout Sniper and retired sheriff's deputy with 25 years of service. A.F.I. features instructors who are active or retired law enforcement officers with diverse backgrounds including SWAT operators and homicide detectives. They offer CCW classes for multiple Northern California counties including Nevada, Siskiyou, Placer, Butte, and Sacramento counties.",success,low,"Found clear vendor background and service areas, but no pricing information despite having booking capability. No specific address found, only general references to Chico area facilities.",tehama/angelsfirearmsinstruction-com/logo.jpg,tehama/angelsfirearmsinstruction-com/instructor_1.jpg|tehama/angelsfirearmsinstruction-com/instructor_2.jpg|tehama/angelsfirearmsinstruction-com/instructor_3.jpg,,2026-04-13T04:37:12+00:00
tehama,Armed Safety Firearms Instruction,Ben Cornelius; Kevin Johnston; Thomas Rosina,armedsafety@yahoo.com,(530)300-8000,,,Cottonwood,CA,,,,,,no_website,,,,,,2026-04-13T04:37:12+00:00
tehama,Azevedo Firearms Training,Dan Azevedo,azevedofirearms@sbcglobal.net,(530)518-9210,,,Biggs,CA,,,,,,no_website,,,,,,2026-04-13T04:37:12+00:00
tehama,Bigfoot Firearms Training Academy,Aaron Ostrom; Cole Greene; Roy Williams,info@bigfootaa.com,(844) 926-6566,https://www.bigfootfirearmstraining.com,inquiry_only,Eureka,CA,"1535 6th Street, Eureka, CA 95501",,,,"Bigfoot Firearms Training Academy is the largest civilian firearms training facility in the region with over 10 years of experience, training up to 1,000 civilians annually. They offer CCW classes for both first-time applicants and renewals, along with a wide range of skill-building courses including handgun, AR-15, and shotgun training. The academy prides itself on an intimidation-free teaching approach tailored to building confidence for students of all skill levels.",success,low,No specific pricing information found for CCW courses. Website mentions CCW classes for both initial and renewal but provides no cost details. Contact information available but no direct booking system visible.,,,,2026-04-13T04:37:12+00:00
tehama,"Black Oak Training, Inc.",Stephen Silber,info@blackoaktraining.com,(530)624-1562,https://www.blackoaktraining.com,unclear,,CA,,,,,"Black Oak Training, Inc. is a comprehensive firearms training organization offering CCW initial and renewal courses, add-a-gun services, and specialized programs including New Shooter courses, marksmanship training, holstering instruction, and NRA Range Safety Officer certification. They also provide CCW application assistance and FSC study materials, with additional services like situational awareness training, civilian TASER training, and seasonal hunting day-trips.",success,low,Website shows course offerings but no pricing information visible. All course links lead to 'LEARN MORE' buttons without displaying actual prices or booking details. No address information found.,tehama/blackoaktraining-com/logo.png,,,2026-04-13T04:37:12+00:00
tehama,Bulls Eye Tactical Firearm Training,Chris Ewens,cewens@guninstructor.com,(530)235-0721,https://www.guninstuctor.com,,Castella,CA,,,,,,failed,,,,,,2026-04-13T04:37:12+00:00
tehama,Distinguished Firearms Instruction,Rick Deruyter,Rick_deruyter@hotmail.com,(530)524-7594,https://www.distinguishedfirearms.com,direct_booking,Redding,CA,,285,125,0,"Distinguished Firearms Instruction specializes in Concealed Weapons Classes and Firearms instruction in a fun and extremely safe environment. They offer comprehensive CCW training including a 16-hour, two-day class that complies with California rules and regulations and new SB2 changes, complete with tactical/CPR/trauma training. The company serves Shasta County and Siskiyou County areas with various class options including renewal courses and introductory classes.",success,medium,"Found clear pricing for 16hr full course ($285) and 8hr renewal ($125), plus free gun qualification. Has direct booking system. However, no specific street address found and pricing structure shows some inconsistencies in class descriptions.",,,,2026-04-13T04:37:12+00:00
tehama,Down Range,Steve Dyke; Sean Evans; Damian Georgiou; Brian Gonsalves; Rhiley Harrison; Rob Kearbey,info@downrangechico.com,(530)896-1992,https://www.downrangechico.com,,Chico,CA,"13407 Garner Lane
Chico, CA 95973",340,170,30,"Down Range Indoor Training Center is Northern California's only 5-star NSSF-rated range, offering both initial 16-hour and renewal 8-hour CCW permit courses, advanced pistol training, and specialized courses for women and youth. Their facility features the area's only 25-yard indoor pistol, rifle, and shotgun range, a full-line firearms retail area, on-site gunsmith, and the area's only full-service uniform shop — all in a welcoming, customer-service-focused environment.",success,high,manual,,,,2026-04-13T04:37:12+00:00
tehama,Echo Whiskey Tactical Training,Eric Forsberg; Jeff Wallace,info@echowhiskeytactical.com,(530)690-5599,https://www.echowhiskeytactical.com,inquiry_only,Redding,CA,,,,,"Echo Whiskey Tactical is a veteran-owned business that provides firearms and personal defense instruction through all levels of experience, from novice to expert. All instructors are certified and highly experienced law enforcement and military veterans with real world experience and involvement with multiple critical incidents. They offer CCW initial and renewal courses, tactical pistol training, workplace violence training, and private firearms courses throughout California and Oregon, serving multiple counties including Shasta, Siskiyou, Tehama, Butte, Glenn, Colusa, Plumas and Sacramento.",success,low,"Website provides good vendor description and confirms they offer 16hr initial and 8hr renewal courses, but contains no pricing information and no direct booking system. Only mentions contacting them for customized private classes.",,,,2026-04-13T04:37:12+00:00
tehama,Firearms Academy of Redding,Joel Northrup,joelnorthrup1@gmail.com,(530)945-8925,https://www.reddingfirearms.com/,direct_booking,Redding,CA,,295,164,,"Firearms Academy of Redding has been providing firearms training, self defense and CCW instruction to Redding, Shasta County and Northern California for over 30 years. The academy offers CCW training for residents of multiple California counties including Shasta, Tehama, Trinity, and others, as well as non-resident permits for Florida and Arizona. Owner and instructor Joel Northrup is POST certified and approved by the Shasta County Sheriff's Office, with classes taught in a comfortable and relaxed atmosphere.",success,high,Clear pricing for initial 16hr ($295) and renewal 8hr ($164) courses with direct booking capability. No address found and no individual day pricing breakdown provided.,tehama/reddingfirearms-com/logo.png,tehama/reddingfirearms-com/instructor_1.jpg|tehama/reddingfirearms-com/instructor_2.jpg,tehama/reddingfirearms-com/training_1.jpg|tehama/reddingfirearms-com/training_2.jpg|tehama/reddingfirearms-com/training_3.jpg,2026-04-14T20:40:57+00:00
tehama,Gibb Tactical,Matthew Gibb,matt@gibbtactical.com,(530) 524-5727,https://www.gibbtactical.com,,Anderson,CA,,,,,,failed,,,,,,2026-04-13T04:37:12+00:00
tehama,Glenn County Sheriff's Office,Deputy Robert Thompson,,(530) 934-6431,https://www.countyofglenn.net,unclear,Willows,CA,,,,,,success,low,"Website appears to be general county government content with no CCW training information visible. Content includes press releases about hazard tree removal, emergency alerts, and various county services, but no firearms training programs or pricing.",,,,2026-04-14T20:40:57+00:00
tehama,Greco's Firearm Sales,Rick Greco,hunting@grecosinc.com,(800) 742-3270,https://www.grecosfirearmsales.com,inquiry_only,Redding,CA,,,,,"Greco's Firearm Sales is a full-service firearms dealer and CCW training provider operated by instructor Rick Greco in Redding, California. The business combines firearm sales, custom AR-15 builds, and comprehensive CCW instruction with a focus on personalized customer service. Rick offers both initial 16-hour CCW classes and renewal courses, with students consistently praising his thorough, patient teaching style and ability to help shooters qualify on their firearms.",success,medium,"Clear vendor description and services offered, but no specific pricing information found. Booking appears to require calling for appointments rather than direct online booking.",tehama/grecosfirearmsales-com/logo.png,tehama/grecosfirearmsales-com/instructor_1.png,tehama/grecosfirearmsales-com/training_1.jpg|tehama/grecosfirearmsales-com/training_2.png|tehama/grecosfirearmsales-com/training_3.png,2026-04-13T04:37:12+00:00
tehama,Jones' Fort Gun Shop,Marshall Jones II,marshall@jonesfort.com,(530) 222-3223,https://www.jonesfort.com,none,Redding,CA,,,,,"Jones' Fort Gun Shop has been serving Redding since 1962 as a full-service firearms dealer offering new and used guns with a 1-year warranty. Their qualified staff provides first-hand knowledge to help customers select firearms and navigate California regulations. They specialize in gun transfers, consignments, and offer buy/sell/trade services for all types of rifles, shotguns, and handguns.",success,low,"Website shows gun shop services but no CCW training information, pricing, or course details found",,,tehama/jonesfort-com/training_1.png,2026-04-13T04:37:12+00:00
tehama,K2 Defense Academy,Kerem Kapkin,kkapkin@kapkinglobal.com,(831) 334-4041,https://k2defenseacademy.com/,inquiry_only,,CA,,,,,"K2 Defense Academy provides professional, family-friendly firearms training by NRA and DOJ certified instructors in Northern California. They offer CCW certification classes for both initial certification and renewals, along with comprehensive NRA certified courses including Basic Pistol, Basic Rifle, and Personal Protection training. The academy serves Shasta, Tehama, Butte County and surrounding areas, focusing on empowering individuals through firearms and less lethal products training for personal safety and confidence.",success,low,"No pricing information found, no specific address provided (only general service areas mentioned), and only contact form available for inquiries rather than direct booking",tehama/k2defenseacademy-com/logo.png,,,2026-04-14T20:40:57+00:00
tehama,Michigan Firearm and CPL Training LLC,Mark Harrop,mark@mifcpl.com,(586) 419-8088,https://www.mifcpl.com,inquiry_only,Corning,CA,,290,140,,"Michigan Firearm and CPL Training LLC operates nationally, teaching California CCW and Michigan CPL classes with a focus on safety and defensive skills. The company specializes in training beginners and boasts that 100% of students give five-star ratings. They offer both initial and renewal courses, as well as ongoing weekly defensive pistol training sessions.",success,high,"Clear pricing for CA CCW courses, booking process via email only, but no specific street address found despite operating in Corning, CA",,tehama/mifcpl-com/instructor_1.jpg|tehama/mifcpl-com/instructor_2.jpg|tehama/mifcpl-com/instructor_3.jpg,,2026-04-13T04:37:12+00:00
tehama,Mountain Tactical Training,John Laws,firebrandnet@aol.com,(530)510-7118,,,French Gulch,CA,,,,,,no_website,,,,,,2026-04-13T04:37:12+00:00
tehama,Nice Shot Range,Andrew Hackett; Michael Rynearson; Andrew Torres,niceshotrange@gmail.com,(530)241-6486,https://www.niceshot.net,,Redding,CA,,,,,,failed,,,,,,2026-04-13T04:37:12+00:00
tehama,NorCal Defense,Todd Hansen; Trevor Lindeman,ncadefense@gmail.com,(530)945-6430,https://www.ncadefense.com,inquiry_only,Redding,CA,,,,,"NorCal Defense is based in Redding, California and specializes in firearm training with an emphasis on the legal carrying and use of handguns. They offer CCW training that is certified and accepted in Tehama and Shasta Counties and the City of Red Bluff, as well as advanced pistol courses. The company helps people achieve greater personal security through classroom and range training, emphasizing that awareness and proper mindset are key to keeping yourself and your family safe.",success,low,"Website provides good description of services and service areas but lacks specific pricing, booking system, and street address details",tehama/ncadefense-com/logo.png,,tehama/ncadefense-com/training_1.png|tehama/ncadefense-com/training_2.jpg|tehama/ncadefense-com/training_3.jpg,2026-04-13T04:37:12+00:00
tehama,NorCal Tactical,Jose Luis Chavez,norcaltacticalsales@gmail.com,(530)713-7470,https://www.norcaltactical.net,,Yuba City,CA,,,,,,failed,,,,,,2026-04-13T04:37:12+00:00
tehama,Northern Firearms Instruction,Emily Booth; Chuck Fields; Kraig Kern; Stephen Kim; John Lewis; Ted Lidie; Ted Ogilvie; Jen O'Hara; Gary Pickle; Bryan Rheem; Paul Robins; Phillip Sheffield; Seth Stout,,(530)999-1822,https://www.countyccw.com,inquiry_only,Shasta Lake,CA,,,,,"Northern Firearms Instruction is a team of highly experienced NRA Firearms Instructors operating throughout California since 2007. They are authorized to teach CCW courses to residents in over 50 California counties and cities, with classes held at various Sportsman's Warehouse locations and other venues. NFI specializes in California CCW courses for both new and experienced shooters, maintaining strict instructor-to-student ratios and using 100% NRA credentialed instructors who must update their certifications yearly.",success,low,No pricing information found anywhere on the website. Booking appears to require calling or using class change request form. Multiple training locations mentioned but no specific address for main business location.,,,tehama/countyccw-com/training_1.jpg|tehama/countyccw-com/training_2.jpg,2026-04-13T04:37:12+00:00
tehama,Olde West Firearms Training,Chris Haggerty,oldewest2@gmail.com,(530)243-8334,,,Redding,CA,,,,,,no_website,,,,,,2026-04-13T04:37:12+00:00
tehama,Protection Solutions,Robert Johnson,bob_49er@hotmail.com,(978)888-4536,,,Elk Creek,CA,,,,,,no_website,,,,,,2026-04-13T04:37:12+00:00
tehama,Redding Guns LLC,Tyler Thompson,sales@reddingguns.com,(530)605-4867,https://www.reddingguns.com,,Redding,CA,,,,,,success,,,,,,2026-04-13T04:37:12+00:00
tehama,Ryan Watters Firearm Instructor,Ryan Watters,ryanwatters1@icloud.com,(530)351-2063,,,Redding,CA,,,,,,no_website,,,,,,2026-04-13T04:37:12+00:00
tehama,Shasta Defense,Andrew Nathan Zeliff,zlaw@taxsos.com,(530)474-3267,https://www.shastadefense.com,inquiry_only,Shingletown,CA,,225,125,25,"Shasta Defense offers CCW initial and renewal firearm training classes in Shingletown, California serving Shasta and Tehama counties. Led by Nathan Zeliff, a California Attorney at Law and certified DOJ and NRA firearms instructor, the company emphasizes small class sizes with more individual instruction. Their training programs meet new DOJ standards and are approved by both Shasta and Tehama County Sheriff's Offices.",success,high,"Clear pricing found, booking requires phone call, comprehensive vendor description available from website copy",,,tehama/shastadefense-com/training_1.jpg,2026-04-13T04:37:12+00:00
tehama,Star Crossed Firearms,Morgan Dant,,(530)790-5187,https://www.crossedstarfirearms.com,inquiry_only,,CA,,300,175,,"Crossed Star Firearms is a Northern California firearms instructor offering CCW classes and firearms training for all levels of shooters. They provide approved CCW courses for residents of multiple counties including Butte, Contra Costa, Glenn, Lassen, Modoc, Nevada, Placer, Plumas, Sacramento, San Benito, Sutter, Tehama, Trinity, Yuba, and Yolo. The instructor offers various courses including 16-hour initial CCW, 8-hour renewals, multi-state CCW, and specialized instruction for ladies and non-residents.",success,medium,"Clear pricing for renewal and full 16hr course found, but no individual day pricing. Has registration page but no direct booking system visible. No address found despite thorough search.",tehama/crossedstarfirearms-com/logo.png,tehama/crossedstarfirearms-com/instructor_1.png|tehama/crossedstarfirearms-com/instructor_2.png,,2026-04-13T04:37:12+00:00
tehama,State of Jefferson Firearms Training,Frank Caltabiano,guntrainer1911@gmail.com,(530)227-9224,https://www.packyourpistol.com,direct_booking,Red Bluff,CA,,,,,"State of Jefferson Firearms Training is a certified firearms training center serving Red Bluff and Lassen County areas in California. They offer initial CCW classes, renewal courses, and specialize in Non-resident California CCW permit training for out-of-state residents. The company provides group training options with a minimum of 6 persons and maintains regular class schedules throughout the year.",success,low,"Found clear evidence of direct booking capability through menu system and scheduled classes, but no pricing information was provided. Address mentioned Red Bluff, CA but no street address found.",tehama/packyourpistol-com/logo.jpg,,,2026-04-13T04:37:12+00:00
tehama,Straightline Defense LLC,Marshall Jones III,straightlinedefense209@gmail.com,(209)252-5396,,,,CA,,,,,,no_website,,,,,,2026-04-13T04:37:12+00:00
tehama,Vandagriff Consulting,Erik Vandagriff,erikvandagriff@gmail.com,(530)320-8858,,,Foresthill,CA,,,,,,no_website,,,,,,2026-04-13T04:37:12+00:00
tehama,Zombie Arms & Ammuntion,Edward Adams; Erika Patterson; Sean Patterson,spatterson@zombiearmsandammo.com,(530)921-1486,https://zombiearmsandammo.com,direct_booking,Palo Cedro,CA,,,,,"Zombie Arms & Ammunition is a veteran owned and operated company that provides firearms training and CCW courses in Northern California. They offer Two Day Initial and One Day Renewal CCW courses taught by NRA and POST Certified CA DOJ Instructors, including classes taught by an onsite female instructor. Their classes meet requirements for Siskiyou, Shasta, Trinity and Tehama counties and include lunch and refreshments.",success,low,"Found clear vendor description and confirmed they offer 2-day initial and 1-day renewal courses with specific county coverage, but no pricing information or specific address found. Has 'Book Now' link suggesting direct booking capability.",tehama/zombiearmsandammo-com/logo.png,,,2026-04-13T04:37:12+00:00
trinity,Morgan Dant,Morgan Dant,,(530) 790-5187,https://www.crossedstarfirearms.com/,inquiry_only,,CA,,300,175,,"Crossed Star Firearms is a Northern California firearms instructor offering CCW classes approved for residents from multiple counties including Butte, Contra Costa, Glenn, Lassen, Modoc, Nevada, Placer, Plumas, Sacramento, San Benito, Sutter, Tehama, Trinity, Yuba, and Yolo. They provide various firearms training courses for all levels of shooters, including multi-state CCW options and specialized instruction for ladies and realtors.",success,medium,"Clear pricing found for 16hr initial ($300) and 8hr renewal ($175), but no specific address found and booking appears to be inquiry-only through 'Register for a Class' links",trinity/crossedstarfirearms-com/logo.png,trinity/crossedstarfirearms-com/instructor_1.png|trinity/crossedstarfirearms-com/instructor_2.png,,2026-04-14T20:40:57+00:00
trinity,Distinguished Firearms Instructions,Rick Deruyter,,(530) 524-7594,,,,CA,,,,,,no_website,,,,,,2026-04-13T04:37:12+00:00
trinity,Olde West Gun & Loan,Chris Haggerty,,(530) 243-8334,https://oldewestgunandloan.com/,,,CA,,,,,,success,low,"Only business name provided, no website content or details available to extract any structured data",,,,2026-04-14T20:40:57+00:00
trinity,Front Sight,John Scott Hoerner,,(702) 837-7433,https://www.frontsight.com,,,CA,,,,,,success,low,"This appears to be a gambling website about 'Chicken Road' casino games, not a firearms training vendor. No CCW training information found.",trinity/frontsight-com/logo.jpg,,trinity/frontsight-com/training_1.png,2026-04-14T20:40:57+00:00
trinity,Mountain Tactical Training,John Laws,,(530) 510-7118,,,,CA,,,,,,no_website,,,,,,2026-04-13T04:37:12+00:00
trinity,Mike Lee Solution,Mike Lee,,(707) 834-5602,,,,CA,,,,,,no_website,,,,,,2026-04-13T04:37:12+00:00
trinity,Northern Fire Arms Instruction,Ted Lidie,,(530) 776-4855,,,,CA,,,,,,no_website,,,,,,2026-04-13T04:37:12+00:00
trinity,Jon Ludwick,Jon Ludwick,,(985) 634-0296,,,,CA,,,,,,no_website,,,,,,2026-04-13T04:37:12+00:00
trinity,Rangemaster Certified Instructor,Evan MacIvor,,(530) 859-3491,,,,CA,,,,,,no_website,,,,,,2026-04-13T04:37:12+00:00
trinity,Middleton Firearms Training,Dominick Middelton,,(530) 744-4511,,,,CA,,,,,,no_website,,,,,,2026-04-13T04:37:12+00:00
trinity,FRANK MOORE and CAROL MINOR,Frank Moore; Carol Minor,,(530) 628-4523,,,,CA,,,,,,no_website,,,,,,2026-04-13T04:37:12+00:00
trinity,Firearms Academy of Redding,Joel Northrup,,(530) 945-8925,https://www.reddingfirearms.com/,direct_booking,,CA,,295,164,,"Firearms Academy of Redding has been providing firearms training, self defense and CCW instruction to Redding, Shasta County and Northern California for over 30 years. The owner and instructor, Joel Northrup, is a POST certified firearms instructor who meets DOJ certification requirements and is approved by the Shasta County Sheriff's Office. They offer initial and renewal CCW classes that meet the new DOJ training standards, along with advanced defensive pistol training and non-resident CCW training for Florida, Arizona and other states.",success,medium,"Clear pricing for full 16hr course and 8hr renewal, direct booking available via 'Register Now' links, but no specific address found and no separate day pricing breakdown",trinity/reddingfirearms-com/logo.png,trinity/reddingfirearms-com/instructor_1.jpg|trinity/reddingfirearms-com/instructor_2.jpg,trinity/reddingfirearms-com/training_1.jpg|trinity/reddingfirearms-com/training_2.jpg|trinity/reddingfirearms-com/training_3.jpg,2026-04-14T20:40:57+00:00
trinity,Shasta Lake Firearms Instruction,David Thompson,,(530) 275-3133,,,,CA,,,,,,no_website,,,,,,2026-04-13T04:37:12+00:00
trinity,Zombie Arms and Ammunition,Sean Patterson,,(530) 510-9170,,,,CA,,,,,,no_website,,,,,,2026-04-13T04:37:12+00:00
trinity,Gary Pickle,Gary Pickle,,(530) 917-1971,,,,CA,,,,,,no_website,,,,,,2026-04-13T04:37:12+00:00
trinity,Marshall Jones III,Marshall Jones III,,(209) 252-5396,,,,CA,,,,,,no_website,,,,,,2026-04-13T04:37:12+00:00
trinity,State of Jefferson Firearms Training,,,(530) 227-9224,https://packyourpistol.com/,direct_booking,Red Bluff,CA,"26950 Manton Rd., Red Bluff, CA",295,150,,"State of Jefferson Firearms Training is a certified firearms training center serving North State California residents including Tehama, Shasta, Glenn, Trinity, Lassen and Siskiyou counties. They offer both 16-hour initial CCW classes completed over two days and 8-hour renewal classes typically completed in one day. The training combines classroom instruction on firearms laws, use of deadly force, and responsibility with range time for qualification with all firearms to be carried on the permit.",success,high,"Clear pricing and booking found, detailed course descriptions available, specific address provided for range location",trinity/packyourpistol-com/logo.jpg,,,2026-04-14T20:40:57+00:00
trinity,Bigfoot Firearms Training Academy,Aaron Ostrom; Cole Greene; Roy Williams,info@bigfootaa.com,(844) 926-6566,https://www.bigfootfirearmstraining.com,inquiry_only,Eureka,CA,"1535 6th Street, Eureka, CA 95501",,,,"Bigfoot Firearms Training Academy is the largest civilian firearms training facility in the region with over 10 years of experience, training up to 1,000 civilians annually. They offer CCW classes for both first-time applicants and renewals, along with a wide range of skill-building courses including handgun, AR-15, and shotgun training. The academy prides itself on an intimidation-free teaching approach tailored to building confidence for students of all skill levels.",success,low,No specific pricing information found for CCW courses. Website mentions CCW classes for both initial and renewal but provides no cost details. Contact information available but no direct booking system visible.,,,,2026-04-13T04:37:12+00:00
trinity,Michael C. Johnson,Michael C. Johnson,,(707) 496-1800,,,,CA,,,,,,no_website,,,,,,2026-04-13T04:37:12+00:00
tulare,Central Valley CCW,Vance Wedeking,centralvalleyccw@gmail.com,559-457-9335,,,,CA,,,,,,no_website,,,,,,2026-04-13T04:37:12+00:00
tulare,SAFE Concealed Weapon Classes,Duke Hettick; Tim Connors,dukehettick@sbcglobal.net,559-619-7319,,,,CA,,,,,,no_website,,,,,,2026-04-13T04:37:12+00:00
tulare,TK Firearms CCW Training,Jonathon Thorpe; Ron Koetsier,tkfirearms@ymail.com,559-901-6455,,,,CA,,,,,,no_website,,,,,,2026-04-13T04:37:12+00:00
tulare,Practical Training Solutions,Jeremy McMillan,Practicaltrainingsolutions@proton.me,559-483-8825,https://practicaltrainingsolutionsllc.com,direct_booking,,CA,,200,130,,"Practical Training Solutions is a professional firearms training company serving Tulare, Kern, Kings, and Fresno Counties in California. They provide comprehensive CCW training designed to equip civilians with the knowledge and skills to protect themselves and others. The company offers both initial CCW classes and renewal courses, with classes held in Porterville.",success,medium,"Clear pricing for initial ($200) and renewal ($130) courses visible, with direct booking capability. However, no specific address found beyond mention of Porterville classes, and unclear if initial course is truly 16 hours or follows different structure.",tulare/practicaltrainingsolutionsllc-com/logo.jpg,,tulare/practicaltrainingsolutionsllc-com/training_1.webp|tulare/practicaltrainingsolutionsllc-com/training_2.jpg|tulare/practicaltrainingsolutionsllc-com/training_3.jpg,2026-04-13T04:37:12+00:00
tulare,Polar Bear Firearms & Training,Thomas K Cribbs,tkcribbs@att.net,559-333-0905,,,Lindsay,CA,,,,,,no_website,,,,,,2026-04-13T04:37:12+00:00
tulare,Galardo Firearms Training,Jesus Galardo,gallardo1636@gmail.com,559-788-7265,https://www.gfirearmstraining.com,inquiry_only,,CA,,,,,"Gallardo Firearms Training is operated by two military veteran brothers, Jesus and Adolfo Gallardo, who provide CCW training in Tulare and Kings counties. They offer both initial and renewal CCW classes, as well as various other firearms training courses including handgun accuracy, defensive tactics, and competition shooting. The instructors bring military, law enforcement, and competitive shooting experience to their training programs.",success,low,"No pricing information found on website. Shows upcoming classes but no booking mechanism visible. Address shows 'Porterville, CA' but no specific street address. Course offerings are clear but lack pricing details.",,,tulare/gfirearmstraining-com/training_2.jpg|tulare/gfirearmstraining-com/training_3.jpg,2026-04-13T04:37:12+00:00
tulare,Firearm and Personal Security Consultants LLC,Richard Mendoza,,559-310-0090,https://fpsc-llc.square.site/,,,CA,,,,,,success,,,,,,2026-04-14T20:40:57+00:00
tulare,Triple Threat Solutions,Roosevelt Scott,,661-204-0925,https://www.triplethreatsolutions.net,inquiry_only,Bakersfield,CA,"4630 Easton Drive, Unit 3, Bakersfield, CA 93309",,,,"Triple Threat Solutions is a veteran-owned and operated training company that provides CCW training courses including initial and renewal certifications, as well as advanced CCW courses. They offer training to law enforcement officers and military members, featuring a state-of-the-art virtual shooting range and courses designed around real-world scenarios. The company provides discounts for law enforcement, military veterans, and emergency first responders.",success,low,No pricing information found on website. Only contact phone number available for inquiries. Good vendor description available but missing key pricing and booking details.,tulare/triplethreatsolutions-net/logo.jpg,,,2026-04-13T04:37:12+00:00
tulare,Hard Focus Firearm Training,Matthew Haywood,,209-564-0332,https://www.hardfocustraining.com,unclear,,CA,,,150,,"Hard Focus Firearms Training is dedicated to providing effective defensive shooting techniques to protect yourself and loved ones. They pride themselves on going above and beyond minimum standards by providing the best experience and safest environment for students. The company is approved for CCW certification in Merced, Madera, Fresno, Tulare, San Benito, Tuolumne and Stanislaus Counties in California.",success,medium,"Found clear pricing for 8hr renewal ($150) and good vendor description. However, no pricing found for 16hr initial course despite it being offered, no address listed, and booking process unclear - mentions calendar but not accessible.",,tulare/hardfocustraining-com/instructor_1.jpg|tulare/hardfocustraining-com/instructor_2.jpg|tulare/hardfocustraining-com/instructor_3.jpg,,2026-04-13T04:37:12+00:00
tulare,Next Step Training,Jeff Watkins,,559-707-3250,https://www.nextsteptraining4me.com,direct_booking,,CA,,150,75,,"Next Step Training LLC is led by instructors Jeff and Marni Watkins, combining law enforcement and educational backgrounds to provide comprehensive firearms training. They offer CCW courses that satisfy SB-2 requirements for multiple California agencies including Fresno County Sheriff, Kings County Sheriff, Tulare County Sheriff, Hanford PD, and Lemoore PD, with a bonus non-resident Arizona permit option. The company provides both public and private training options in handgun, rifle, and shotgun disciplines, emphasizing safety and personalized instruction to build confidence and competence.",success,medium,"Clear pricing for full 16hr course and renewal found, but no breakdown of individual day pricing. Booking capability is clear. Description well-supported by website content about instructors and services.",tulare/nextsteptraining4me-com/logo.png,,tulare/nextsteptraining4me-com/training_1.jpg,2026-04-13T04:37:12+00:00
tulare,Powers Firearms Training,Craig Powers; Brent Hughes; Leslie Lee,info@kernccw.com,661-871-7273,https://powersfirearmstraining.com,direct_booking,Bakersfield,CA,,,,,"Powers Firearms Training is a family-owned business serving Kern County for over 50 years, operated by Craig and Becky Powers. They offer specialized courses in Concealed Carry (CCW) for initial, renewal and modification qualifications in Kern, Inyo, Mono, and Tulare counties, with multi-state permit options available. Their training combines online courses completed at your own pace with in-person instruction and range qualification, plus private and group instruction for beginning and intermediate handgun skills.",success,medium,"Clear course offerings and vendor background found, with direct enrollment capability evident from website structure. However, no pricing information was visible in the provided content despite comprehensive course descriptions.",,,,2026-04-14T20:40:57+00:00
tulare,Tactical 360 Firearms Training,Chris Martinez,Tactical360tranining@gmail.com,661-497-3089,https://www.tactical360.net,inquiry_only,,CA,,,,,"Tactical 360 is a firearms training company located in Bakersfield, California, led by certified instructor Chris Martinez with over 30 years of experience. They specialize in training law enforcement officers, military personnel, and private citizens in firearms and defensive tactics. The company offers both in-person and online CCW courses for Kern County, California, Utah, and Arizona, along with various USCCA courses and specialized law enforcement training.",success,medium,"Clear vendor description and course offerings found, but no specific pricing for CCW courses listed. Booking appears to require inquiry/RSVP. Only general pricing mentioned is $100/hour for one-on-one training and $15 non-refundable deposit.",tulare/tactical360-net/logo.png,tulare/tactical360-net/instructor_1.jpg|tulare/tactical360-net/instructor_2.png,tulare/tactical360-net/training_1.png|tulare/tactical360-net/training_3.png,2026-04-13T04:37:12+00:00
tulare,JLPFI,John Lewis,johnlpfi@gmail.com,559-349-3833,https://www.jlpfi.com,direct_booking,Clovis,CA,"1187 N Willow Ave. Suite #103-4, Clovis, CA 93611-4411",425,225,,"John Lewis Professional Firearms Instruction (JLPFI) is a Central Valley-based firearms training company specializing in concealed weapons permit courses and advanced firearms instruction. They offer CCW courses approved by multiple law enforcement agencies including Fresno County Sheriff, Fresno PD, and several other Central Valley departments. The company emphasizes personalized training experiences in small group or private formats, with a philosophy of staying 'Forever In Training' and defining the difference between shooting and training.",success,high,Clear pricing found for 16hr initial ($425) and 8hr renewal ($225) courses. Has 'Book Online' capability. Address clearly listed. Good vendor description available from website copy. Only missing individual day pricing and add-a-gun fees.,,tulare/jlpfi-com/instructor_1.jpg|tulare/jlpfi-com/instructor_2.jpg,tulare/jlpfi-com/training_1.jpg,2026-04-13T04:37:12+00:00
tulare,Kings Gun Center,Todd Cota,,559-585-2000,https://www.kgchanford.com,unclear,,CA,,,,,,success,low,"Website content appears to be just an age verification page and basic navigation menu. No substantive information about CCW training, pricing, services, or company description found.",tulare/kgchanford-com/logo.jpeg,,,2026-04-13T04:37:12+00:00
tulare,Police Science Institute and Range Pistol Club,,,559-276-9800,https://policescience.com,direct_booking,Fresno,CA,"5133 North Gates Ave, Fresno CA 93722",190,75,,"Police Science Institute and Range Pistol Club has been the Valley's premier independent school for security and law enforcement training since 1991. The facility combines a full-service indoor firearm range with comprehensive CCW classes, security training, and other firearms instruction. They offer CCW initial permits, renewals, Utah non-resident permits, and specialized women's classes, with online payment capabilities and walk-in availability.",success,low,"Found address and booking capability, vendor description available, but no CCW pricing visible despite extensive content about other security courses. Site shows CCW classes are offered but specific prices not found in the provided content.",,,tulare/policescience-com/training_3.png,2026-04-13T04:37:12+00:00
tulare,Scott James Firearm Sales & Training,Scott R. James II,PI@PrivateInvestigationsca.com,559-352-6982,,,,CA,,,,,,no_website,,,,,,2026-04-13T04:37:12+00:00
tulare,U.S. LawShield,,,877-448-6839,https://educate.uslawshield.com,,,CA,,,,,,success,,,,,,2026-04-13T04:37:12+00:00
tulare,Zaks Guns LLC,Rohi Zacharia,,559-673-4525,https://www.zaksguns.com/,none,Madera,CA,,,,,"Zaks Guns LLC is a California firearms dealer focused on providing competitive prices and customer service in the firearms industry. They offer firearm and ammunition transfers, are a Blue Label dealer for Glock, and provide law enforcement and first responder discounts with Smith & Wesson and Sig Sauer. The shop accepts transfers from various approved online retailers and auction sites.",success,low,"This appears to be a gun shop/FFL dealer rather than a CCW training provider. No CCW training services, pricing, or booking information found on the website.",tulare/zaksguns-com/logo.png,,,2026-04-14T20:40:57+00:00
tulare,Foothill Training,Matt Alexander,foothilltraining@gmail.com,559-355-3818,https://foothilltraining.com,direct_booking,,CA,,200,100,,"Foothill Training is a California-based firearms training company led by a highly qualified instructor with POST Advanced Instructor Certification, SWAT qualifications, and multiple specialized certifications. They offer concealed carry permit training in a relaxed outdoor environment on their 5-acre facility, which includes obstacle courses and room clearing areas. The company provides both initial 16-hour CCW classes and 8-hour renewal courses, with meals included in their training programs.",success,medium,"Clear pricing found for full 16hr course ($200) and renewals ($100), direct booking available, but no address found and no breakdown of day 1/day 2 pricing for initial course",,tulare/foothilltraining-com/instructor_1.jpg|tulare/foothilltraining-com/instructor_2.jpg,,2026-04-13T04:37:12+00:00
tulare,Wilson Tactical Operations & Training LLC,Eric Wilson,wilsontacops@gmail.com,931-542-7702,https://wilsontacticaloperationsandtrainingllc.com,,,CA,,,,,,success,,,,,,2026-04-13T04:37:12+00:00
tulare,The Firing Line,Chris Stearns; Jacob Frazier; Jacob Belemjian,thefiringlineclovis@gmail.com,559-294-9400,https://www.thefiringlineclovis.com/,unclear,,CA,,,,,"The Firing Line has been operating as an indoor shooting range in Clovis, California since March 2012. They offer a 12-lane public pistol range plus 6 additional lanes for members to shoot small-bore rifles, along with firearm rentals, sales, and accessories. The facility provides both online and in-person CCW training with a team of instructors having over 50 years of combined experience, offering flexibility for residents in Fresno, Madera, and Kings Counties.",success,low,"No pricing information found for CCW courses, no specific address provided, and no clear booking process described despite mentioning they offer CCW training",tulare/thefiringlineclovis-com/logo.jpg,,tulare/thefiringlineclovis-com/training_2.jpg|tulare/thefiringlineclovis-com/training_3.jpg,2026-04-14T20:40:57+00:00
tulare,Instinct Defense,Jack Mulroy,Info@instinct-defense.com,559-917-8266,https://instinct-defense.com,direct_booking,,CA,,,,,"Instinct Defense specializes in firearms safety instruction and home defense strategies with a goal of providing knowledge and skills to protect yourself and loved ones. They offer group and private courses ranging from basic/intermediate pistol training to advanced courses, CCW initial and renewal classes, and specialized training including women's classes and night vision instruction.",success,low,Website shows course offerings and online booking capability but lacks all pricing information and address. Testimonials appear to be placeholder text.,tulare/instinct-defense-com/logo.png,,tulare/instinct-defense-com/training_1.jpg|tulare/instinct-defense-com/training_2.jpg|tulare/instinct-defense-com/training_3.jpg,2026-04-13T04:37:12+00:00
tulare,Premier Tactical Training,"Matthew Pimentel; Francisco ""Paco"" Villarreal",paco@559ccw.com,559-779-7742,https://www.559ccw.com,direct_booking,,CA,,165,125,,"559CCW provides online and in-person California CCW training led by a U.S. Marine Corps veteran and DOJ-certified instructor. They offer flexible online courses with automatic progress saving, serving Fresno, Tulare, Kings, Merced, and Madera County residents. Their training covers firearm safety, California laws, and practical application, with in-person classes including free lunch and hands-on instruction.",success,high,Clear pricing for full 16hr course ($165) and 8hr renewal ($125). Strong vendor description available. Direct booking capability evident through multiple 'Sign Up Today' buttons. Address not provided despite serving specific counties.,,tulare/559ccw-com/instructor_1.jpeg|tulare/559ccw-com/instructor_2.jpeg|tulare/559ccw-com/instructor_3.jpeg,tulare/559ccw-com/training_1.png|tulare/559ccw-com/training_2.jpeg|tulare/559ccw-com/training_3.jpeg,2026-04-13T04:37:12+00:00
tulare,Rankin Field,John Threadgill; Chris Kimes; Ken Garcia; Ted Chao; Jansen Reeves; John Sargent; Richard Lenz,,559-684-8853,https://rankinfield.org,inquiry_only,Tulare,CA,"20000 Road 140, Tulare CA 93274",,130,,"Rankin Field Weapons Range is a public shooting facility in Central California offering multiple pistol ranges, a 100-yard rifle range, and firearms training classes. They provide CCW permit courses and assistance, along with various membership options that include discounted CCW course pricing. The range also features pistol competition facilities, Law Enforcement training areas, and hosts special events and competitions.",success,medium,"Found clear pricing for CCW courses and good facility description, but no 16hr course structure mentioned - appears to offer 8hr initial/renewal format. No direct booking system visible, only contact information provided.",tulare/rankinfield-org/logo.png,,tulare/rankinfield-org/training_1.jpg|tulare/rankinfield-org/training_2.jpg|tulare/rankinfield-org/training_3.jpg,2026-04-13T04:37:12+00:00
tulare,Pinnacle Firearms Training,Devon Fullner,Dfullner19@gmail.com,559-259-3204,,,Selma,CA,,,,,,no_website,,,,,,2026-04-13T04:37:12+00:00
tulare,Gunslingers,Ryan Ritter; Nick Alvarez,,559-972-0585,,,Exeter,CA,,,,,,no_website,,,,,,2026-04-13T04:37:12+00:00
tulare,Valley Firearms Training,Kevin Carnes; Jerry Diaz; Ben Liu,Jerry1515@yahoo.com,559-972-5007,,,,CA,,,,,,no_website,,,,,,2026-04-13T04:37:12+00:00
tulare,Kimes Firearms Training,Chris Kimes,Kimesfirearmstraining@gmail.com,,https://kimesfirearmstraining.com,unclear,,CA,,,,,Kimes Firearms Training offers firearms instruction and CCW classes for Tulare County residents. They also provide guidance for those interested in getting involved in competition shooting sports.,success,low,"Only basic vendor description found in About section. No pricing, contact information, booking details, or specific address provided on the extracted content.",tulare/kimesfirearmstraining-com/logo.png,,tulare/kimesfirearmstraining-com/training_1.png,2026-04-13T04:37:12+00:00
tulare,Godspeed Firearms and Training,Albert Chan; Wade Roberts,Tularecountyccw@gmail.com,559-972-6537,,,,CA,,,,,,no_website,,,,,,2026-04-13T04:37:12+00:00
tulare,Vigilance Plus Training & Development,Curtis Bloch,curtisbloch@vigilanceplus.life,559-949-7359,https://www.vigilanceplus.life,inquiry_only,,CA,,,,,"Vigilance Plus Training & Development transforms everyday citizens into their own first responders through comprehensive personal safety and self-defense training. They offer a broad range of courses including concealed carry, home protection, firearms safety, marksmanship, and emergency first aid, delivered through multiple formats including online, classroom, in-home, and on-the-range instruction. Their courses are designed to help individuals achieve high levels of situational awareness, conflict avoidance, and personal protection skills.",success,low,No pricing information found for any courses. Only has 'Enroll in Course' buttons suggesting inquiry-based booking rather than direct pricing. Has an 8-hour CCW course but no pricing listed. No address or specific location information provided.,tulare/vigilanceplus-life/logo.jpg,tulare/vigilanceplus-life/instructor_1.png|tulare/vigilanceplus-life/instructor_2.png,tulare/vigilanceplus-life/training_1.jpg|tulare/vigilanceplus-life/training_2.jpg,2026-04-13T04:37:12+00:00
tulare,Freedom Firearms,Rick Field,Freedom-firearms@att.net,559-999-2939,https://www.freedomfirearms.info/,inquiry_only,,CA,,,,,"Freedom Firearms is led by Rick Field, a SWAT Law Enforcement Officer, Army Combat Medic, and Law Enforcement Certified Firearms Instructor. The company offers CCW instruction, fundamentals of marksmanship, and advanced tactical training for all skill levels. Rick's philosophy focuses on educating, empowering, and excelling beyond the basics, incorporating legal, ethical, and practical dimensions of firearm use and ownership.",success,low,"No pricing information found, no address provided, only contact form for inquiries. Strong vendor description available but missing all operational details.",,,,2026-04-14T20:40:57+00:00
tulare,Legacy Pistol Training,Arnold Serna,arnold@legacy-ptcw.com,559-393-9740,,,,CA,,,,,,no_website,,,,,,2026-04-13T04:37:12+00:00
tulare,Garcia's Firearms Training,Ralph Garcia,gft.safety@gmail.com,559-469-7692,,,,CA,,,,,,no_website,,,,,,2026-04-13T04:37:12+00:00
tulare,Hold the Line,Robin Corley,pnrcorley@att.net,559-799-5850,,,,CA,,,,,,no_website,,,,,,2026-04-13T04:37:12+00:00
tulare,Jabin Cunningham,Jabin Cunningham,jabincunninghamfirearmstraining@outlook.com,,,,,CA,,,,,,no_website,,,,,,2026-04-13T04:37:12+00:00
tulare,Shooter Ready,James Loyd,,559-372-8068,https://www.shooterreadysports.com,unclear,Visalia,CA,"300 S. Mooney Blvd., Visalia, CA 93291",,,,"Shooter Ready is a veteran-owned and operated gun store in Visalia, California that specializes in home defense firearms, ammunition, holsters, and accessories. They are committed to responsible gun ownership and helping customers find the perfect firearm for their needs. The store also carries retro rifle shirts, coffee, books, and EDC gear for Second Amendment enthusiasts.",success,low,"Website shows gun store information but no CCW training services, pricing, or booking capabilities mentioned",tulare/shooterreadysports-com/logo.png,,,2026-04-13T04:37:12+00:00
tulare,The Gun School,Dan Wells,dan@thegunschool.com,559-936-9909,https://www.thegunschool.com,unclear,,CA,,,,,"The Gun School is a firearms training company owned and operated by Danny R. Wells, who has over 30 years of teaching experience and extensive qualifications with rifle, pistol, and shotgun. They offer a variety of courses including California CCW permits, BSIS Basic Firearms, handgun introduction classes, and instructor training throughout California's Central Coast and Central Valley. The school has been operating since 1988 and serves both civilians and professionals with strict adherence to legal requirements.",success,low,"Website shows course offerings and instructor background but lacks pricing information and clear booking process. Address mentioned as Santa Maria, California but no specific street address provided.",tulare/thegunschool-com/logo.png,,,2026-04-13T04:37:12+00:00
tulare,Banut Firearms Training,Arsie Banut,banutfirearmsccw@gmail.com,559-799-5561,,,,CA,,,,,,no_website,,,,,,2026-04-13T04:37:12+00:00
tulare,Estrada's Firearm Training,Greg Estrada,Gonehuntin76@yahoo.com,559-804-1973,,,Coalinga,CA,,,,,,no_website,,,,,,2026-04-13T04:37:12+00:00
tulare,Ethos Protection Services,Sam Carter,sam@ethosprotectionservices.com,559-245-4300,,,Fresno,CA,,,,,,no_website,,,,,,2026-04-13T04:37:12+00:00
tulare,Elite Training Solutions,Eric Olson,Chowchilla.ccw@gmail.com,559-765-7702,,,,CA,,,,,,no_website,,,,,,2026-04-13T04:37:12+00:00
tulare,Concealed Coalition,,info@concealedcoalition.com,1-800-805-2238,https://www.concealedcoalition.com,direct_booking,,CA,,,,,"Concealed Coalition is a nationwide concealed carry training provider offering both online and in-person courses taught by certified instructors. They combine digital learning with hands-on classroom experiences, featuring a network of trainers, classroom partnerships with national brands, and gun range alliances. The company emphasizes experiential, scenario-based training designed to be engaging and educational for students of all experience levels.",success,low,"Strong vendor description and clear booking capability found, but no pricing information or specific addresses provided. Shows 2-day course format but no duration hours or costs listed.",,tulare/concealedcoalition-com/instructor_1.jpg|tulare/concealedcoalition-com/instructor_2.jpg|tulare/concealedcoalition-com/instructor_3.jpg,tulare/concealedcoalition-com/training_1.jpg,2026-04-13T04:37:12+00:00
tulare,April Skye Defense Tactics,April Skye-Parsons,asdefensetactics@yahoo.com,559-679-6578,https://aprilskye.com/firearms-%26-training,inquiry_only,Visalia,CA,,,,,"April Skye Defense Tactics is run by April Skye Parsons, a certified firearms instructor for California, Utah and Tennessee who offers CCW classes for Tulare, Kings, Fresno and Madera Counties. She holds multiple certifications including USCCA, NRA CCW Instructor, and The Well Armed Woman Certified Instructor, specializing in helping women learn firearms skills in a comfortable environment that meets their individual needs.",success,low,"Website shows contact info and instructor credentials but lacks specific pricing, class schedules, or address. Events section shows 'TBA - check back for classes' indicating scheduling by inquiry only.",tulare/aprilskye-com/logo.jpg,,,2026-04-14T20:40:57+00:00
tulare,Tackett's Confident Concealed,Matt Tackett,,559-802-7434,,,,CA,,,,,,no_website,,,,,,2026-04-13T04:37:12+00:00
tulare,ACAM Society LLC,Alvin Moore,training@acamsociety.com,559-797-1958,https://www.acamsociety.com,inquiry_only,,CA,,225,170,75,"ACAM Society LLC is a firearms training company established in 2021 that offers both online and in-person CCW courses compliant with SB2 gun laws. They provide flexible scheduling with courses available by appointment and specialize in serving real estate professionals who need personal protection training. The company is approved by multiple California counties including Madera, Fresno, Fresno PD, Kings, and Tulare County for in-person courses only.",success,medium,"Clear pricing found for 16hr initial ($225) and 8hr renewal ($170) courses, plus add-a-gun service ($75). Booking appears to be inquiry-only based on 'by appointment' scheduling and phone contact emphasis. No specific address found, only phone number and service areas mentioned.",tulare/acamsociety-com/logo.jpg,tulare/acamsociety-com/instructor_1.jpg,,2026-04-13T04:37:12+00:00
tulare,S Mcphetridge Firearms Training,Steven Mcphetridge,SMcphetridgefirearmstraining@yahoo.com,559-991-9818,,,,CA,,,,,,no_website,,,,,,2026-04-13T04:37:12+00:00
tuolumne,559 Concealed Carry,,paco@559ccw.com,559-790-3071,,,,CA,,,,,,no_website,,,,,,2026-04-13T04:37:12+00:00
tuolumne,Accuracy Firearm Training,,Exglock@gmail.com,916-316-6996,https://accuracyfirearm.com,inquiry_only,Sloughhouse,CA,"15501 Meiss Road, Sloughhouse, California 95683, United States",,,,"Accuracy Firearm Training is led by instructor Razmik Carapetian (Mick), who has a military background and competitive shooting experience. They conduct CCW initial and renewal classes at the 851-acre Sacramento Valley Shooting Center in Sloughhouse, CA, utilizing a private outdoor range for enhanced safety. The company emphasizes safe gun handling and provides a controlled training environment with 8+ years of experience and a 100% safety record.",success,low,"No pricing information found despite extensive content. Has booking/contact forms but no direct online booking system. Clear address and vendor description available, but missing all pricing data.",tuolumne/accuracyfirearm-com/logo.jpg,,,2026-04-13T04:37:12+00:00
tuolumne,Alpha Point Firearms Training,,info@alphapointtraining.com,209-660-9414,https://alphapointtraining.com,,,CA,,,,,,success,low,"Only header information provided - no course details, pricing, descriptions, or other substantive content available",,,,2026-04-13T04:37:12+00:00
tuolumne,Bill Tidwell,Bill Tidwell,bill@train2besafe.com,209-878-3056,https://train2besafe.com,,,CA,,,,,,failed,,,,,,2026-04-13T04:37:12+00:00
tuolumne,California Online CCW,,,559-294-9400,https://californiaonlineccw.com/nonresident,inquiry_only,Clovis,CA,"1173 Dayton Ave, Clovis, CA 93612",,,,"California Online CCW specializes in providing online 16-hour initial CCW courses specifically for non-residents who want to obtain a license to carry while visiting California. The company offers 24/7 online access to their California-approved course, allowing students to complete the training at their own pace. Students must complete a live-fire qualification with the issuing agency where they apply, and the course is accepted by numerous counties and LAPD.",success,medium,"Clear vendor description and contact info found, but no pricing information visible on the website content provided. Booking capability appears to be inquiry-only based on contact form.",tuolumne/californiaonlineccw-com/logo.jpg,,,2026-04-13T04:37:12+00:00
tuolumne,Case Defensive Training Group,,,209-665-5541,https://casedefensivetraininggroup.com,inquiry_only,Angels Camp,CA,"Angels Gun Club, Angels Camp, CA 95222",300,200,,"Case Defensive Training Group offers CCW certification classes taught by Andrea and Chad Case, who are certified deadly force instructors. They conduct classes at The Angels Gun Club in Angels Camp, CA and are approved by multiple law enforcement agencies including Angels PD, Jackson PD, and several county sheriff's offices. The group emphasizes education in the judicious use of deadly force and provides legal support services to students involved in self-defense scenarios.",success,high,Clear pricing found for 16hr initial ($300) and 8hr renewal ($200). Address clearly stated. Booking requires email inquiry. Good vendor description available from website copy.,,tuolumne/casedefensivetraininggroup-com/instructor_1.jpg|tuolumne/casedefensivetraininggroup-com/instructor_2.jpg|tuolumne/casedefensivetraininggroup-com/instructor_3.jpg,,2026-04-13T04:37:12+00:00
tuolumne,Confidence Firearms & Weapons Training,,conna586@icloud.com,209-768-1497,,,,CA,,,,,,no_website,,,,,,2026-04-13T04:37:12+00:00
tuolumne,Defensive TRIAD,,info@defensivetriad.com,916-765-5661,https://defensivetriad.com,,,CA,,,,,,failed,,,,,,2026-04-13T04:37:12+00:00
tuolumne,Defensive Weapons School,,defensive_weapons_school@yahoo.com,925-549-0480,https://defensiveweaponsschool.com,,,CA,,,,,,failed,,,,,,2026-04-13T04:37:12+00:00
tuolumne,Dynamic CCW Academy,,,209-770-5550,https://calaverasccw.com,unclear,Angels Camp,CA,"2403 Gun Club Rd, Angels Camp, CA 95222",,,,"Dynamic CCW Academy provides CCW certification training led by instructors Tim and Mike. The academy offers well-structured firearms training with real-life examples and concepts explained with ease. They make themselves available after the course for questions, advice and references, and maintain a regular schedule of training events.",success,low,"Found address and basic description from testimonial, but no pricing information, course details, or clear booking process. Website appears to be mostly a blog with YouTube links.",tuolumne/calaverasccw-com/logo.jpg,,,2026-04-13T04:37:12+00:00
tuolumne,Grover Group,,anoop@grovergroup.biz,510-676-6076,https://ggccw.biz,inquiry_only,,CA,,450,300,100,"Grover Group Training is a California DOJ-approved CCW training provider trusted by over 30 sheriff's offices and police departments across Northern California. They offer hybrid delivery combining virtual instructor-led lectures with live-fire qualifications, with courses led by certified instructors holding credentials from California DOJ, NRA, USCCA, and California POST. The company also provides FFL01 firearm transfers and specialized law enforcement training as a POST-certified instructor.",success,high,Clear pricing found for full 16hr course and renewal. Requalification/Permit Modification fee of $100 appears to be for adding guns. Strong vendor description available from website content.,tuolumne/ggccw-biz/logo.png,,tuolumne/ggccw-biz/training_1.jpeg|tuolumne/ggccw-biz/training_2.jpg,2026-04-13T04:37:12+00:00
tuolumne,Hard Focus Firearms Training,,hardfocustraining@gmail.com,209-564-0332,https://hardfocustraining.com,unclear,,CA,,,150,,"Hard Focus Firearms Training is dedicated to providing the best, most effective techniques in defensive shooting to protect yourself and loved ones. They pride themselves on going above and beyond minimum standards by providing the best experience and safest environment for their students. The company is approved for CCW certification in Merced, Madera, Fresno, Tulare, San Benito, Tuolumne and Stanislaus counties in California.",success,low,Only found pricing for 8hr renewal course. No pricing for 16hr initial course despite it being mentioned in navigation. No address or clear booking process found. Website appears to have booking capability but details not visible.,,tuolumne/hardfocustraining-com/instructor_1.jpg|tuolumne/hardfocustraining-com/instructor_2.jpg|tuolumne/hardfocustraining-com/instructor_3.jpg,,2026-04-13T04:37:12+00:00
tuolumne,Kiwi's Custom Guns,,,209-863-2355,https://kiwiscustomguns.com,unclear,,CA,,,,,"Kiwi's Custom Guns operates a state-of-the-art climate-controlled indoor shooting range with five 25-yard lanes capable of handling calibers up to .50 BMG. The facility features advanced Action Target equipment including The Defender Stall system, tactical cart tables, and Genesis Smart target retrieval systems with touchscreen interfaces. They offer range services, training, gunsmithing, and retail operations with an advanced ventilation system for enhanced safety and comfort.",success,low,"Website content only describes range facilities and general services - no CCW training specifics, pricing, or booking information found",,,,2026-04-13T04:37:12+00:00
tuolumne,Madison Society Foundation,,Registration@madisonsocietyfoundation.org,,https://madisonsocietyfoundation.org/,,,CA,,,,,,success,low,"Website content appears to be corrupted or encoded binary data - no readable text could be extracted to determine services, pricing, or business details",,,,2026-04-14T20:40:57+00:00
tuolumne,ROZO Tactical,,training@rozotactical.com,209-425-0075,https://rozotactical.com,,Orlando,CA,,,,,,success,low,"This appears to be a corporate furnished rentals company, not a CCW firearms training vendor. No firearms training content found.",tuolumne/rozotactical-com/logo.png,,tuolumne/rozotactical-com/training_1.jpg|tuolumne/rozotactical-com/training_2.jpg|tuolumne/rozotactical-com/training_3.jpg,2026-04-13T04:37:12+00:00
tuolumne,Saber Tactics,,training@sabertactics.com,650-276-0009,https://sabertactics.com/,direct_booking,,CA,,,,,"Saber Tactics is a premier firearms training company serving the San Francisco Bay Area, led by instructors with extensive law enforcement experience including SWAT team backgrounds. They offer comprehensive training programs for both civilians and law enforcement, including CCW permit training, defensive tactics, and specialized courses in pistol, rifle, and personal protection. The company is a proud partner of CCW Safe and provides POST-certified training for law enforcement personnel.",success,low,No CCW permit pricing found - only saw law enforcement course pricing ($600-800). Website mentions CCW permit training for CA and non-CA residents but no pricing or detailed course info was provided in the content.,tuolumne/sabertactics-com/logo.png,,,2026-04-14T20:40:57+00:00
tuolumne,Safe Insight,,Info@SafeInsight.net,877-217-7233,https://safeinsight.net/california-ccw,direct_booking,,CA,,,,,"Safe Insight offers sheriff-approved online CCW training for multiple California counties including Orange, Los Angeles, Sacramento, and others. They provide self-paced online coursework combined with one-on-one qualification sessions and up to one hour of private instruction, featuring training from retired law enforcement professionals.",success,low,"Found clear description of services and online format, but no pricing information, specific address, or detailed booking process beyond general marketing content",tuolumne/safeinsight-net/logo.png,,,2026-04-13T04:37:12+00:00
tuolumne,Spartan Defense,,,209-202-8283,https://trainwithspartan.com,,,CA,,,,,,success,,,,,,2026-04-13T04:37:12+00:00
tuolumne,Stage Stop Gun Shop,,Range@SSGS.US,209-358-4867,https://stagestopgunshop.com,inquiry_only,Atwater,CA,"601 Atwater Blvd, Atwater, CA",,,,"Stage Stop Gun Shop operates two locations in California, with their main Atwater facility featuring an 18,800 sq ft space that includes a 20-lane indoor shooting range, archery range, and dedicated classrooms for training. They offer comprehensive CCW training courses for new applicants and renewals, serving residents of Madera, Mariposa, Merced, Stanislaus, Tuolumne counties and the City of Turlock. The shop also provides various firearm skill development classes and offers both in-person and online CCW course options.",success,medium,Found clear address and course offerings but no pricing information. Booking requires calling or visiting locations. Good vendor description available from website content.,tuolumne/stagestopgunshop-com/logo.png,,tuolumne/stagestopgunshop-com/training_1.jpg,2026-04-13T04:37:12+00:00
tuolumne,Valley Defense Consulting,,training@valleydefense.com,209-552-5728,https://valleydefense.com,direct_booking,Modesto,CA,"P.O. Box 583512, Modesto, CA 95358",325,195,,"Valley Defense offers comprehensive firearms training in Modesto, California, serving multiple counties including Stanislaus, San Joaquin, Mariposa, Merced, Monterey, Contra Costa, and Tuolumne. Their instructors are former law enforcement officers trained at internationally recognized facilities, providing handgun, shotgun, and carbine training for both civilians and law enforcement. They offer CCW courses, defensive shooting classes, and specialized training with application to real-life scenarios, plus a membership program for ongoing training opportunities.",success,high,Clear pricing found for CCW renewal ($195) and 16-hour initial course ($325). Direct booking available through ticket system. Good vendor description available from website content.,tuolumne/valleydefense-com/logo.png,,tuolumne/valleydefense-com/training_1.png,2026-04-13T04:37:12+00:00
tuolumne,Weapons Training School,,,209-532-6677,https://weaponstrainingschool.com,inquiry_only,COPPEROPOLIS,CA,"P.O. BOX 543 COPPEROPOLIS, CA 95228",,,,"Weapons Training School is a California CCW training provider serving the Copperopolis area that offers both 16-hour new applicant courses and 8-hour renewal courses with live-fire qualification. The school provides group courses and private lessons for CCW, handgun, rifle, and shotgun training. They emphasize their professional presentation of curriculum and conscientious commitment to safety and instruction quality.",success,low,Found course schedule and clear service offerings but no pricing information. Booking appears to be inquiry-based through email/phone contact rather than direct online booking.,,,,2026-04-13T04:37:12+00:00
ventura,Banzai Operation,Marc Alabanza,marcalabanza@gmail.com,(805) 619-0979,https://www.vcccw.com,,Thousand Oaks,CA,,,,,,failed,,,,,,2026-04-13T04:37:12+00:00
ventura,Tactical Firearms Training Institute,Dave Manning,dave@tacfire.com,(805) 890-1778,https://www.tacfire.com,inquiry_only,Santa Paula,CA,,,,,"The Tactical Firearms Training Institute specializes in police law enforcement instructor training and civilian firearms training across Los Angeles, Ventura, Santa Barbara, Kern, Riverside, Orange, San Diego, and San Bernardino counties. They offer California P.O.S.T certified courses including tactical handgun instructor, tactical rifle instructor, and basic sniper training. Their goal is to prepare students to win lethal force encounters through continual skill development and realistic training.",success,low,"Website focuses heavily on law enforcement training with minimal civilian CCW information. No pricing, specific address, or clear booking process found. No mention of standard CCW permit courses or pricing.",,ventura/tacfire-com/instructor_1.png|ventura/tacfire-com/instructor_2.png|ventura/tacfire-com/instructor_3.png,ventura/tacfire-com/training_1.png|ventura/tacfire-com/training_2.png|ventura/tacfire-com/training_3.png,2026-04-13T04:37:12+00:00
ventura,Inglis CCW Firearm Training,Todd Inglis,inglisfirearmtraining@gmail.com,(805) 804-7776,https://www.inglisfirearmtraining.com,inquiry_only,Ventura,CA,,,,,,success,low,"Website contains only basic contact information with phone and email. No pricing, course details, or substantive description found. Only booking method appears to be contacting them directly.",ventura/inglisfirearmtraining-com/logo.png,,,2026-04-13T04:37:12+00:00
ventura,California Tactical Academy,Jennifer Porter,myfirearms@gmail.com,(805) 479-7222,https://ctala.com,inquiry_only,,CA,,,,,"California Tactical Academy is a 1,500+ acre outdoor shooting facility in Los Angeles offering tactical and competition training courses for beginners, intermediate and advanced shooters. They provide private training, public and private ranges, competitions, and events. CTA offers various training courses including pistol, rifle, shotgun and advanced courses with experienced professional instructors.",success,low,No CCW-specific courses or pricing found. Only general tactical/competition training with private instruction pricing. No CCW permit training mentioned despite extensive course listings.,ventura/ctala-com/logo.jpg,,ventura/ctala-com/training_1.png|ventura/ctala-com/training_2.jpg,2026-04-13T04:37:12+00:00
ventura,Professional Firearms Training Academy,Miguel Viesca,mviesca@pftai.com,(805) 302-9600,https://www.professionalfirearmstraining.com,,Oxnard,CA,,,,,,success,,,,,,2026-04-13T04:37:12+00:00
ventura,ENC Training - Empowered Not Cowered,Jeanne Raede,enc.ccw@gmail.com,(805) 901-2858,,,,CA,,,,,,no_website,,,,,,2026-04-13T04:37:12+00:00
ventura,Military and Police Advisory Group,Robert Gager,rp_gager@yahoo.com,(805) 797-5567,,,Newbury Park,CA,,,,,,no_website,,,,,,2026-04-13T04:37:12+00:00
ventura,Ventura CCW,Shawn Lindstrom,calgunstraining@gmail.com,(805) 765-1486 or (805) 415-2310,https://www.venturaccw.com,,Piru,CA,"6700 Holser Canyon Rd, Piru CA",700,350,,"Cal Guns Training is led by Shawn, a former deputy with 8 years in law enforcement and over 15 years of teaching experience, offering initial 16-hour and renewal 8-hour CCW courses for Ventura and Los Angeles Counties, along with Utah non-resident CCW certification, NRA Basic Handgun and Rifle courses, private firearms training, and DOJ Firearm Safety Certificate instruction. With over 1,200 active students and 558,000 rounds expended, Shawn's approach stands out for its patient, judgment-free instruction designed to build genuine confidence and safety habits in shooters of all experience levels.",success,high,manual,,,,2026-04-13T04:37:12+00:00
ventura,Greg Sonnenburg,,csacannoneer@yahoo.com,(805) 501-0478,,,Thousand Oaks,CA,,,,,,no_website,,,,,,2026-04-13T04:37:12+00:00
ventura,MV Tactical & Firearms,Brian Fitzpatrick,brian@mvtactical-firearmstraining.com,(310) 720-2028,https://mvtactical-firearmstraining.com/,direct_booking,Thousand Oaks,CA,,,400,,"MV Tactical & Firearms Training is a tactical firearms training company serving the Los Angeles and Ventura County areas. They offer comprehensive courses from basic defensive pistol to advanced tactical training, including CCW permit preparation and renewal courses that meet California's SB-2 requirements. The company emphasizes low student-instructor ratios, experienced instructors, and proven methods to prepare students for real-world scenarios.",success,medium,"Found renewal pricing and booking capability clearly, but saw varying renewal prices ($400 and $500). No 16-hour initial course pricing found, no address listed on website despite location being Thousand Oaks.",ventura/mvtactical-firearmstraining-com/logo.jpg,,,2026-04-14T20:40:57+00:00
ventura,Critical Advantage Consulting,David Songer,songer@criticaladvantage.org,(805) 761-8068 or (805) 407-5023,https://www.criticaladvantage.org,unclear,Ventura,CA,,,,,"Critical Advantage Consulting is a veteran and honorably retired law enforcement owned training company founded in 2019 with 53 years of combined law enforcement experience. They specialize in safety and firearms training and certifications, security assessments, active shooter response training, and strategic financial coaching services. The company offers veteran discounts and focuses on comprehensive safety preparation and planning.",success,low,"Website appears to be a basic landing page with no specific CCW pricing, course details, or booking information. Only general description of services available.",,,ventura/criticaladvantage-org/training_1.jpg|ventura/criticaladvantage-org/training_2.jpg|ventura/criticaladvantage-org/training_3.jpg,2026-04-13T04:37:12+00:00
ventura,Action Firearms Training,Daniel C. Shaffer,ccwfirearmstraining@yahoo.com,(805) 857-4720,https://www.criticaladvantage.org,unclear,Simi Valley,CA,,,,,"Action Firearms Training is a veteran and honorably retired law enforcement owned company founded in 2019 with 53 years of combined law enforcement experience. They specialize in safety and firearms training and certifications, security assessments, active shooter response training, and strategic financial coaching services. The company offers veteran discounts and operates under the motto 'Safety doesn't happen by accident.'",success,low,"Website appears to be under construction or incomplete - no pricing, specific course offerings, contact information, or booking details found. Only general company information and services overview available.",,,ventura/criticaladvantage-org/training_1.jpg|ventura/criticaladvantage-org/training_2.jpg|ventura/criticaladvantage-org/training_3.jpg,2026-04-14T20:40:57+00:00
ventura,Apex Firearms Training,Scott Druyun,scott@laccw.net,(818) 825-8760,https://www.laccw.net,inquiry_only,Simi Valley,CA,,,,,"Apex Firearms Training is led by instructor Scott, who brings over 30 years of firearms teaching experience and 40+ years of shooting expertise, including 9 California State speed shooting titles. The company specializes in CCW training for Los Angeles and Ventura Counties, conducting classes at Burbank Firing Line with both classroom instruction and range qualification at the same location. They offer personalized instruction from certified instructors rather than video-based training, with one-on-one sessions available on a private outdoor range for advanced techniques.",success,medium,"Strong vendor description and qualifications found, but no pricing information available and only contact form for booking inquiries. Address is vague (Simi Valley mentioned in prompt but classes held at Burbank Firing Line).",,,,2026-04-13T04:37:12+00:00
ventura,Worthan's Gun,Brian Worthan,brian@worthan.net,(805) 415-1547,,,,CA,,,,,,no_website,,,,,,2026-04-13T04:37:12+00:00
ventura,True Aim CCW Certification,Dennis G. Shaffer,training@ccwcertification.com,(805) 426-9904,https://www.ccwcertification.com,inquiry_only,Simi Valley,CA,,,,,"True Aim CCW Certification is a family-owned firearms training business serving Ventura and Los Angeles County for two generations. They provide NRA certified pistol, rifle and shotgun classes as well as CCW certification for California, Utah, Arizona and Florida. All training is conducted through private appointments with 1:1 or small group sessions, and can be held at public indoor ranges, their private outdoor range, or even at the client's home.",success,low,No pricing information found on website. Only contact method is phone/email appointment scheduling. Address not specified beyond general Simi Valley location and service areas.,,,,2026-04-13T04:37:12+00:00
ventura,Covered 6,Chris Dunn,chris@covered6.com,(805) 926-2055 or (818) 335-7205,https://www.covered6.com,inquiry_only,Moorpark,CA,,,,,"Covered 6 is a full-service professional private security company providing security services globally, with specialized training programs for first responders and protective services personnel. They offer advanced security training programs including Physical Security Specialist Academy, Executive Protection Academy, and Universal Defensive Tactics, with instructors from elite tactical units. The company works with the US Department of Labor on National Program Standards and has developed public-private partnerships with law enforcement agencies.",success,low,"This appears to be a professional security/tactical training company rather than a CCW permit training vendor. No CCW-specific courses, pricing, or standard civilian permit training mentioned. Focus is on professional security, law enforcement, and tactical training.",ventura/covered6-com/logo.png,,,2026-04-13T04:37:12+00:00
ventura,Black Moon Tactical,Gary Pentis,blkmoontactical@gmail.com,(805) 947-8074,,,,CA,,,,,,no_website,,,,,,2026-04-13T04:37:12+00:00
ventura,308 Tactical,Will Miller,william.miller@308tac.com,(805) 585-5220,https://www.308tac.com,direct_booking,Lake Sherwood,CA,,,,,"308 Tactical provides firearms training including CCW courses for Los Angeles and Ventura County residents seeking California CCW permits. As an officially LAPD and LASD approved provider, their courses are designed to meet the rigorous standards of the Los Angeles County Sheriff's Department and Los Angeles Police Department. Their certified California CCW instructors teach law enforcement, military, and civilian proven concepts including defensive handgun training and tactical skills.",success,medium,"Clear booking system and detailed vendor description found, but no pricing information visible on any pages. Address shows '308 Tactical Firearms Training Range' as location but no street address provided.",ventura/308tac-com/logo.png,ventura/308tac-com/instructor_1.jpg|ventura/308tac-com/instructor_2.jpg,ventura/308tac-com/training_1.jpg|ventura/308tac-com/training_2.jpg|ventura/308tac-com/training_3.jpg,2026-04-13T04:37:12+00:00
ventura,CCW Permit Training and Renewals,Michael Kennedy,mikekennedy.author@gmail.com,(805) 843-4323,,,,CA,,,,,,no_website,,,,,,2026-04-13T04:37:12+00:00
ventura,Home Grown Safety,Brandy Lengning,brandy@homegrownsafety.com,(805) 804-7406,https://homegrownsafety.com,inquiry_only,Fillmore,CA,,,,,"Home Grown Safety is operated by Brandy Lengning, a Ventura County CCW Sheriff Approved Instructor who approaches firearms training from a civilian perspective rather than law enforcement or military background. She offers customized CCW initial and renewal classes, private instruction, and specializes in creating personalized training curricula for individuals, homes, and businesses. Brandy teaches primarily at California Tactical Academy in Piru, CA and is also approved at Shooter's Paradise of Oxnard.",success,medium,"Clear vendor description and booking method found, but no specific pricing information provided on the website. Address mentions Fillmore, CA location but no street address given.",,,ventura/homegrownsafety-com/training_1.jpg|ventura/homegrownsafety-com/training_2.jpg|ventura/homegrownsafety-com/training_3.jpg,2026-04-13T04:37:12+00:00
ventura,Safe Insight,Michael Cox,instruction@safeinsight.net,(877) 217-7233,https://www.safeinsight.net,direct_booking,,CA,,99,300,,"Safe Insight offers sheriff-approved online CCW training that allows students to complete sections at their own pace. The company provides training from retired law enforcement instructors, one-on-one qualification sessions, and up to one hour of private instruction. They serve multiple California counties including Los Angeles, Orange, Ventura, and Sacramento counties.",success,medium,Found clear $99 pricing for online training but unclear if this is full 16hr course or partial. Qualification fees are separate and vary by county. Limited specific course hour details provided.,ventura/safeinsight-net/logo.png,,,2026-04-13T04:37:12+00:00
ventura,Lapointe Firearms Training,James Lapointe,rdtllc@yahoo.com,(805) 402-0732,,,,CA,,,,,,no_website,,,,,,2026-04-13T04:37:12+00:00
ventura,Chelsea Enterprise,Bruce Duckhart,chelsea.firearms@yahoo.com,(805) 750-2291,,,Thousand Oaks,CA,,,,,,no_website,,,,,,2026-04-13T04:37:12+00:00
ventura,Argent Force Industries,John M. Smith,jmsgen@yahoo.com,(805) 222-5709,,,Moorpark,CA,,,,,,no_website,,,,,,2026-04-13T04:37:12+00:00
ventura,Tanner Carpenter,,carpentertanner@gmail.com,(805) 328-8265,,,Santa Paula,CA,,,,,,no_website,,,,,,2026-04-13T04:37:12+00:00
ventura,Dennis Haggard,,haggard.dennis@gmail.com,(805) 405-4721,,,,CA,,,,,,no_website,,,,,,2026-04-13T04:37:12+00:00
ventura,Tim Trinh,,training@caliccw.com,(844) 573-9739,https://www.caliccw.com,unclear,,CA,,,,,"California Concealed Carry Workshop provides self-defense education and training for residents throughout Southern California. Their highly qualified instructors come from diverse backgrounds including military, law enforcement, competition, and private training. They offer firearms training for students of all skill levels, emphasizing proper techniques and skill development.",success,low,"Only found basic company description and service area. No pricing, specific course offerings, contact information, or booking details available in the provided content.",ventura/caliccw-com/logo.png,,,2026-04-13T04:37:12+00:00
ventura,Tacteam,Larry Guevara,tacteamccw@yahoo.com,(805) 216-5427,,,Oxnard,CA,,,,,,no_website,,,,,,2026-04-13T04:37:12+00:00
ventura,Martin Rudzinski,,martinrudzinski@yahoo.com,(805) 914-4328,https://www.archangeltactics.com/,inquiry_only,Camarillo,CA,"4101 Las Posas Rd, Camarillo, CA",,,,"Archangel Tactics is a Phoenix University-certified firearm instruction agency founded in 2004 in Camarillo, CA, with additional NRA certifications. Owner Martin Rudzinski is a decorated Marine with over 35 years of firearm experience. They offer a full range of safety and shooting courses for every age and skill level, including CCW training, self-defense courses, rifle and pistol range training, and Guard card BSIS training, operating 7 days a week by appointment only.",success,low,No CCW pricing found despite mentioning CCW training services. Only found Guard card training price ($100). Contact form suggests inquiry-based booking.,,,,2026-04-14T20:40:57+00:00
ventura,CMA Enterprises,Clement Alberts,km6okz@gmail.com,(805) 824-3650 or (805) 382-4548,,,Oxnard,CA,,,,,,no_website,,,,,,2026-04-13T04:37:12+00:00
ventura,Victor Charlie Armory,Justin Young,justin@vcarmory.com,(805) 320-7729,https://www.vc-armory.com,direct_booking,Ventura,CA,,,,,"Victor Charlie Armory is Ventura County's premier firearms dealer and training facility, offering elite firearms training, ammunition sales, and gunsmithing services. They provide state-of-the-art training facilities with professional DOJ-certified instructors who focus on firearm safety, gun laws, and responsible ownership. The facility serves Ventura and Santa Barbara counties and regularly organizes special events, seminars, and workshops for the firearms community.",success,low,"Website shows clear booking capability and good business description, but contains no specific pricing information for CCW courses or exact street address",,,ventura/vc-armory-com/training_1.jpeg,2026-04-13T04:37:12+00:00
yuba,A Best CCW Training,john,john@bestccwtraining.com,916-744-6969,https://abestccwtraining.com,direct_booking,Lincoln,CA,"Nicolaus Road, Lincoln, CA",,,,"A Best CCW Training is a California-based firearms training company with instructors who have over 140 years of combined experience in law enforcement, CCW training, and NRA instruction. They offer 16-hour initial CCW courses and 8-hour renewal courses for multiple California counties including El Dorado, Nevada, Placer, Sacramento, and others. The company emphasizes real-world, scenario-driven training over basic video instruction, conducting classes in a private indoor classroom facility with outdoor range work at a nearby location.",success,medium,"Clear booking capability via online calendar and good vendor description, but no specific pricing information found despite detailed course offerings. Address is partial (street name and city only).",,,,2026-04-14T20:40:57+00:00
yuba,API Academy,mike_hahn,mike_hahn@eliteuniversalsecurity.com,530-749-0283,https://www.api-academy.com,inquiry_only,,CA,,,,,"API Academy is a California-based training facility that provides professional security and firearms training in compliance with Bureau of Security and Investigative Services (BSIS) requirements. They offer CCW concealed weapon permit courses, NRA basic pistol training, security guard licensing, and specialized training in pepper spray, taser, and de-escalation techniques. The academy emphasizes practical field training and provides ongoing support to students throughout their licensing process.",success,low,"Website shows CCW courses are offered but requires calling/emailing for information. No pricing, specific course details, or address found. Training calendar page failed to load.",,,,2026-04-14T20:40:57+00:00
yuba,Bad Moon Shooting,Steve,Steve@BadMoonShooting.com,530-988-8772,https://badmoonshooting.com,direct_booking,Beale AFB,CA,"4950 D St Bldg 250, Beale AFB, CA 95903",,,,"Bad Moon Shooting is a firearms training company led by retired military instructors offering NRA certified CCW courses and personal protection training. They specialize in California SB2-compliant initial and renewal concealed carry classes for multiple Northern California counties, conducted at the Beale AFB Rod & Gun Club. The company is owned and operated by retired USAF Master Sergeant Steve Carney with additional instructors bringing decades of law enforcement and military experience.",success,low,"Found clear description and address, with direct booking capability through 'Learn More or Sign Up' links, but no pricing information was provided on the website content for any courses",,,,2026-04-14T20:40:57+00:00
yuba,Bellicose Family Safety Solution,,bellicosefss@gmail.com,530-570-2746,,,,CA,,,,,,no_website,,,,,,2026-04-13T04:37:12+00:00
yuba,CCW Shooters,mike,mike@ccwshooters.com,916-207-7350,https://www.ccwshooters.com,inquiry_only,,CA,,175,125,,"CCW Shooters is owned and operated by Mike Cordisco, an NRA Pistol Instructor and California Concealed Carry Handgun Instructor serving the Yuba-Sutter area. The company offers concealed weapon permit training and renewals, private firearms instruction, and women's basic beginning courses. Mike is licensed in multiple California counties including Sacramento, Nevada, Napa, and others, as well as Arizona CCW licensing.",success,medium,"Clear pricing for full courses and instructor credentials, but no specific address beyond 'Yuba City, CA' and booking requires contacting instructor directly",yuba/ccwshooters-com/logo.png,yuba/ccwshooters-com/instructor_1.png,yuba/ccwshooters-com/training_1.jpg|yuba/ccwshooters-com/training_2.png|yuba/ccwshooters-com/training_3.png,2026-04-14T20:40:57+00:00
yuba,CONseale,john,john@conseale.com,530-632-4101,https://www.conseale.com,direct_booking,,CA,,200,150,,"CONseale is operated by John Green, a DOJ Certified Pistol Instructor and NRA Instructor for Personal Protection Inside and Outside the Home. The company provides SB2 compliant 16-hour CCW permit classes and 8-hour recertification courses for Sutter and Yuba Counties. They also offer private classes at customer locations and maintain range safety officer certification.",success,medium,"Clear pricing and booking found, but no address visible and schedule shows inconsistent class structures (some 16hr classes span 3 days rather than typical 2 days)",,,,2026-04-14T20:40:57+00:00
yuba,Crossed Star Firearms,,crossedstarfirearms@yahoo.com,530-790-5187,https://www.crossedstarfirearms.com/,inquiry_only,,CA,,300,175,,"Crossed Star Firearms is a Northern California firearms instructor offering CCW training for residents of multiple counties including Butte, Sacramento, Placer, and others. They provide comprehensive courses ranging from 2-day initial CCW training to renewal classes, multi-state CCW options, and specialized instruction including ladies pistol courses. The instructor emphasizes creating a comfortable learning environment and serves as a female instructor for those seeking that preference.",success,medium,"Clear pricing for renewal and full 16hr course, but no individual day pricing. Has 'Register for a Class' links but no direct booking system visible. No specific address found.",yuba/crossedstarfirearms-com/logo.png,yuba/crossedstarfirearms-com/instructor_1.png|yuba/crossedstarfirearms-com/instructor_2.png,,2026-04-14T20:40:57+00:00
yuba,DAFAST,,DAFASTraining@gmail.com,916-838-4926,https://fasafetytraining.com/,inquiry_only,,CA,,,,,"DAFAST (Dee Adams Fire Arms Safety Training) is led by retired application developer Dee Adams, a certified P.O.S.T. firearms instructor who provides concealed carry instruction with the latest legal updates and processes. The company offers in-person, online, and private CCW classes throughout multiple California counties including Yuba, Sutter, Sacramento, Placer, Colusa, and Yolo. Adams is also the Armed Women of America chapter leader for the Yuba/Sutter area and teaches various firearms safety courses with a focus on family safety and responsible gun ownership.",success,low,"Clear vendor description and instructor qualifications found, but no specific pricing information for CCW courses provided. Only mentions '$10 classes for local residents' which appears to refer to general safety classes, not CCW certification. Booking requires texting for class updates.",yuba/fasafetytraining-com/logo.jpg,yuba/fasafetytraining-com/instructor_1.png,yuba/fasafetytraining-com/training_1.jpg,2026-04-14T20:40:57+00:00
yuba,Down Range,,info@downrangechico.com,530-896-1992,https://www.downrangechico.com/,unclear,,CA,,,,,"Down Range Indoor Training Center is Northern California's only 5-star rated range by the National Shooting Sports Foundation, featuring the area's only 25-yard pistol, rifle and shotgun range. They offer CCW classes, advanced pistol courses, specialized training for women and youth, plus full-service uniform shop, firearms retail, and on-site gunsmith services. The facility emphasizes customer service and creating a healthy learning environment for all users.",success,low,"Found good vendor description and mentions CCW classes, but no pricing information, specific booking details, or address found in the content provided",yuba/downrangechico-com/logo.png,,yuba/downrangechico-com/training_1.png,2026-04-14T20:40:57+00:00
yuba,Essential Self Defense,,tawadc95@yahoo.com,530-713-2070,,,,CA,,301,,,,no_website,,,,,,2026-04-13T04:37:12+00:00
yuba,Family Defense Training LLC,,info@famdefenseccw.com,707-334-7740,,,,CA,,,,,,no_website,,,,,,2026-04-13T04:37:12+00:00
yuba,Miladi Defense,sk,sk@miladigroup.com,530-751-9400,https://www.miladidefense.com/,direct_booking,,CA,,,,,"Miladi Defense offers CCW certification and renewal courses in Yuba City, serving Yuba, Sutter, Placer, and Colusa Counties. They provide the state-required 16-hour initial certification course and 8-hour renewal course covering firearm safety, handling, shooting techniques, and California law. The company also offers additional handgun training courses including fundamental handgun training and personal defense range training.",success,low,"Has clear booking capability and course descriptions, but no pricing information found anywhere on the content provided. No specific address listed beyond 'Yuba City' in the title.",,,,2026-04-14T20:40:57+00:00
yuba,My CCW Now,,rescue4me@live.com,775-842-1289,,,,CA,,751,,,,no_website,,,,,,2026-04-13T04:37:12+00:00
yuba,NorCal Tactical,,NorCalTacticalSales@gmail.com,530-713-7470,https://norcaltactical.com/,inquiry_only,Sutter,CA,"1802 1st Avenue, Sutter, California 95982, United States",,,60,"NorCal Tactical is a firearms retailer and training provider located in Sutter, California that offers both group and private concealed carry courses. They provide initial and renewal concealed carry classes, basic firearm training, and additional firearm endorsements. The company operates as both a gun store with constantly changing inventory and a training facility, emphasizing personalized customer service and the ability to source firearms not in their current stock.",success,medium,"Clear address and add-a-gun pricing found, but all course pricing shows 'Contact for pricing' so no specific amounts available. Booking requires contacting them directly rather than online booking.",,yuba/norcaltactical-com/instructor_1.jpg|yuba/norcaltactical-com/instructor_2.jpg|yuba/norcaltactical-com/instructor_3.jpg,,2026-04-14T20:40:57+00:00
yuba,Precision Firearms Training Solutions,,info@precisionfirearmstrainingsolutions.com,916-398-3822,https://www.precisionfirearmstrainingsolutions.com/location,inquiry_only,Lake Tahoe,CA,"123 Demo Street, Lake Tahoe, CA",351,,,"Precision Firearms Training Solutions provides comprehensive firearms education and training for personal protection, recreation, and professional development. They offer courses including Basic Pistol Instruction, Defensive Shooting Fundamentals, Active Shooter Response, and Personal/Home Protection Planning. The company emphasizes expert instruction, state-of-the-art training facilities, and a commitment to safety and ethical practices to promote responsible firearm ownership.",success,low,No pricing information found for any courses. Address appears to be placeholder/demo content. Website shows general course descriptions but lacks specific CCW permit course details or pricing.,,yuba/precisionfirearmstrainingsolutions-com/instructor_1.png|yuba/precisionfirearmstrainingsolutions-com/instructor_2.jpg|yuba/precisionfirearmstrainingsolutions-com/instructor_3.jpg,,2026-04-14T20:40:57+00:00
yuba,Reinhardt Firearms Instruction,,bigrugman@gmail.com,530-635-4733,,,,CA,,,,,,no_website,,,,,,2026-04-13T04:37:12+00:00
yuba,Shooters Paradise,,info@spyc.com,530-673-4100,https://spyc.com/,inquiry_only,,CA,,,125,,"Shooter's Paradise is a veteran-owned and operated indoor shooting range and gun shop in Yuba City, serving as the only public indoor shooting range in the Yuba/Sutter area. They offer a 9-lane indoor range, firearm rentals, and carry name brands including Springfield, Glock, Sig Sauer, Beretta, and Ruger. The facility provides CCW training classes along with various other firearms training courses from basic handgun safety to advanced marksmanship instruction.",success,medium,"Found CCW pricing and good vendor description, but unclear if the $175 'CCW Initial' is a 16hr course or other format. No specific address found, only 'Yuba City' location mentioned. Booking requires phone call scheduling.",yuba/spyc-com/logo.jpg,,yuba/spyc-com/training_1.jpg|yuba/spyc-com/training_2.png|yuba/spyc-com/training_3.jpg,2026-04-14T20:40:57+00:00
yuba,STTARR,joe,joe@sttarr.net,760-784-0699,https://sttarr.net/,direct_booking,Bishop,CA,"595 W Line St. Bishop, CA 93514",,150,,"Sierra Tactical Training and Active Response Resources (STTARR) is located in Bishop, California and provides certified CCW training for Inyo and Mono Counties. They offer both online and in-person components, with instructors having over 100 years of combined firearms training experience in law enforcement and public safety. STTARR provides individual one-on-one training as well as group classes for professionals, families, and friends.",success,high,Clear pricing found for full 16hr course and 8hr renewal. Has direct booking with 'Pay Here' option and scheduled classes. Address clearly listed. Good description available from website copy.,,yuba/sttarr-net/instructor_1.jpg|yuba/sttarr-net/instructor_2.jpg|yuba/sttarr-net/instructor_3.jpg,,2026-04-14T20:40:57+00:00
yuba,Twin Cities Rod and Gun Club,,twincitiesgunclubccw@gmail.com,530-790-0464,https://www.twincitiesgunclub.com/ccw-classes,inquiry_only,Yuba City,CA,"1125 Market St, Yuba City, CA",261,85,5,"Twin Cities Rod and Gun Club offers monthly concealed carry weapon classes taught by NRA certified instructors. The club serves Yuba, Sutter, and Colusa County residents with state-approved training courses for both initial applicants and renewals. Classes are held on the second Saturday of each month at their Yuba City classroom location, with no additional charge for up to three firearms on the permit.",success,high,"Clear pricing structure with member/non-member rates, specific address and booking process, comprehensive course description",,,,2026-04-14T20:40:57+00:00
yuba,California Online CCW,,INFO@CALIFORNIAONLINECCW.COM,559-294-9400,https://californiaonlineccw.com/,inquiry_only,,CA,,,,,"California Online CCW provides comprehensive online CCW training courses that students can complete from anywhere at their own pace. They offer 16-hour initial courses, 8-hour renewal courses, and non-resident CCW courses, with students completing the online education portion before attending live-fire qualification at affiliated ranges throughout California. The platform allows students to pause, resume, and review coursework as needed within specified timeframes.",success,low,"No pricing information found anywhere on the site. This appears to be an online course platform that partners with local ranges for live-fire qualification, but they don't display course prices or direct booking - only course previews and affiliate search functionality.",yuba/californiaonlineccw-com/logo.png,,yuba/californiaonlineccw-com/training_3.png,2026-04-14T20:40:57+00:00
contra-costa,"Defensive Accuracy, LLC",Denise King,,(209) 369-9366,https://www.daccw.com/ccw-classes,inquiry_only,,CA,,,,,"Defensive Accuracy, LLC has been training law-abiding Californians in concealed carry since 2006. All instructors are certified by the California Department of Justice as CCW instructors. They offer 16-hour initial CCW classes and 8-hour renewal classes in Concord and Richmond, as well as private and semi-private instruction options.",success,low,"Re-listed from marin county entry. Found vendor description and service offerings but no pricing information, specific addresses, or clear booking process details.",,,,2026-04-17T00:35:03+00:00
contra-costa,Friedman Firearms Training,,,(925) 818-6642,https://www.friedmanfirearmstraining.com,inquiry_only,Pleasant Hill,CA,,,,,"Friedman Firearms Training provides CCW training by appointment in compliance with PC26165 SB2 requirements for both initial and renewal applications. They specialize in one-on-one training sessions rather than group classes for personalized instruction. The company also offers mobile CCW training services and comprehensive online animated lessons on shooting fundamentals including aiming, grip control, trigger control, and breath control.",success,low,Re-listed from santa-clara county entry. No pricing information found. Must call/email for appointments. No street address available.,,,,2026-04-17T00:35:03+00:00
contra-costa,Paladin Tactical US,Dan Butler,paladintacticalus@gmail.com,(707) 863-1064,https://www.paladin-tactical-us.com,unclear,Concord,CA,"4700 Evora Rd, Concord, CA 94520",,,,"Paladin Tactical is a Bay Area firearms training provider that offers CCW classes along with advanced pistol, rifle, shotgun, and scenario-based training. They serve responsible citizens, law enforcement, and security professionals, conducting training at the United Sportsmen range in Concord, CA. The company emphasizes professional and safe training environments with experienced instructors.",success,low,Re-listed from marin county entry. No pricing information or specific booking process details found.,,,,2026-04-17T00:35:03+00:00
contra-costa,2nd Amendment Firearms Academy,Doug Kevilus,contact@2aFirearmsAcademy.com,(707) 410-0389,https://www.2afirearmsacademy.com,unclear,Fairfield,CA,,400,250,,"2A Firearms Academy is a Bay Area-based firearms training company founded by U.S. Army veteran Doug Kevilus and co-founder Ryan Lewis. The academy specializes in California CCW certification and defensive firearms training, serving over 30 jurisdictions across the Bay Area. Their instructors are DOJ certified CCW instructors with backgrounds in military and competitive shooting, offering comprehensive training that combines classroom instruction with live-fire exercises at outdoor ranges.",success,medium,Re-listed from sonoma county entry. Clear pricing for 16hr CCW ($400) and 8hr renewal ($250). No specific address or clear booking process.,,,,2026-04-17T00:35:03+00:00
contra-costa,Expert Firearms Training LLC,Roy Bryson,Roy@expertfirearmstraining.com,(925) 550-2780,https://www.goxswat.com,,Tracy,CA,,,,,,failed,,Re-listed from san-joaquin county entry. Website enrichment previously failed.,,,,2026-04-17T00:35:03+00:00
contra-costa,Bay Area Tactical Group (BAT Tactical),,,(415) 568-6803,https://www.battactical.com,direct_booking,San Carlos,CA,"827 Cherry Ln, San Carlos, CA 94070",400,200,,"Bay Area Tactical Group (BAT Tactical) is a premier firearms training destination in the Bay Area led by certified and experienced instructors. They offer comprehensive tactical and firearms training for all skill levels, from basic handgun and rifle courses to advanced defensive strategies. The company operates multiple ranges including a private ranch location and emphasizes safety as their top priority while creating a supportive learning environment.",success,medium,Re-listed from marin county entry. Clear pricing for CCW courses. Direct booking via shopping cart.,,,,2026-04-17T00:35:03+00:00
contra-costa,Dobbs Firearm Training,Charles Dobbs,training@dobbsfirearmtraining.com,(707) 430-0090,https://dobbsfirearmtraining.com,direct_booking,Richmond,CA,"3155 Goodrick Ave, Richmond, CA 94801",,265,,"Dobbs Firearm Training provides California CCW training courses, specializing in 8-hour SB2 training requirements for permit renewals. They serve multiple counties including Calaveras, Contra Costa, Solano, Napa, Sacramento, and Yolo County. Currently operating from Richmond Rod & Gun Club.",success,medium,Re-listed from solano county entry. Clear renewal pricing ($265) and direct booking. No 16-hour initial course pricing found. Training at Richmond Rod & Gun Club.,,,,2026-04-17T00:35:03+00:00
contra-costa,"Progressive Accuracy Training Group, LLC",Stephen Perrilliat,,(925) 787-6224,https://www.progressiveaccuracy.com,,Antioch,CA,,,,,,success,low,Re-listed from marin county entry. Website content previously appeared corrupted/encoded - unable to extract data.,,,,2026-04-17T00:35:03+00:00
contra-costa,Delta Tactical Training Group,,info@deltatacticaltraining.com,(925) 775-4777,https://deltatacticalgroup.com,direct_booking,Antioch,CA,"2504 Verne Roberts Cir, Suite 103, Antioch, CA 94509",450,225,,"Delta Tactical Training Group is a veteran-owned, civilian firearms and self-defense training company established in 2011 in the San Francisco Bay Area. They offer CCW courses, basic and intermediate handgun training, and active shooter response courses with law enforcement, military, and NRA instructors. They serve Contra Costa County Sheriff's Office, Antioch PD, Concord PD, Martinez PD, Brentwood PD, Pleasant Hill PD, Pittsburg PD, and Sacramento County.",success,high,Clear pricing for 16hr CCW ($450) and 8hr renewal ($225). Direct booking via online shopping cart. Full address verified via website and Yelp. Veteran-owned business established 2011.,,,,2026-04-17T00:35:03+00:00
contra-costa,Gun Kraft,Robin Yang,robin@gunkraft.com,(408) 515-3536,https://www.gunkraft.com,inquiry_only,San Leandro,CA,"3001 Davis St, San Leandro, CA",400,225,,"Gun Kraft provides comprehensive CCW training at the San Leandro Rifle & Pistol Range, focusing on practical self-defense skills beyond shooting. Their curriculum covers situational awareness, California gun laws, use of force decision-making, emergency trauma care, low-light techniques, and holster selection. Led by instructors with over forty years of combined military and law enforcement experience, their training meets CCW requirements for Contra Costa County, Alameda County, and numerous Bay Area police departments.",success,high,Clear pricing for 16hr CCW ($400) and 8hr renewal ($225). Training explicitly approved for Contra Costa County. Detailed curriculum available. Training at San Leandro Rifle & Pistol Range.,,,,2026-04-17T00:35:03+00:00
contra-costa,"LEO Defensive Concepts, LLC",Joe Leonardo; Archie Chu,mrjoeleo@yahoo.com,(209) 321-9692,https://www.leodefensiveconcepts.com,unclear,Tracy,CA,"4000 Dagnino Rd, Livermore, CA 94551",425,225,,"LEO Defensive Concepts, LLC is a defensive firearms training company founded by law enforcement and medical professionals. Led by retired officers Joe Leonardo (29 years LE, 20 years SWAT) and Archie Chu (20 years LE), they offer tactically driven courses including CCW certification, pistol/rifle/shotgun training, and tactical medical courses. Training is conducted at the Livermore Pleasanton Rod and Gun Club and meets requirements for Contra Costa County, Alameda County, San Francisco County, San Mateo County, and other jurisdictions.",success,medium,Clear pricing for 16hr CCW ($375 + $50 range fee = $425) and 8hr renewal ($200 + $25 range fee = $225). Course explicitly lists Contra Costa County. Detailed instructor backgrounds. Registration process unclear - no obvious online booking.,,,,2026-04-17T00:35:03+00:00
contra-costa,Dapper Defense,,,(510) 385-3147,https://dapperdefense.net,inquiry_only,,CA,,400,275,50,"Dapper Defense provides CCW training and NRA-certified firearms instruction in the East Bay area. The instructor holds multiple certifications including NRA Certified Instructor (Pistol, Shotgun, CCW, Personal Protection), NRA Law Enforcement Certified Instructor, USCCA Certified Instructor, BSIS Certified Instructor, DOJ CCW Certified Instructor (#067), and COTCCC Tactical Combat Casualty Care certification. Classes are by appointment only.",success,low,"Pricing listed on website is for Santa Clara County and may differ for Contra Costa ($400 + $25 range fee for 16hr, $275 + $25 range fee for renewal, $50 add-a-gun). No specific city or address found beyond 'East Bay'. Instructor name not publicly listed. By appointment only.",,,,2026-04-17T00:35:03+00:00
