normalized_vendor_name,vendor_name,profile_url,profile_slug,slug_match_method,gsc_status,county_rows,counties_served,word_count,sentence_count,paragraph_count,opening_template_cluster_id,opening_template_cluster_size,nearest_neighbor_similarity,uniqueness_score_1_5,vendor_description_truncated
california online ccw,California Online CCW,https://www.getcarryclass.com/instructors/california-online-ccw-5d09ff7a67,california-online-ccw-5d09ff7a67,exact,not_indexed,4,alpine|san-joaquin|tuolumne|yuba,64,3,1,108,1,0.3245,5,"California Online CCW provides comprehensive online CCW training courses that students can complete from anywhere at their own pace. They offer 16-hour initial courses, 8-hour renewal courses, and non"
case defensive training group,Case Defensive Training Group,https://www.getcarryclass.com/instructors/case-defensive-training-group-3213c88871,case-defensive-training-group-3213c88871,exact,not_indexed,3,alpine|calaveras|tuolumne,78,3,1,112,1,0.2527,5,"Case Defensive Training Group provides firearms training and CCW classes taught by Andrea and Chad Case, both Certified Deadly Force Instructors. They specialize in educating students on the judicious"
dynamic ccw academy,Dynamic CCW Academy,https://www.getcarryclass.com/instructors/dynamic-ccw-academy-917741267d,dynamic-ccw-academy-917741267d,exact,not_indexed,3,alpine|calaveras|tuolumne,60,3,1,159,1,0.1992,5,"Dynamic CCW Academy is led by instructors Tim and Mike, who are recognized for their depth of knowledge and professional approach to CCW training. The academy provides comprehensive CCW certification "
northern firearms instruction,Northern Firearms Instruction,https://www.getcarryclass.com/instructors/northern-firearms-instruction-6d66b082d5,northern-firearms-instruction-6d66b082d5,ambiguous_exact,not_indexed,14,alpine|butte|calaveras|el-dorado|glenn|imperial|kings|los-angeles|merced|placer|santa-clara|stanislaus|sutter|tehama,85,3,1,30,2,0.4139,5,"Northern Firearms Instruction is a team of highly experienced NRA Firearms Instructors operating throughout California, claiming to be considered the authority on CCW law and firearm training througho"
sierra ccw firearms training,Sierra CCW Firearms Training,https://www.getcarryclass.com/instructors/sierra-ccw-firearms-training-26943e6be8,sierra-ccw-firearms-training-26943e6be8,exact,indexed,1,alpine,60,4,2,326,1,0.2556,5,"Sierra CCW provides objective, evidence-based instruction for California concealed carry classes in Truckee, California. The company is founded by Robert G. Scott, a Certified CCW Instructor, Range Sa"
accuracy firearm training,Accuracy Firearm Training,https://www.getcarryclass.com/instructors/accuracy-firearm-training-fc4a81fe5c,accuracy-firearm-training-fc4a81fe5c,exact,not_indexed,3,amador|placer|tuolumne,66,3,1,54,1,0.3409,5,"Accuracy Firearm Training provides CCW initial and renewal courses at Sacramento Valley Shooting Center, a private 851-acre outdoor range in Sloughhouse, CA. Led by NRA-certified instructor Razmik Car"
all american safety llc,All American Safety LLC,https://www.getcarryclass.com/instructors/all-american-safety-llc-d3f3cfd6bd,all-american-safety-llc-d3f3cfd6bd,exact,not_indexed,1,amador,72,3,1,61,1,0.3104,5,"All American Safety LLC is led by Rick, a firearms advisor serving the Sacramento region with over a decade of law enforcement experience. As an FBI-Certified Firearms Instructor and Certified CA Depa"
amador ccw instruction,Amador CCW Instruction,https://www.getcarryclass.com/instructors/amador-ccw-instruction-ed98629e07,amador-ccw-instruction-ed98629e07,exact,not_indexed,1,amador,47,3,1,66,1,0.3096,5,"Amador CCW provides firearms training conducted at a private range by appointment. Led by Mike Neff, a DOJ certified instructor and NRA Pistol Instructor, the company serves as an approved instructor "
basic firearms training,Basic Firearms Training,https://www.getcarryclass.com/instructors/basic-firearms-training-5db3fee3df,basic-firearms-training-5db3fee3df,exact,not_indexed,2,amador|placer,67,3,1,84,1,0.2685,5,"Basic Firearms Training is a veteran-owned training provider in Sacramento County offering California CCW courses, BSIS firearms and security officer skills training, and retired law enforcement quali"
cali gunlady,Cali Gunlady,https://www.getcarryclass.com/instructors/cali-gunlady-3e1c16f63a,cali-gunlady-3e1c16f63a,exact,not_indexed,1,amador,78,3,1,203,1,0.2395,5,Gunlady Defensive Firearms Training provides firearms training for law-abiding citizens who want the ability to protect themselves or their loved ones. Each person who receives training is treated as 
defensive accuracy,Defensive Accuracy,https://www.getcarryclass.com/instructors/defensive-accuracy-llc-535d9771e5,defensive-accuracy-llc-535d9771e5,fuzzy,indexed,2,amador|santa-clara,51,3,1,141,1,0.647,3,"Defensive Accuracy is a California firearms instruction company serving the Bay Area and Central Valley that offers CCW initial training, renewals, and modifications. They provide private CCW classes "
delta romeo firearms training,Delta Romeo Firearms Training,https://www.getcarryclass.com/instructors/delta-romeo-firearms-training-1c13be4475,delta-romeo-firearms-training-1c13be4475,exact,not_indexed,1,amador,79,3,1,150,1,0.2736,5,"Delta Romeo Firearms Training LLC is a dedicated firearms training company based in Reno, Nevada, founded by Darren Riddiough who combines executive chef coaching experience with firearms instruction "
gold country firearms,Gold Country Firearms,https://www.getcarryclass.com/instructors/gold-country-firearms-0e9f6841cf,gold-country-firearms-0e9f6841cf,exact,not_indexed,1,amador,45,3,1,197,1,0.2727,5,"Gold Country Firearms provides CCW training courses that combine classroom instruction with live-fire range qualification. Their comprehensive curriculum covers handgun safety, operation, firearms law"
lagomarsino's firearm,Lagomarsino's Firearm,https://www.getcarryclass.com/instructors/lagomarsinos-firearm,lagomarsinos-firearm,constructed,unknown,1,amador,62,3,1,237,1,0.7398,2,"Lagomarsino's Firearms Institute offers California CCW courses three times per month in the Sacramento area, taught by instructor Wes Lagomarsino. The institute provides both initial 16-hour CCW cours"
make ready firearms training,Make Ready Firearms Training,https://www.getcarryclass.com/instructors/make-ready-firearms-training-856219d164,make-ready-firearms-training-856219d164,exact,not_indexed,1,amador,67,3,1,248,1,0.2976,5,"Make Ready Firearms Training provides comprehensive firearms education in Coeur d'Alene, Idaho, serving everyone from newcomers to seasoned professionals. They offer a range of courses including intro"
morgan training center,Morgan Training Center,https://www.getcarryclass.com/instructors/morgan-training-center-b085112c4e,morgan-training-center-b085112c4e,exact,not_indexed,1,amador,66,3,1,255,1,0.3312,5,"Morgan Training Center is a veteran-owned small business operating since 1999, led by Donald Morgan who has backgrounds in military, law enforcement, and emergency services. The center provides USCCA-"
new man's karate,New Man's Karate,https://www.getcarryclass.com/instructors/new-mans-karate,new-mans-karate,constructed,unknown,2,amador|el-dorado,61,3,1,260,1,0.2471,5,New Man's Karate is a martial arts school established in 1994 that offers NRA Certified firearms courses alongside their martial arts programs. They provide CCW classes and other skill-building firear
nts next threat solutions,NTS Next Threat Solutions,https://www.getcarryclass.com/instructors/next-threat-solutions-e0c94c4161,next-threat-solutions-e0c94c4161,fuzzy,not_indexed,1,amador,57,2,1,28,2,0.6304,3,Next Threat Solutions is a firearms training company that actively supports the sustainment and growth of responsibly armed and prepared American communities through personal protection and individual
pistols in the pines,Pistols In The Pines,https://www.getcarryclass.com/instructors/pistols-in-the-pines-a8aa0b8b6c,pistols-in-the-pines-a8aa0b8b6c,exact,not_indexed,1,amador,64,3,1,283,1,0.28,5,"Pistols In The Pines is a women's firearms training company in Placerville, CA, operated by an NRA-certified female instructor. They specialize in empowering women through comprehensive firearms train"
protection plus tactics,Protection Plus Tactics,https://www.getcarryclass.com/instructors/protection-plus-tactics-llc-97fcd0e6fa,protection-plus-tactics-llc-97fcd0e6fa,fuzzy,not_indexed,2,amador|nevada,83,3,1,296,1,0.7888,2,"Protection Plus Tactics is Northern California's elite gun shop and training academy located in Loomis, CA, specializing in self-defense firearms sales, services, and training. They offer both private"
spartan defense,Spartan Defense,https://www.getcarryclass.com/instructors/spartan-defense-25aaa08193,spartan-defense-25aaa08193,exact,not_indexed,2,amador|santa-clara,62,3,1,334,1,0.878,2,"Spartan Defense LLC is a veteran-owned firearms training company established in 2013 that provides safe and practical firearms instruction across Northern California. They offer training for handguns,"
taylor total training solutions group,Taylor Total Training Solutions Group,https://www.getcarryclass.com/instructors/taylor-total-training-solutions-group-eacd028965,taylor-total-training-solutions-group-eacd028965,exact,not_indexed,1,amador,75,3,1,364,1,0.2553,5,"Total Training Solutions Group is a comprehensive firearms training company that offers CCW certifications and re-certifications across multiple states including Arizona, California, Florida, Minnesot"
weapons training school,Weapons Training School,https://www.getcarryclass.com/instructors/weapons-training-school-37af2a7887,weapons-training-school-37af2a7887,ambiguous_exact,not_indexed,3,amador|calaveras|tuolumne,62,3,1,379,1,0.2734,5,"Weapons Training School offers California CCW certification courses including 16-hour new applicant courses and 8-hour renewal courses, along with private lessons for handgun, rifle, and shotgun train"
west point concealed weapons training,West Point Concealed Weapons Training,https://www.getcarryclass.com/instructors/west-point-concealed-weapons-training-5fd83e13dd,west-point-concealed-weapons-training-5fd83e13dd,exact,not_indexed,2,amador|calaveras,74,3,1,382,1,0.2927,5,"West Point Concealed Weapons Training is a certified CCW training provider serving various California counties with instructors certified by the NRA, California DOJ, and Utah. They offer 16-hour initi"
safely carry,Safely Carry,https://www.getcarryclass.com/instructors/safely-carry-aed00a3c98,safely-carry-aed00a3c98,exact,not_indexed,2,amador|placer,38,2,1,315,1,0.2222,5,"Safely Carry provides CCW training classes for residents of El Dorado, Sacramento, Placer, and Amador counties in California. They offer inquiry-based scheduling through phone, text, or email contact,"
angel's firearm instruction,Angel's Firearm Instruction,https://www.getcarryclass.com/instructors/angels-firearm-instruction-2adbce8f84,angels-firearm-instruction-2adbce8f84,exact,not_indexed,2,butte|tehama,80,4,2,68,1,0.2872,5,"Angel's Firearms Instruction was founded by Dan Angel, a former Marine Scout Sniper and retired law enforcement professional with over 30 years of firearms experience. A.F.I. specializes in CCW traini"
afi crossed star firearms,AFI Crossed Star Firearms,https://www.getcarryclass.com/instructors/crossed-star-firearms-19d51aa5d6,crossed-star-firearms-19d51aa5d6,fuzzy,not_indexed,1,butte,61,3,1,60,1,0.6359,3,"AFI Crossed Star Firearms is a Northern California firearms instructor offering CCW classes and comprehensive firearms training for all levels of shooters. They provide 16-hour initial CCW courses, 8-"
down range indoor training center,Down Range Indoor Training Center,https://www.getcarryclass.com/instructors/down-range-indoor-training-center,down-range-indoor-training-center,constructed,unknown,2,butte|sutter,83,3,1,14,2,0.5689,3,"Down Range Indoor Training Center is Northern California's only 5-star rated range according to the National Shooting Sports Foundation, featuring the area's only 25-yard pistol, rifle and shotgun ran"
echo whiskey tactical,Echo Whiskey Tactical,https://www.getcarryclass.com/instructors/echo-whiskey-tactical-training-759ce0aceb,echo-whiskey-tactical-training-759ce0aceb,fuzzy,not_indexed,3,butte|plumas|shasta,73,3,1,15,2,0.8056,2,"Echo Whiskey Tactical is a veteran-owned business that provides firearms and personal defense instruction throughout California and Oregon, serving multiple counties including Shasta, Siskiyou, Tehama"
"black oak training, inc.","Black Oak Training, Inc.",https://www.getcarryclass.com/instructors/black-oak-training-inc-03bfaf5bcb,black-oak-training-inc-03bfaf5bcb,exact,not_indexed,3,butte|glenn|tehama,65,3,1,98,1,0.3086,5,"Black Oak Training is a firearms training company in Magalia, CA offering comprehensive CCW courses including initial certification, renewals, and add-a-gun services. They provide a wide range of addi"
miladi defense,Miladi Defense,https://www.getcarryclass.com/instructors/miladi-defense-d2e213db5e,miladi-defense-d2e213db5e,exact,not_indexed,4,butte|placer|sutter|yuba,58,3,1,253,1,0.3351,5,"Miladi Defense offers CCW certification training in Yuba City, California, serving Yuba, Sutter, Placer, and Colusa counties. They provide the state-required 16-hour initial certification course and 8"
jim's sporting goods,Jim's Sporting Goods,https://www.getcarryclass.com/instructors/jims-sporting-goods,jims-sporting-goods,constructed,unknown,1,butte,51,2,1,216,1,0.1757,5,"Jim's Sporting Goods is a family-owned firearms retailer in Canton, Pennsylvania that serves the local community with quality sporting goods including firearms, ammunition, optics, and Liberty Safes. "
baxter firearms training,Baxter Firearms Training,https://www.getcarryclass.com/instructors/baxter-firearms-training-f6cc753ad8,baxter-firearms-training-f6cc753ad8,exact,not_indexed,2,calaveras|placer,58,3,1,89,1,0.2,5,"Baxter Firearms Training is a USCCA Official Partner offering concealed carry courses and firearms instruction in Sloughhouse, CA. The instructor specializes in small class sizes limited to 10 student"
bill tidwell,Bill Tidwell,https://www.getcarryclass.com/instructors/bill-tidwell-c92d1b6b8f,bill-tidwell-c92d1b6b8f,exact,not_indexed,1,calaveras,60,3,1,97,1,0.2614,5,"Bill and Cathy Tidwell are NRA-certified instructors who have been teaching firearms safety and marksmanship in the Bay Area for over 35 years. They offer comprehensive CCW courses, basic handgun trai"
called2arms gun range,Called2Arms Gun Range,https://www.getcarryclass.com/instructors/called2arms-gun-range-0a49e4d357,called2arms-gun-range-0a49e4d357,exact,indexed,2,calaveras|merced,90,5,2,110,1,0.3054,5,Called2Arms is a Central Valley training provider with over 30 years of experience offering comprehensive security and firearms education. They specialize in both civilian CCW training and professiona
cj's world,CJ's World,https://www.getcarryclass.com/instructors/cjs-world,cjs-world,constructed,unknown,2,calaveras|placer,63,3,1,121,1,0.3013,5,"CJ's World is a comprehensive firearms training provider based in Stockton, CA that offers CCW courses, basic pistol instruction, and security guard training. They provide both classroom and range-bas"
coco firearm training,Coco Firearm Training,https://www.getcarryclass.com/instructors/coco-firearm-training-llc-1a2d4a83e2,coco-firearm-training-llc-1a2d4a83e2,fuzzy,indexed,1,calaveras,62,3,1,1,3,0.8438,2,"Coco Firearm Training LLC is an approved CCW training vendor for many agencies within the Bay Area, including Alameda SO, Contra Costa SO, Sacramento SO, and numerous police departments. Based out of "
concealed coalition,Concealed Coalition,https://www.getcarryclass.com/instructors/concealed-coalition-01614f9f3e,concealed-coalition-01614f9f3e,domain,indexed,11,calaveras|fresno|glenn|kings|los-angeles|mono|napa|orange|san-benito|san-joaquin|tulare,74,3,1,130,1,0.613,3,Concealed Coalition is a nationwide online authority for concealed carry permit training that combines next-generation digital learning with hands-on education experiences. They offer both online vide
"defensive accuracy, llc","Defensive Accuracy, LLC",https://www.getcarryclass.com/instructors/defensive-accuracy-llc-535d9771e5,defensive-accuracy-llc-535d9771e5,exact,indexed,5,calaveras|contra-costa|marin|napa|stanislaus,49,3,1,143,1,0.7062,2,"Defensive Accuracy, LLC provides California CCW training including initial CCW courses, renewals, and modifications in the Bay Area/Central Valley region. They offer private CCW classes and LEOSA qual"
defensive weapons school,Defensive Weapons School,https://www.getcarryclass.com/instructors/defensive-weapons-school-3efa3f8540,defensive-weapons-school-3efa3f8540,domain,not_indexed,2,calaveras|san-joaquin,59,3,1,149,1,0.2418,5,"Defensive Weapons School is operated by Dan Souza, who has been instructing firearms safety, marksmanship and responsible tactics since 2005. The school offers CA CCW training for Tuolumne, Calaveras,"
dobbs firearms training,Dobbs Firearms Training,https://www.getcarryclass.com/instructors/firearms-training-e51d601167,firearms-training-e51d601167,fuzzy,not_indexed,1,calaveras,44,2,1,154,1,0.6223,3,"Dobbs Firearms Training provides California CCW renewal courses that satisfy the 8-hour SB2 training requirements for multiple counties including Calaveras, Contra Costa, Solano, Napa, Sacramento, and"
"first response, firearms & tactical training","First Response, Firearms & Tactical Training",https://www.getcarryclass.com/instructors/first-response-firearms-tactical-training-020b0a516e,first-response-firearms-tactical-training-020b0a516e,exact,not_indexed,1,calaveras,65,3,1,176,1,0.3068,5,"First Response, Firearms and Tactical Training is a mobile training unit that provides concealed carry and firearms instruction to law enforcement and private citizens throughout California. Their ins"
grover group,Grover Group,https://www.getcarryclass.com/instructors/grover-group-4b40431a64,grover-group-4b40431a64,ambiguous_exact,not_indexed,10,calaveras|madera|marin|merced|napa|placer|san-benito|santa-clara|santa-cruz|tuolumne,75,3,1,199,1,0.2768,5,"Grover Group Training provides California-approved DOJ SB2 CCW curriculum with certified instructors holding credentials from California Department of Justice, NRA, USCCA, and California POST. They of"
"kiwi's custom guns, inc.","Kiwi's Custom Guns, Inc.",https://www.getcarryclass.com/instructors/kiwis-custom-guns-inc,kiwis-custom-guns-inc,constructed,unknown,1,calaveras,71,3,1,24,2,0.7873,2,Kiwi's Custom Guns operates a state-of-the-art climate controlled indoor shooting range with five 25-yard lanes capable of handling any caliber up to .50 BMG. The facility features Action Target's lat
kw defense,KW Defense,https://www.getcarryclass.com/instructors/kw-defense-6f71a6f557,kw-defense-6f71a6f557,exact,not_indexed,2,calaveras|san-joaquin,84,2,1,232,1,0.2162,5,"KW Defense offers comprehensive 16-hour CCW permit instruction approved for Stanislaus, Calaveras, Fresno, Kings, Madera, Merced, Sacramento, San Joaquin, Solano, Stockton, and Tulare Counties, with a"
lagomarsino's firearms institute,Lagomarsino's Firearms Institute,https://www.getcarryclass.com/instructors/lagomarsinos-firearms-institute,lagomarsinos-firearms-institute,constructed,unknown,1,calaveras,63,3,1,238,1,0.6378,3,"Lagomarsino's Firearms Institute offers CCW courses and comprehensive firearms training in Sacramento. Led by instructor Wes Lagomarsino, they provide California initial and renewal courses three time"
loyal arms,Loyal Arms,https://www.getcarryclass.com/instructors/loyal-arms-68e5b0dab0,loyal-arms-68e5b0dab0,ambiguous_exact,not_indexed,1,calaveras,40,3,1,242,1,0.2581,5,"Loyal Arms is a firearms retailer and training provider located in Folsom, California. They offer firearms sales, ammunition, FFL transfers, and firearms training services. The business operates with "
rosengarten firearm training,Rosengarten Firearm Training,https://www.getcarryclass.com/instructors/rosengarten-firearm-training,rosengarten-firearm-training,constructed,unknown,1,calaveras,69,2,1,310,1,0.5349,4,"Rosengarten Firearms Training is a California DOJ certified training company established in 1998 that offers CCW classes accepted by multiple counties including San Joaquin, Calaveras, Sacramento, and"
security & firearms training academy,Security & Firearms Training Academy,https://www.getcarryclass.com/instructors/security-firearms-training-academy-inc-27d4cfd0bc,security-firearms-training-academy-inc-27d4cfd0bc,fuzzy,not_indexed,1,calaveras,85,3,1,33,2,0.8691,2,"Security & Firearms Training Academy (SAFTA) is a 100% veteran-owned firearms training company serving the Sacramento region, created by Marine Corps Veterans, retired law enforcement agents, and priv"
spartan defense of california,Spartan Defense of California,https://www.getcarryclass.com/instructors/spartan-defense-of-california,spartan-defense-of-california,constructed,unknown,1,calaveras,61,3,1,164,1,0.878,2,"Established in 2013, Spartan Defense LLC is a veteran-owned firearms training company that teaches safe and practical firearms use across Northern California. They offer training on handguns, shotguns"
bigfoot firearms training academy,Bigfoot Firearms Training Academy,https://www.getcarryclass.com/instructors/bigfoot-firearms-training-academy-1c1d5a301f,bigfoot-firearms-training-academy-1c1d5a301f,exact,indexed,7,del-norte|glenn|humboldt|marin|mendocino|tehama|trinity,70,3,1,96,1,0.2716,5,"Bigfoot Firearms Training Academy is the largest civilian firearms training facility in the region with over 10 years of experience, training up to 1,000 civilians annually. They offer CCW classes for"
bob saylor,Bob Saylor,https://www.getcarryclass.com/instructors/bob-saylor-b8fdf29caf,bob-saylor-b8fdf29caf,exact,not_indexed,1,del-norte,39,2,1,100,1,0.6139,3,Bob Saylor is a certified NRA firearms instructor and retired law enforcement officer serving Del Norte County. He is recognized by the Del Norte County Sheriff's Office as an authorized CCW instructo
gene mcmanus,Gene McManus,https://www.getcarryclass.com/instructors/gene-mcmanus-37def2f1a4,gene-mcmanus-37def2f1a4,exact,not_indexed,1,del-norte,36,2,1,196,1,0.5396,4,Gene McManus is a retired Sheriff's Sergeant with 32 years of service at the Del Norte County Sheriff's Office. He is a certified CCW instructor recognized by the California Department of Justice and 
ed fleshman,Ed Fleshman,https://www.getcarryclass.com/instructors/ed-fleshman-e0039171b7,ed-fleshman-e0039171b7,exact,not_indexed,1,del-norte,34,2,1,161,1,0.6139,3,Ed Fleshman is a former Del Norte County Sheriff and certified CCW instructor with law enforcement credentials including California POST and FBI certifications. He serves as an approved CCW instructor
best handgun training,Best Handgun Training,https://www.getcarryclass.com/instructors/best-handgun-training-90a8babcb2,best-handgun-training-90a8babcb2,exact,not_indexed,1,el-dorado,67,3,1,95,1,0.4766,4,"Best Handgun Training is a full-time firearms training facility located in Lincoln, CA, offering CCW courses, NRA certified instruction, and basic pistol courses. They provide DOJ certified CCW traini"
defense shot,Defense Shot,https://www.getcarryclass.com/instructors/defense-shot-4044b458b5,defense-shot-4044b458b5,exact,not_indexed,3,el-dorado|nevada|placer,79,3,1,139,1,0.3268,5,"DefenseSHOT is a no-nonsense firearms training company located in El Dorado Hills, CA that provides CCW classes and firearms training for Sacramento, El Dorado, and Placer Counties. The company offers"
hangtown range,Hangtown Range,https://www.getcarryclass.com/instructors/hangtown-range-d2bd163fa7,hangtown-range-d2bd163fa7,exact,not_indexed,1,el-dorado,65,3,1,209,1,0.2637,5,"Hangtown Range is an indoor firearms and archery range in Placerville, California offering comprehensive shooting facilities, gun rentals, retail sales, and training programs. They feature state-of-th"
lagomarsino's firearm institute inc,Lagomarsino's Firearm Institute Inc,https://www.getcarryclass.com/instructors/lagomarsinos-firearm-institute-inc,lagomarsinos-firearm-institute-inc,constructed,unknown,1,el-dorado,61,3,1,25,2,0.6593,2,"Lagomarsino's Firearms Institute is a Sacramento-based training company operated by instructor Wes Lagomarsino. They offer California initial and renewal CCW courses three times per month, as well as "
lock-n-load,Lock-n-Load,https://www.getcarryclass.com/instructors/lock-n-load,lock-n-load,constructed,unknown,1,el-dorado,81,5,2,26,2,0.8325,2,"Lock n Load Concealed Carry Training is led by Dr. David Lungren, a certified California DOJ instructor approved to teach CCW courses for El Dorado, Placer, Sacramento, and Yolo counties. The training"
one on one firearms instruction llc,One on One Firearms Instruction LLC,https://www.getcarryclass.com/instructors/one-on-one-firearms-instruction-llc-f049927346,one-on-one-firearms-instruction-llc-f049927346,exact,not_indexed,1,el-dorado,80,3,1,273,1,0.7102,2,"ONE on ONE Firearms Instruction LLC has been Northern California's premier destination for expert firearms training since 2009. They specialize in California CCW training, offering both Initial-Issue "
sacramento gun range,Sacramento Gun Range,https://www.getcarryclass.com/instructors/sacramento-gun-range-ba78273b46,sacramento-gun-range-ba78273b46,exact,not_indexed,2,el-dorado|placer,84,3,1,313,1,0.4154,5,Sacramento Gun Range is a comprehensive training facility and shooting range offering over 50 classes led by industry-leading professionals for all skill levels from beginners to advanced shooters. Th
shoot don't shoot,Shoot Don't Shoot,https://www.getcarryclass.com/instructors/shoot-dont-shoot,shoot-dont-shoot,constructed,unknown,1,el-dorado,57,3,1,321,1,0.2368,5,"Shoot Don't Shoot is a firearms training company based in Placerville, CA that provides CCW classes and personal protection training. They focus on responsible firearms ownership including secure stor"
sierra mountain firearms,Sierra Mountain Firearms,https://www.getcarryclass.com/instructors/sierra-mountain-firearms-dd27405328,sierra-mountain-firearms-dd27405328,exact,not_indexed,1,el-dorado,50,3,1,327,1,0.3513,5,"Sierra Mountain Firearms is a full-service firearms dealer located in Shingle Springs, CA that offers buying, selling, and consignment services for firearms. They provide certified firearm training an"
aao,AAO,https://www.getcarryclass.com/instructors/aao-ce20e44d84,aao-ce20e44d84,exact,not_indexed,6,el-dorado|imperial|lassen|marin|san-benito|solano,63,3,1,51,1,0.4459,5,"AAO offers certified California CCW courses with both in-person and online options throughout the Bay Area. Led by DOJ certified instructors with extensive law enforcement backgrounds, they provide co"
safe insight,Safe Insight,https://www.getcarryclass.com/instructors/safe-insight-39eb5c9de9,safe-insight-39eb5c9de9,ambiguous_exact,not_indexed,5,el-dorado|lassen|los-angeles|tuolumne|ventura,59,3,1,32,2,0.8392,2,"Safe Insight offers sheriff-approved online CCW training that allows students to complete sections at their own pace, featuring instruction from retired law enforcement. They provide one-on-one qualif"
freedom firearms accessories & ccw training,Freedom Firearms Accessories & CCW Training,https://www.getcarryclass.com/instructors/freedom-firearms-accessories-ccw-training-49577f578d,freedom-firearms-accessories-ccw-training-49577f578d,exact,not_indexed,1,fresno,63,3,1,189,1,0.7948,2,"Freedom Firearms is a firearms training company led by Rick Field, a former SWAT Law Enforcement Officer, Army Combat Medic, and Law Enforcement Certified Firearms Instructor. They offer comprehensive"
madera regional training facility,Madera Regional Training Facility,https://www.getcarryclass.com/instructors/madera-regional-training-facility-0bcc7aa9fe,madera-regional-training-facility-0bcc7aa9fe,ambiguous_exact,not_indexed,1,fresno,54,3,1,246,1,0.2571,5,"Madera Firearms offers the widest variety of firearm training and safety classes in the Central Valley. Their expert coaching staff focuses on training students to be responsible, ethical and safe sho"
fresno rifle & pistol club,Fresno Rifle & Pistol Club,https://www.getcarryclass.com/instructors/fresno-rifle-pistol-club-f0ff91f678,fresno-rifle-pistol-club-f0ff91f678,exact,not_indexed,1,fresno,77,3,1,20,2,0.6668,2,"Fresno Rifle and Pistol Club is an outdoor recreational shooting facility located 15 minutes from Fresno and Clovis on 220 acres at the base of the Sierra foothills. Incorporated in 1934, FRPC provide"
next step training,Next Step Training,https://www.getcarryclass.com/instructors/next-step-training-07bd53e46a,next-step-training-07bd53e46a,exact,not_indexed,2,fresno|tulare,83,3,1,261,1,0.3048,5,"Next Step Training LLC is led by instructors Jeff and Marni Watkins, combining law enforcement and educational backgrounds to provide comprehensive firearms training. They offer CCW courses that satis"
jlpfi - john lewis professional firearms instruction,JLPFI - John Lewis Professional Firearms Instruction,https://www.getcarryclass.com/instructors/jlpfi-d04be8402c,jlpfi-d04be8402c,domain,not_indexed,1,fresno,77,3,1,217,1,0.6374,3,"JLPFI (John Lewis Professional Firearms Instruction) is a Central Valley firearms training provider offering CCW courses approved by multiple law enforcement agencies including Fresno County Sheriff, "
tactical 360,Tactical 360,https://www.getcarryclass.com/instructors/tactical-360,tactical-360,constructed,unknown,1,fresno,71,3,1,36,2,0.6731,2,"Tactical 360 is a firearms training company located in Bakersfield, Kern County, California, led by certified instructor Chris Martinez who has over 30 years of experience. They provide training to la"
foothill training,Foothill Training,https://www.getcarryclass.com/instructors/foothill-training-8707d29157,foothill-training-8707d29157,exact,not_indexed,4,fresno|kings|madera|tulare,73,3,1,180,1,0.2826,5,"Foothill Training is a firearms training center run by an instructor with extensive law enforcement and military credentials including POST Advanced Instructor Certification, SWAT qualification, and N"
instinct defense,Instinct Defense,https://www.getcarryclass.com/instructors/instinct-defense-ea2812331c,instinct-defense-ea2812331c,exact,not_indexed,3,fresno|madera|tulare,58,3,1,214,1,0.3421,5,Instinct Defense specializes in firearm safety instruction and home defense strategies with the goal of providing knowledge and skills to protect yourself and your loved ones. They offer a range of tr
vigilance plus training & development,Vigilance Plus Training & Development,https://www.getcarryclass.com/instructors/vigilance-plus-training-development-6163a6a5c3,vigilance-plus-training-development-6163a6a5c3,exact,not_indexed,3,fresno|kings|tulare,81,3,1,377,1,0.2721,5,Vigilance Plus Training & Development offers a comprehensive range of personal safety and self-defense training solutions led by certified instructor Curtis Bloch. The company provides customizable tr
police science institute & range pistol club,Police Science Institute & Range Pistol Club,https://www.getcarryclass.com/instructors/police-science-institute-and-range-pistol-club-20fcdaa066,police-science-institute-and-range-pistol-club-20fcdaa066,fuzzy,not_indexed,1,fresno,62,3,1,284,1,0.5403,4,Police Science Institute & Range Pistol Club has been the Valley's #1 independent school for security and law enforcement training since 1991. They operate Central California's premier indoor firearm 
zaks guns,Zaks Guns,https://www.getcarryclass.com/instructors/zaks-guns-2e4896627d,zaks-guns-2e4896627d,exact,not_indexed,1,fresno,63,3,1,38,2,0.6577,2,"Zaks Guns LLC is a firearms retailer dedicated to providing competitive prices and customer service in the firearms industry. They specialize in firearm transfers, ammunition sales, and serve as a Blu"
sun mountain gun club,Sun Mountain Gun Club,https://www.getcarryclass.com/instructors/sun-mountain-gun-club-4ddf028b3b,sun-mountain-gun-club-4ddf028b3b,exact,not_indexed,1,fresno,67,3,1,341,1,0.2609,5,"Sun Mountain Gun Club is a shooting facility nestled in the beautiful foothills of Coarsegold, just south of Yosemite National Park and approximately 30 miles north of Fresno. The club offers trap, sp"
chavez firearms 209,Chavez Firearms 209,https://www.getcarryclass.com/instructors/chavez-firearms-209-125fd49a1c,chavez-firearms-209-125fd49a1c,exact,not_indexed,1,fresno,61,3,1,119,1,0.251,5,"Chavez Firearms 209 is a smaller, full-service firearms shop that offers CCW classes for Madera, Merced, Fresno, and Stanislaus Counties, as well as Utah CCW classes. They emphasize personalized servi"
rainey mays gun shop,Rainey Mays Gun Shop,https://www.getcarryclass.com/instructors/rainey-mays-gun-shop-9276b931e9,rainey-mays-gun-shop-9276b931e9,ambiguous_exact,not_indexed,1,fresno,53,3,1,249,1,0.2429,5,Mays Gun Shop is a DOJ certified CCW instructor offering initial and renewal CCW training using NRA curriculum in the Merced County area. They provide comprehensive firearms training focusing on basic
central valley defensive training,Central Valley Defensive Training,https://www.getcarryclass.com/instructors/central-valley-defensive-training-7f0985d0e5,central-valley-defensive-training-7f0985d0e5,exact,not_indexed,2,fresno|madera,76,3,1,117,1,0.3615,5,"Central Valley Defensive Training provides firearms training courses including California CCW classes that satisfy SB2 requirements, NRA Basic Pistol, Personal Protection Inside and Outside the Home, "
acam society llc,ACAM Society LLC,https://www.getcarryclass.com/instructors/acam-society-llc-af16d37543,acam-society-llc-af16d37543,exact,not_indexed,3,fresno|madera|tulare,67,3,1,53,1,0.359,5,ACAM Society LLC is a firearms training company established in 2021 that offers both online and in-person CCW courses compliant with SB2 gun laws. They provide flexible scheduling with courses availab
the firing line,The Firing Line,https://www.getcarryclass.com/instructors/the-firing-line-20f5a75cbf,the-firing-line-20f5a75cbf,exact,not_indexed,4,fresno|kings|madera|tulare,77,3,1,351,1,0.2727,5,"The Firing Line is a Clovis, California indoor shooting range that has been operating since 2012. They offer a clean, well-lit facility with 18 total lanes (12 for pistol shooting open to the public a"
practical training solutions llc,Practical Training Solutions LLC,https://www.getcarryclass.com/instructors/practical-training-solutions-llc-1e730efa68,practical-training-solutions-llc-1e730efa68,exact,not_indexed,1,fresno,55,3,1,293,1,0.8328,2,"Practical Training Solutions LLC provides professional firearms training designed to equip civilians with the knowledge and skills to protect themselves and others. They proudly serve Tulare, Kern, Ki"
april skye defense tactics,April Skye Defense Tactics,https://www.getcarryclass.com/instructors/april-skye-defense-tactics-ebbafbbcb5,april-skye-defense-tactics-ebbafbbcb5,exact,not_indexed,2,fresno|tulare,62,2,1,9,2,0.7494,2,"April Skye Defense Tactics is run by April Skye Parsons, a certified firearms instructor for California, Utah and Tennessee who offers CCW classes for Tulare, Kings, Fresno and Madera Counties. She ho"
ccw shooters,CCW Shooters,https://www.getcarryclass.com/instructors/ccw-shooters-c2e1e7926b,ccw-shooters-c2e1e7926b,ambiguous_exact,not_indexed,6,glenn|napa|nevada|san-diego|sutter|yuba,92,3,1,114,1,0.3057,5,"CCW Shooters is owned and operated by Mike Cordisco, a Life Member of the NRA and certified instructor who has lived in the Yuba-Sutter area his entire life. The company offers concealed carry permit "
down range,Down Range,https://www.getcarryclass.com/instructors/down-range-958bed1959,down-range-958bed1959,exact,not_indexed,6,glenn|lassen|plumas|shasta|tehama|yuba,76,3,1,14,2,0.5689,3,"Down Range Indoor Training Center is the North State's only 25-yard pistol, rifle and shotgun range, offering comprehensive firearms training including CCW courses and advanced pistol training. They f"
norcal defense,NorCal Defense,https://www.getcarryclass.com/instructors/norcal-defense-fcd24bbba1,norcal-defense-fcd24bbba1,exact,not_indexed,2,glenn|tehama,77,3,1,264,1,0.2756,5,"NorCal Defense is based in Redding, California and specializes in firearm training with an emphasis on the legal carrying and use of handguns. They offer CCW training that is certified and accepted in"
state of jefferson firearms training,State of Jefferson Firearms Training,https://www.getcarryclass.com/instructors/state-of-jefferson-firearms-training-ebaf684940,state-of-jefferson-firearms-training-ebaf684940,exact,not_indexed,4,glenn|siskiyou|tehama|trinity,73,3,1,35,2,0.6297,3,"State of Jefferson Firearms Training is a certified firearms training center serving North State California residents including Tehama, Shasta, Glenn, Trinity, Lassen and Siskiyou counties. They offer"
crossed star firearms,Crossed Star Firearms,https://www.getcarryclass.com/instructors/crossed-star-firearms-19d51aa5d6,crossed-star-firearms-19d51aa5d6,ambiguous_exact,not_indexed,8,glenn|lassen|nevada|placer|plumas|san-benito|sutter|yuba,79,3,1,2,3,0.8253,2,"Crossed Star Firearms is a Northern California firearms instructor offering CCW classes for residents of multiple counties including Butte, Contra Costa, Glenn, Lassen, Modoc, Nevada, Placer, Plumas, "
michigan firearm and cpl training,Michigan Firearm and CPL Training,https://www.getcarryclass.com/instructors/michigan-firearm-and-cpl-training-llc-8b9a5c9c2e,michigan-firearm-and-cpl-training-llc-8b9a5c9c2e,fuzzy,not_indexed,1,glenn,51,3,1,252,1,0.5334,4,"Michigan Firearm and CPL Training operates in both California and Michigan, offering CCW and CPL certification classes. They specialize in making beginners comfortable while providing comprehensive fi"
norcal tactical,NorCal Tactical,https://www.getcarryclass.com/instructors/norcal-tactical-0e7315c957,norcal-tactical-0e7315c957,exact,indexed,2,glenn|yuba,68,3,1,29,2,0.5076,4,"NorCal Tactical is a firearms retailer and training provider located in Sutter, California that offers both group and private concealed carry courses. They provide initial and renewal concealed carry "
aao training,AAO Training,https://www.getcarryclass.com/instructors/aao-training,aao-training,constructed,unknown,2,glenn|placer,67,3,1,52,1,0.4459,5,"AAO Training is a certified California CCW course provider serving the Bay Area and surrounding counties, offering both in-person and online concealed carry training. Led by DOJ certified instructors "
bushido training group,Bushido Training Group,https://www.getcarryclass.com/instructors/bushido-training-group-def657d522,bushido-training-group-def657d522,exact,not_indexed,1,imperial,62,3,1,103,1,0.3466,5,Bushido Training Group is a veteran-owned firearms training company that provides California CCW certification courses exclusively for Imperial County residents. They offer the full range of CA concea
powers firearms training,Powers Firearms Training,https://www.getcarryclass.com/instructors/powers-firearms-training-cc547c5caa,powers-firearms-training-cc547c5caa,exact,not_indexed,2,inyo|tulare,86,3,1,289,1,0.8255,2,"Powers Firearms Training is a family-owned business serving Kern County for over 50 years, operated by Craig and Becky Powers. They offer specialized courses and certifications in Concealed Carry (CCW"
sttarr – sierra tactical training,STTARR – Sierra Tactical Training,https://www.getcarryclass.com/instructors/sttarr-sierra-tactical-training,sttarr-sierra-tactical-training,constructed,unknown,1,inyo,71,3,1,4,3,0.6858,2,"Sierra Tactical Training and Active Response Resources (STTARR) is located in Bishop, California and provides certified CCW training for Inyo and Mono Counties. They offer both 16-hour initial CCW cou"
ben liu firearms instructor,Ben Liu Firearms Instructor,https://www.getcarryclass.com/instructors/ben-liu-firearms-instructor-1b611628c8,ben-liu-firearms-instructor-1b611628c8,exact,not_indexed,1,kings,62,4,2,94,1,0.3543,5,"Ben Liu provides firearms instruction and CCW training in Fresno, Kings, and Tulare counties. He offers both online and in-person CCW courses that meet SB 2 requirements with 16-hour initial and 8-hou"
central valley ccw,Central Valley CCW,https://www.getcarryclass.com/instructors/central-valley-ccw-7308776626,central-valley-ccw-7308776626,ambiguous_exact,indexed,2,kings|madera,49,2,1,116,1,0.3386,5,Central Valley CCW Training provides online and in-person CCW certification courses approved for Fresno and King County residents. They offer convenient self-paced online classes combined with require
gallardo firearms training,Gallardo Firearms Training,https://www.getcarryclass.com/instructors/gallardo-firearms-training-fa5d1c18a9,gallardo-firearms-training-fa5d1c18a9,exact,not_indexed,1,kings,62,3,1,21,2,0.5874,3,"Gallardo Firearms Training is operated by two brothers, Jesus and Adolfo Gallardo, who are military veterans and competitive shooters with law enforcement experience. They provide CCW training for Tul"
"hard focus firearms training, llc","Hard Focus Firearms Training, LLC",https://www.getcarryclass.com/instructors/hard-focus-firearms-training-llc-78f8b158d7,hard-focus-firearms-training-llc-78f8b158d7,ambiguous_exact,not_indexed,2,kings|merced,58,3,1,210,1,0.3676,5,"Hard Focus Firearms Training, LLC is a fully licensed FFL and California firearms and ammunition dealer located in Merced, California. They offer CCW training courses including initial 16-hour and ren"
police science institute,Police Science Institute,https://www.getcarryclass.com/instructors/police-science-institute,police-science-institute,constructed,unknown,3,kings|madera|merced,65,3,1,286,1,0.5664,3,"Police Science Institute is the Valley's #1 independent school for security and law enforcement training, founded in 1991. They offer CCW first-time permits, renewals, and Utah non-resident permits, a"
practical training solutions,Practical Training Solutions,https://www.getcarryclass.com/instructors/practical-training-solutions-318eb3c7e8,practical-training-solutions-318eb3c7e8,exact,not_indexed,2,kings|tulare,52,3,1,292,1,0.8328,2,"Practical Training Solutions is a professional firearms training company serving Tulare, Kern, Kings, and Fresno Counties in California. They provide comprehensive CCW training designed to equip civil"
rankin field weapons range,Rankin Field Weapons Range,https://www.getcarryclass.com/instructors/rankin-field-weapons-range,rankin-field-weapons-range,constructed,unknown,1,kings,50,3,1,300,1,0.5844,3,"Rankin Field Weapons Range is Central California's ultimate weapons range offering firearms training and CCW permit services. They provide multiple pistol ranges, a 100-yard rifle range, and flexible "
wade roberts firearms training,Wade Roberts Firearms Training,https://www.getcarryclass.com/instructors/wade-roberts-firearms-training-b87c6bcbd5,wade-roberts-firearms-training-b87c6bcbd5,exact,not_indexed,1,kings,76,3,1,378,1,0.25,5,"Wade Roberts Firearms Training is an NRA Training Counselor and NRA Certified CCW Instructor serving Tulare, Kings, and Fresno Counties as well as Fresno City. The training meets requirements for Ariz"
wilson tactical operations and training llc,Wilson Tactical Operations and Training LLC,https://www.getcarryclass.com/instructors/wilson-tactical-operations-and-training-llc-1fbcf6a32e,wilson-tactical-operations-and-training-llc-1fbcf6a32e,exact,not_indexed,1,kings,75,3,1,384,1,0.3421,5,"Wilson Tactical Operations and Training, LLC is a comprehensive firearms training company serving beginner to advanced shooters in both private and group settings. They offer firearm safety certificat"
mendo ccw,Mendo CCW,https://www.getcarryclass.com/instructors/mendo-ccw-91d2cdb3ee,mendo-ccw-91d2cdb3ee,exact,not_indexed,2,lake|mendocino,458,23,8,274,1,0.2482,5,"OUR PROGRAM: Under the authorization of the presiding Sheriffs for Mendocino, and Lake Counties, we provide the necessary training, for RESIDENTS of those counties, seeking to obtain, renew or modify "
distinguished firearms,Distinguished Firearms,https://www.getcarryclass.com/instructors/distinguished-firearms-instruction-49f1cbdc46,distinguished-firearms-instruction-49f1cbdc46,fuzzy,not_indexed,2,lassen|siskiyou,58,3,1,13,2,0.5733,3,"Distinguished Firearms Instruction specializes in Concealed Weapons Classes and Firearms instruction in a fun and extremely safe environment. They offer 16-hour, two-day CCW classes that comply with C"
echo whiskey tactical training,Echo Whiskey Tactical Training,https://www.getcarryclass.com/instructors/echo-whiskey-tactical-training-759ce0aceb,echo-whiskey-tactical-training-759ce0aceb,exact,not_indexed,2,lassen|tehama,80,3,1,15,2,0.8056,2,"Echo Whiskey Tactical is a veteran-owned business that provides firearms and personal defense instruction through all levels of experience, from novice to expert. All instructors are certified and hig"
l7 adventures,L7 Adventures,https://www.getcarryclass.com/instructors/l7-adventures-a872c94937,l7-adventures-a872c94937,exact,not_indexed,1,lassen,37,2,1,236,1,0.1644,5,L7 Adventures offers outdoor recreation and training classes in a remote part of California that few have experienced. They provide fun and informative training classes but require early sign-ups to a
northern firearm instruction,Northern Firearm Instruction,https://www.getcarryclass.com/instructors/northern-firearm-s-instruction-d33656836e,northern-firearm-s-instruction-d33656836e,fuzzy,not_indexed,2,lassen|shasta,72,3,1,30,2,0.4139,5,Northern Firearms Instruction is a team of highly experienced NRA credentialed and DOJ licensed instructors operating throughout California since 2007. They are authorized to teach CCW courses to resi
one on one firearms,One on One Firearms,https://www.getcarryclass.com/instructors/one-on-one-firearms-instruction-llc-f049927346,one-on-one-firearms-instruction-llc-f049927346,fuzzy,not_indexed,3,lassen|napa|nevada,92,4,2,272,1,0.7102,2,"ONE on ONE Firearms has been Northern California's premier destination for expert firearms training since 2009. Their highly-rated firearms instructors have taught thousands of students, providing gro"
trb training ft3 tactical range,TRB Training FT3 Tactical Range,https://www.getcarryclass.com/instructors/trb-training-ft3-tactical-range,trb-training-ft3-tactical-range,constructed,unknown,1,los-angeles,57,3,1,346,1,0.5933,3,"Tap Rack Bang Training specializes in practical firearms instruction for civilian defenders, offering CCW training courses and advanced pistol/rifle classes. They operate as relentless 2nd Amendment a"
mv tactical & firearms training,MV Tactical & Firearms Training,https://www.getcarryclass.com/instructors/mv-tactical-firearms-afab8d3eb2,mv-tactical-firearms-afab8d3eb2,fuzzy,not_indexed,1,los-angeles,72,4,2,257,1,0.5301,4,"MV Tactical & Firearms Training, Inc. is devoted to giving customers the best training experience available with accomplished and experienced instructors. They offer family-friendly training for every"
firearms training associates,Firearms Training Associates,https://www.getcarryclass.com/instructors/firearms-training-associates-e8d1f151ed,firearms-training-associates-e8d1f151ed,exact,not_indexed,3,los-angeles|orange|riverside,70,3,1,174,1,0.3805,5,"Firearms Training Associates is a Southern California firearms training company that conducts courses in a friendly, relaxed environment emphasizing safety and mastery of weapons systems for all exper"
double tap training center,Double Tap Training Center,https://www.getcarryclass.com/instructors/double-tap-training-center-b3d78b65cd,double-tap-training-center-b3d78b65cd,exact,not_indexed,1,los-angeles,80,3,1,156,1,0.2736,5,"Double Tap Training Center is a licensed professional firearms training facility located in Lake View Terrace, California, serving as an authorized CCW training provider for Los Angeles County Sheriff"
aegis authority,Aegis Authority,https://www.getcarryclass.com/instructors/aegis-authority-47fcfe7742,aegis-authority-47fcfe7742,exact,not_indexed,1,los-angeles,73,3,1,58,1,0.3214,5,Aegis Authority is led by Professional Firearms Training Counselors Julie and Steve with over 20 years in the shooting industry and 22 years of experience as California State DOJ CCW Instructors. They
medic up consulting,Medic Up Consulting,https://www.getcarryclass.com/instructors/medic-up-consulting-llc-afdadc7abb,medic-up-consulting-llc-afdadc7abb,fuzzy,not_indexed,1,los-angeles,67,3,1,27,2,0.7184,2,"Medic Up Consulting LLC is a deputy-led CCW training company serving Los Angeles, Orange, and San Bernardino counties with SB2 compliant courses. They offer comprehensive training that combines firear"
calguns training,CalGuns Training,https://www.getcarryclass.com/instructors/calguns-training-51fe920a57,calguns-training-51fe920a57,exact,not_indexed,1,los-angeles,78,3,1,12,2,0.4617,4,"Cal Guns Training is led by Shawn, a former law enforcement officer with over 15 years of teaching experience who provides firearm instruction across Ventura County, Los Angeles, and Southern Californ"
shootsafe academy ft3 tactical range,ShootSafe Academy FT3 Tactical Range,https://www.getcarryclass.com/instructors/shootsafe-academy-ft3-tactical-range,shootsafe-academy-ft3-tactical-range,constructed,unknown,1,los-angeles,63,3,1,34,2,0.6274,3,"Shootsafe Academy has been providing professional firearms instruction to Southern California for over 13 years, serving Orange, Los Angeles, Riverside and San Diego counties. They offer 16-hour basic"
ccw permit instruction evans gun world,CCW Permit Instruction Evans Gun World,https://www.getcarryclass.com/instructors/ccw-permit-instruction-evans-gun-world-7c9a3219a3,ccw-permit-instruction-evans-gun-world-7c9a3219a3,exact,not_indexed,1,los-angeles,136,5,2,113,1,0.3208,5,"CCW Permit Instruction, led by NRA-certified instructor Orville Wright, offers comprehensive 16-hour California CCW Permit training courses for residents of Orange County, Los Angeles County, Ventura "
vip ccw services lax airport range,VIP CCW Services LAX Airport Range,https://www.getcarryclass.com/instructors/vip-ccw-services-lax-airport-range-dc0a01bcc1,vip-ccw-services-lax-airport-range-dc0a01bcc1,exact,not_indexed,1,los-angeles,70,3,1,37,2,0.6266,3,"VIP CCW Services has been providing California CCW permit training since 2015, operating seven days a week with modular formatted classes to accommodate busy schedules. They are authorized training pr"
coach k's training,Coach K's Training,https://www.getcarryclass.com/instructors/coach-ks-training,coach-ks-training,constructed,unknown,4,los-angeles|orange|riverside|san-diego,69,2,1,124,1,0.25,5,"Coach K's Training is a Southern California-based training company located in Orange County that offers comprehensive courses in urban and wilderness survival, firearm safety, self defense, medical tr"
jarvis firearms training,Jarvis Firearms Training,https://www.getcarryclass.com/instructors/jarvis-firearms-training-6fae97e241,jarvis-firearms-training-6fae97e241,exact,not_indexed,1,los-angeles,62,3,1,215,1,0.2768,5,"Jarvis Firearms Training is a veteran-owned company serving Kern and Los Angeles Counties, offering initial and renewal CCW permit courses, STOP THE BLEED, and NRA and customized courses from beginner"
armed response marksman the gun shop,Armed Response Marksman The Gun Shop,https://www.getcarryclass.com/instructors/armed-response-marksman-the-gun-shop-b4bfb44fd4,armed-response-marksman-the-gun-shop-b4bfb44fd4,exact,not_indexed,1,los-angeles,65,3,1,76,1,0.2933,5,Armed Response Marksman is a firearms training provider that offers California concealed carry courses (CCW) and renewal training. They provide a positive learning environment for students of all back
apex firearms training,Apex Firearms Training,https://www.getcarryclass.com/instructors/apex-firearms-training-20870542c2,apex-firearms-training-20870542c2,exact,not_indexed,2,los-angeles|ventura,82,3,1,70,1,0.3597,5,"Apex Firearms Training is led by instructor Scott, who brings over 30 years of firearms teaching experience and 40+ years of shooting expertise, including 9 California State speed shooting titles. The"
"paragraph 2, llc","Paragraph 2, LLC",https://www.getcarryclass.com/instructors/paragraph-2-cfe35d10b3,paragraph-2-cfe35d10b3,fuzzy,indexed,2,los-angeles|orange,77,3,1,278,1,0.7091,2,"Paragraph 2, LLC is a comprehensive firearms training company led by Jim Belanger, serving multiple Southern California counties including Los Angeles, Orange, Riverside, San Diego, and San Bernardino"
"defensive firearms training, llc","Defensive Firearms Training, LLC",https://www.getcarryclass.com/instructors/defensive-firearms-training-llc-016e5d1f51,defensive-firearms-training-llc-016e5d1f51,exact,not_indexed,1,los-angeles,82,3,1,145,1,0.3093,5,"Defensive Firearms Training, LLC is a professional firearms training company operated by certified instructors with 25 years of combined military and law enforcement experience. Their instructors are "
basic gun safety ft3 tactical range,Basic Gun Safety FT3 Tactical Range,https://www.getcarryclass.com/instructors/basic-gun-safety-ft3-tactical-range-4b4ff9175f,basic-gun-safety-ft3-tactical-range-4b4ff9175f,exact,not_indexed,1,los-angeles,78,5,2,85,1,0.7072,2,"Basic Gun Safety is led by Roger Harvey, a retired Army Colonel and current U.S. Military Pentathlon Team coach who trains at the U.S. Olympic Training Center. The facility features a $30,000 LaserSho"
first step shooting lax airport range,First Step Shooting LAX Airport Range,https://www.getcarryclass.com/instructors/first-step-shooting-lax-airport-range-5279d24431,first-step-shooting-lax-airport-range-5279d24431,exact,not_indexed,1,los-angeles,82,3,1,177,1,0.4564,4,"First Step Shooting is an NRA, USCCA, and California DOJ certified firearms training company founded by Daniel Ferszt that provides concealed carry certification and basic pistol courses to law-abidin"
hansen firearms training ft3 tactical range,Hansen Firearms Training FT3 Tactical Range,https://www.getcarryclass.com/instructors/hansen-firearms-training-ft3-tactical-range,hansen-firearms-training-ft3-tactical-range,constructed,unknown,1,los-angeles,65,3,1,23,2,0.8023,2,"Hansen Firearms Training is Southern California's top rated firearms training company for concealed firearm permits. They offer CCW classes officially approved by Orange, San Diego, and Los Angeles Co"
elite ccw and firearms training,Elite CCW and Firearms Training,https://www.getcarryclass.com/instructors/elite-ccw-and-firearms-training-4b9ac297c2,elite-ccw-and-firearms-training-4b9ac297c2,exact,not_indexed,1,los-angeles,65,3,1,163,1,0.9056,2,"EliteCCW is the premiere training provider in Southern California, founded by a former Orange County Sheriff CCW supervisor. They offer authorized training for multiple jurisdictions including Orange "
southwest training center,SouthWest Training Center,https://www.getcarryclass.com/instructors/southwest-training-center-f9fca5da35,southwest-training-center-f9fca5da35,exact,not_indexed,1,los-angeles,66,3,1,333,1,0.2497,5,Southwest Training Center is a dedicated group of professional instructors committed to providing excellent training for career professionals and everyday users alike. They offer a diverse range of co
together we step,Together we Step,https://www.getcarryclass.com/instructors/together-we-step-e1d28e7e2a,together-we-step-e1d28e7e2a,exact,not_indexed,1,los-angeles,71,3,1,362,1,0.351,5,"Together We S.T.E.P is a certified firearm training company led by instructor Lawrence Enge, who is a USCCA firearm instructor and NRA range safety officer. The company provides CCW classes for LA Cou"
evans security training academy & range,Evans Security Training Academy & Range,https://www.getcarryclass.com/instructors/evans-security-training-academy-range-6956ac3967,evans-security-training-academy-range-6956ac3967,exact,not_indexed,1,los-angeles,64,3,1,166,1,0.3994,5,"Evans Security Training Academy is a fully state licensed security training facility established in 1982, specializing in security guard training, firearm training, and first aid training. The academy"
alpha culture llc,Alpha Culture LLC,https://www.getcarryclass.com/instructors/alpha-culture-fd45da4492,alpha-culture-fd45da4492,fuzzy,not_indexed,1,los-angeles,53,3,1,63,1,0.7926,2,"Alpha Culture LLC is a firearms training company that provides holistic approach training with both field and classroom instruction. They offer Basic Firearms courses, USCCA courses, and Basic CPR & L"
nationwideccw,NationwideCCW,https://www.getcarryclass.com/instructors/nationwideccw-fdeac1fdb0,nationwideccw-fdeac1fdb0,exact,not_indexed,1,los-angeles,29,2,1,259,1,0.1722,5,NationwideCCW offers concealed firearm training with LAPD and LASD certifications as well as multi-state certifications. They market their training as affordable and encourage immediate enrollment thr
public safety institute,Public Safety Institute,https://www.getcarryclass.com/instructors/public-safety-institute-f318641f73,public-safety-institute-f318641f73,exact,not_indexed,1,los-angeles,58,3,1,298,1,0.2391,5,"Public Safety Institute is a California state-licensed training provider (TFF 1303) serving over 20,000 students with BSIS and county-approved CCW training. They offer multi-county approved CCW course"
comfort zone assurance,Comfort Zone Assurance,https://www.getcarryclass.com/instructors/comfort-zone-assurance-9d0a1b5073,comfort-zone-assurance-9d0a1b5073,exact,not_indexed,2,los-angeles|orange,68,3,1,126,1,0.2588,5,"Comfort Zone Assurance is a firearms training company in Orange, CA that focuses on certifying, consulting, providing and training with years of hands-on experience. They offer California DOJ CCW init"
308 tactical firearms training,308 Tactical Firearms Training,https://www.getcarryclass.com/instructors/safe-and-tactical-firearms-training-524ab127b9,safe-and-tactical-firearms-training-524ab127b9,fuzzy,not_indexed,2,los-angeles|san-diego,70,3,1,41,1,0.482,4,"308 Tactical Firearms Training is an LAPD and LASD approved CCW training provider serving Los Angeles, Ventura, Kern, San Diego to Plumas Counties, and many other states. They offer comprehensive Cali"
phoenix tactical solutions,Phoenix Tactical Solutions,https://www.getcarryclass.com/instructors/phoenix-tactical-solutions-fb5bd94aa2,phoenix-tactical-solutions-fb5bd94aa2,exact,not_indexed,2,los-angeles|san-diego,69,3,1,282,1,0.2786,5,"Phoenix Tactical Solutions is a Los Angeles-based firearms training company that provides tactical solutions and customized defensive firearms training programs. They serve civilians, military personn"
kd security group,KD Security Group,https://www.getcarryclass.com/instructors/kd-security-group-90f47f4968,kd-security-group-90f47f4968,exact,not_indexed,1,los-angeles,55,3,1,225,1,0.2248,5,"KD Security Group provides estate, family, executive, celebrity and event protection services staffed with law enforcement officers and military veterans. The company offers customized security plans "
la progressive shooters,LA Progressive Shooters,https://www.getcarryclass.com/instructors/la-progressive-shooters-b0445a4bc0,la-progressive-shooters-b0445a4bc0,exact,not_indexed,1,los-angeles,68,4,2,235,1,0.2651,5,"L.A. Progressive Shooters specializes in demystifying guns and making the experience fun and educational, with an emphasis on safety and comfort. They offer a comprehensive range of pistol training co"
the ccw school,The CCW School,https://www.getcarryclass.com/instructors/the-ccw-school-6590a13a5e,the-ccw-school-6590a13a5e,exact,not_indexed,3,los-angeles|orange|san-diego,76,3,1,350,1,0.2976,5,"The CCW School provides online and in-person CCW training courses approved for all cities in Orange County, select Los Angeles County agencies, and all San Diego County cities. They offer flexible pro"
american academy of protective training,American Academy of Protective Training,https://www.getcarryclass.com/instructors/american-academy-of-protective-training-a883e54d03,american-academy-of-protective-training-a883e54d03,exact,not_indexed,1,los-angeles,69,3,1,67,1,0.3074,5,"American Academy of Protective Training (AAPT) is a California-licensed security training facility that offers comprehensive firearms training programs for civilians, security professionals, and law e"
route 66 shooting sports park,Route 66 Shooting Sports Park,https://www.getcarryclass.com/instructors/route-66-shooting-sports-park-8cfb31b471,route-66-shooting-sports-park-8cfb31b471,exact,not_indexed,1,los-angeles,57,3,1,311,1,0.2469,5,"Route 66 Shooting Sports Park is a shooting facility that promotes safe and responsible firearms ownership. They offer various training programs including firearms safety courses, pistol and handgun c"
cobra tactical inc.,Cobra Tactical Inc.,https://www.getcarryclass.com/instructors/cobra-tactical-inc-62a17dfed1,cobra-tactical-inc-62a17dfed1,exact,not_indexed,1,los-angeles,55,4,2,125,1,0.2469,5,"Cobra Tactical Inc. is a Valencia-based firearms dealer that has served law enforcement, military, and civilians since 2003. They offer gun sales, gunsmithing services, and firearms training including"
advanced combat evolutions,Advanced Combat Evolutions,https://www.getcarryclass.com/instructors/advanced-combat-evolutions-aca95c45bc,advanced-combat-evolutions-aca95c45bc,exact,not_indexed,1,madera,49,3,1,56,1,0.2754,5,"Advanced Combat Evolutions is a POST-certified tactical training company specializing in law enforcement courses. They offer specialized training in precision rifle fundamentals, sniper operations, ve"
april-skye defense tactics,April-Skye Defense Tactics,https://www.getcarryclass.com/instructors/april-skye-defense-tactics-ebbafbbcb5,april-skye-defense-tactics-ebbafbbcb5,exact,not_indexed,1,madera,86,3,1,9,2,0.7494,2,"April Skye Defense Tactics is run by April Skye Parsons, a certified firearms instructor for California, Utah and Tennessee who offers CCW classes for Tulare, Kings, Fresno and Madera Counties in Cali"
duck and cover tactical,Duck and Cover Tactical,https://www.getcarryclass.com/instructors/duck-and-cover-tactical-2d59f0374e,duck-and-cover-tactical-2d59f0374e,exact,not_indexed,1,madera,69,4,2,158,1,0.25,5,"Duck and Cover Tactical is a Fresno gun shop offering firearms, ammunition, and comprehensive training programs led by Spike, a U.S. Marine with over 20 years of tactical experience and combat deploym"
freedom firearms,Freedom Firearms,https://www.getcarryclass.com/instructors/freedom-firearms,freedom-firearms,constructed,unknown,2,madera|tulare,63,3,1,190,1,0.7948,2,"Freedom Firearms is led by Rick Field, a SWAT Law Enforcement Officer, Army Combat Medic, and Law Enforcement Certified Firearms Instructor who brings real-world experience to firearms education. They"
fresno rifle and pistol club,Fresno Rifle and Pistol Club,https://www.getcarryclass.com/instructors/fresno-rifle-pistol-club-f0ff91f678,fresno-rifle-pistol-club-f0ff91f678,fuzzy,not_indexed,1,madera,64,3,1,20,2,0.6668,2,"Fresno Rifle and Pistol Club is an outdoor recreational shooting facility located 15 minutes from Fresno and Clovis on 220 acres at the base of the Sierra foothills. Incorporated in 1934, FRPC provide"
hammer stryke,Hammer Stryke,https://www.getcarryclass.com/instructors/hammer-stryke,hammer-stryke,constructed,unknown,2,madera|mariposa,65,3,1,22,2,0.7981,2,"Hammer Stryke Self-Reliance Training is a California corporation providing advanced firearms training, CCW classes, and personal protection skills throughout central California. They operate training "
hard focus training,Hard Focus Training,https://www.getcarryclass.com/instructors/hard-focus-firearms-training-llc-78f8b158d7,hard-focus-firearms-training-llc-78f8b158d7,fuzzy,not_indexed,1,madera,63,3,1,0,4,0.9972,2,"Hard Focus Firearms Training is dedicated to providing the best, most effective techniques in Defensive Shooting to protect yourself and loved ones. They pride themselves on going above and beyond min"
paco villareal,Paco Villareal,https://www.getcarryclass.com/instructors/paco-villareal,paco-villareal,constructed,unknown,1,madera,64,4,2,7,2,0.737,2,559CCW provides online and in-person California CCW training led by a U.S. Marine Corps veteran and DOJ-certified instructor. They offer 16-hour initial courses and 8-hour renewal courses that meet al
stage stop gun shop,Stage Stop Gun Shop,https://www.getcarryclass.com/instructors/stage-stop-gun-shop-1b878a72c7,stage-stop-gun-shop-1b878a72c7,exact,not_indexed,4,madera|mariposa|merced|tuolumne,77,3,1,338,1,0.4982,4,"Stage Stop Gun Shop operates two locations in California, with their main Atwater facility featuring an 18,800 sq ft space that includes a 20-lane indoor shooting range, archery range, and dedicated c"
tony aguilar,Tony Aguilar,https://www.getcarryclass.com/instructors/tony-aguilar-64d0791f01,tony-aguilar-64d0791f01,exact,not_indexed,1,madera,54,3,1,363,1,0.2308,5,"Tony Aguilar is a firearms instructor with over 30 years of experience in military, law enforcement, and security backgrounds. He focuses on training individuals in self-defense and preparing them to "
zaks guns llc,Zaks Guns LLC,https://www.getcarryclass.com/instructors/zaks-guns-2e4896627d,zaks-guns-2e4896627d,fuzzy,not_indexed,2,madera|tulare,57,2,1,38,2,0.6577,2,"Zaks Guns LLC is a firearms dealer specializing in gun sales, transfers, and ammunition services with competitive pricing and customer service focus. They handle firearm and ammunition transfers from "
2a firearms academy,2A Firearms Academy,https://www.getcarryclass.com/instructors/2a-firearms-academy-03b19d6aeb,2a-firearms-academy-03b19d6aeb,exact,not_indexed,2,marin|solano,67,3,1,6,2,0.7361,2,2A Firearms Academy is a Bay Area firearms training company founded by certified instructors Doug Kevilus and Ryan Lewis. They provide CCW certification training accepted by over 30 jurisdictions thro
bay area tactical group (bat tactical),Bay Area Tactical Group (BAT Tactical),https://www.getcarryclass.com/instructors/bay-area-tactical-group-bat-tactical-4903e3cbaa,bay-area-tactical-group-bat-tactical-4903e3cbaa,exact,not_indexed,3,contra-costa|marin|san-benito,79,3,1,10,2,0.6613,2,"Bay Area Tactical Group (BAT Tactical) is the premier destination for tactical and firearms training in the Bay Area, offering courses for all skill levels from basic handgun training to advanced tact"
coco firearm training llc,Coco Firearm Training LLC,https://www.getcarryclass.com/instructors/coco-firearm-training-llc-1a2d4a83e2,coco-firearm-training-llc-1a2d4a83e2,exact,indexed,1,marin,68,3,1,1,3,0.8438,2,"Coco Firearm Training LLC is an approved CCW training vendor for numerous agencies throughout the Bay Area including Alameda SO, Contra Costa SO, Sacramento SO, and many local police departments. Base"
"crosshair training, llc","Crosshair Training, LLC",https://www.getcarryclass.com/instructors/crosshair-training-llc-b33edfc237,crosshair-training-llc-b33edfc237,exact,not_indexed,2,marin|napa,76,3,1,135,1,0.3151,5,"Crosshair Training LLC is a Bay Area firearms and self-defense training center serving multiple cities and counties including Marin County, Contra Costa County, and Napa County. They offer CA SB2 comp"
execushield training center,Execushield Training Center,https://www.getcarryclass.com/instructors/execushield-training-center-e10b115e0d,execushield-training-center-e10b115e0d,exact,not_indexed,1,marin,79,3,1,168,1,0.348,5,"Execushield Training Center is a comprehensive security and firearms training facility approved by multiple Bay Area law enforcement agencies including San Mateo County Sheriff, San Francisco PD, and "
paladin tactical us,Paladin Tactical US,https://www.getcarryclass.com/instructors/paladin-tactical-us-53e330247a,paladin-tactical-us-53e330247a,exact,not_indexed,4,contra-costa|marin|placer|sonoma,56,3,1,276,1,0.3554,5,"Paladin Tactical is a firearms training company serving the Bay Area with operations at United Sportsmen range in Concord, CA. They offer CCW training along with advanced pistol, rifle, shotgun, and s"
showket training,Showket Training,https://www.getcarryclass.com/instructors/showket-training-b554eb8f61,showket-training-b554eb8f61,exact,not_indexed,3,marin|napa|santa-clara,69,3,1,325,1,0.2635,5,"Showket Training offers defensive and real-world CCW training for Marin County and beyond, focusing on practical survival and safety skills rather than tactical maneuvers. With over 20 years of experi"
jlpfi,JLPFI,https://www.getcarryclass.com/instructors/jlpfi-d04be8402c,jlpfi-d04be8402c,exact,not_indexed,2,mariposa|tulare,74,3,1,218,1,0.7158,2,John Lewis Professional Firearms Instruction (JLPFI) is a Central Valley firearms training company that specializes in concealed weapons courses and advanced firearms instruction. Led by instructor Jo
hard focus firearms,Hard Focus Firearms,https://www.getcarryclass.com/instructors/hard-focus-firearms-training-llc-78f8b158d7,hard-focus-firearms-training-llc-78f8b158d7,fuzzy,not_indexed,1,mariposa,61,3,1,0,4,0.9972,2,"Hard Focus Firearms Training is dedicated to providing the best, most effective techniques in Defensive Shooting to protect yourself and loved ones. They pride themselves on going above and beyond min"
valley defense consulting inc.,Valley Defense Consulting Inc.,https://www.getcarryclass.com/instructors/valley-defense-consulting-3dbeda9c8b,valley-defense-consulting-3dbeda9c8b,fuzzy,not_indexed,1,mariposa,59,4,2,370,1,0.4976,4,"Valley Defense Consulting Inc. is a firearms training company in Modesto that offers handgun, shotgun, and carbine training for both civilians and law enforcement. Their instructors are former law enf"
kim milani,Kim Milani,https://www.getcarryclass.com/instructors/kim-milani-fdaa2ccddb,kim-milani-fdaa2ccddb,exact,indexed,1,mendocino,82,3,1,227,1,0.2268,5,"Kim Milani is a female-owned firearms instruction business serving Mendocino County, offering both initial 16-hour and renewal 8-hour CCW permit courses that meet Mendocino County Sheriff training req"
edward davies,Edward Davies,https://www.getcarryclass.com/instructors/edward-davies,edward-davies,constructed,unknown,1,mendocino,66,3,1,302,1,0.7969,2,"Redwood Practical Shooters is an IDPA and NRA affiliated shooting club on the Mendocino Coast of California, serving the Fort Bragg, Caspar, and Mendocino areas. They offer CCW classes, handgun skill-"
marco a. innocenti,Marco A. Innocenti,https://www.getcarryclass.com/instructors/marco-a-innocenti-9e8608fa9d,marco-a-innocenti-9e8608fa9d,exact,not_indexed,1,mendocino,57,3,1,301,1,0.7969,2,"Redwood Practical Shooters is a shooting club affiliated with IDPA and NRA located on the Mendocino Coast near Fort Bragg, California. They offer CCW classes, handgun skill-builder classes, and variou"
valley defense consulting,Valley Defense Consulting,https://www.getcarryclass.com/instructors/valley-defense-consulting-3dbeda9c8b,valley-defense-consulting-3dbeda9c8b,exact,not_indexed,2,merced|tuolumne,71,3,1,372,1,0.5127,4,"Valley Defense offers comprehensive firearms training in Modesto, California, serving multiple counties including Stanislaus, San Joaquin, Mariposa, Merced, Monterey, Contra Costa, and Tuolumne. Their"
kiwi's custom guns,Kiwi's Custom Guns,https://www.getcarryclass.com/instructors/kiwis-custom-guns,kiwis-custom-guns,constructed,unknown,2,merced|tuolumne,68,3,1,24,2,0.7873,2,Kiwi's Custom Guns operates a state-of-the-art climate-controlled indoor shooting range with five 25-yard lanes capable of handling calibers up to .50 BMG. The facility features advanced Action Target
g&l security training,G&L Security Training,https://www.getcarryclass.com/instructors/gl-security-training,gl-security-training,constructed,unknown,1,merced,59,2,1,193,1,0.2754,5,"G&L Security Training is a professional training center that provides concealed weapons training for multiple California counties including Sacramento, Napa, Yolo, Contra Costa, Merced, and Placer cou"
m2 firearms training,M2 Firearms Training,https://www.getcarryclass.com/instructors/m2-firearms-training-e91655ae6f,m2-firearms-training-e91655ae6f,ambiguous_exact,indexed,1,merced,57,3,1,245,1,0.3461,5,"M2 Firearms Training offers NRA-certified firearms courses including Basic Pistol Training, CCW training, and Defensive Handgun Training. They provide an 8-hour CCW initial course and 4-hour renewal c"
rescue74cpr,Rescue74CPR,https://www.getcarryclass.com/instructors/rescue74cpr-68d684bbc9,rescue74cpr-68d684bbc9,exact,not_indexed,2,merced|stanislaus,47,2,1,303,1,0.2078,5,"Rescue74CPR is a training provider based in California that focuses on developing skills and muscle memory through frequent practice. They offer CPR, First Aid, and CCW classes with a philosophy that "
john lewis professional firearms instruction,John Lewis Professional Firearms Instruction,https://www.getcarryclass.com/instructors/jlpfi-d04be8402c,jlpfi-d04be8402c,domain,not_indexed,1,merced,75,3,1,219,1,0.7158,2,"John Lewis Professional Firearms Instruction is a professional firearms training business in Clovis, California that specializes in concealed weapons permit courses and advanced firearms instruction. "
"hammer stryke self-reliance training, inc.","Hammer Stryke Self-Reliance Training, Inc.",https://www.getcarryclass.com/instructors/hammer-stryke-self-reliance-training-inc-a768c788f7,hammer-stryke-self-reliance-training-inc-a768c788f7,exact,indexed,1,merced,62,4,2,207,1,0.7235,2,"Hammer Stryke Self-Reliance Training, Inc. is a California Corporation providing advanced firearms training and CCW permit courses for central California counties including Mariposa, Madera, Merced an"
"first priority security consulting, llc","First Priority Security Consulting, LLC",https://www.getcarryclass.com/instructors/first-priority-security-consulting-llc-69868f713a,first-priority-security-consulting-llc-69868f713a,exact,not_indexed,1,merced,66,3,1,18,2,0.7585,2,First Priority Security Consulting LLC is a fully licensed FFL01/07 firearms business that provides safe and affordable firearms training to citizens in San Joaquin and surrounding counties. They offe
559 ccw,559 CCW,https://www.getcarryclass.com/instructors/559-ccw,559-ccw,constructed,unknown,2,merced|plumas,72,4,2,45,1,0.737,2,"559CCW is a California online CCW training provider serving Fresno, Tulare, Madera, Merced, Plumas, and Kings County residents. They offer both online and in-person CCW courses, including 16-hour init"
bull's eye firearms,Bull's Eye Firearms,https://www.getcarryclass.com/instructors/bulls-eye-firearms,bulls-eye-firearms,constructed,unknown,1,modoc,64,4,2,11,2,0.6657,2,"Bullseye Tactical Firearms Training provides CCW permit classes and tactical firearms training in the Redding, Shasta County, Mt. Shasta, and Siskiyou County area of California. They offer small, priv"
distinguished firearms instruction,Distinguished Firearms Instruction,https://www.getcarryclass.com/instructors/distinguished-firearms-instruction-49f1cbdc46,distinguished-firearms-instruction-49f1cbdc46,exact,not_indexed,3,modoc|shasta|tehama,63,3,1,13,2,0.5733,3,"Distinguished Firearms Instruction specializes in Concealed Weapons Classes and firearms instruction in Northern California, serving Shasta, Siskiyou, and surrounding counties. They offer CCW certific"
jon ludwick,Jon Ludwick,https://www.getcarryclass.com/instructors/jon-ludwick-a8aa513d60,jon-ludwick-a8aa513d60,exact,not_indexed,1,modoc,66,3,1,129,1,0.4598,4,Concealed Coalition is a nationwide firearms training organization that provides both online and in-person concealed carry certification courses. They offer a comprehensive curriculum covering firearm
state of jefferson outdoors,State of Jefferson Outdoors,https://www.getcarryclass.com/instructors/state-of-jefferson-outdoors-d43cc717a1,state-of-jefferson-outdoors-d43cc717a1,exact,not_indexed,1,modoc,50,2,1,339,1,0.2206,5,"State of Jefferson Outdoors is a Christian-based company in Northern California that focuses on hunting, firearms, and sporting goods while glorifying the Lord and exhibiting their morals and values. "
firearms academy of redding,Firearms Academy of Redding,https://www.getcarryclass.com/instructors/firearms-academy-of-redding-eba6ed4734,firearms-academy-of-redding-eba6ed4734,exact,not_indexed,5,modoc|shasta|siskiyou|tehama|trinity,80,3,1,173,1,0.4017,5,"Firearms Academy of Redding has been providing firearms training, self defense and CCW instruction to Redding, Shasta County and Northern California for over 30 years. The academy is owned and operate"
559 ccw llc,559 CCW LLC,https://www.getcarryclass.com/instructors/559-ccw-llc,559-ccw-llc,constructed,unknown,1,modoc,73,4,2,46,1,0.6243,3,"559CCW LLC provides online and in-person California CCW training courses serving residents of Fresno, Tulare, Kings, Merced, Madera, and Plumas counties. Led by a California DOJ-certified instructor a"
northern firearms instruction - california online ccw,Northern Firearms Instruction - California Online CCW,https://www.getcarryclass.com/instructors/northern-firearms-instruction-california-online-ccw,northern-firearms-instruction-california-online-ccw,constructed,unknown,1,modoc,70,3,1,267,1,0.3067,5,Northern Firearms Instruction offers online CCW training courses specifically designed for non-residents seeking California concealed carry licenses. Their 16-hour initial course is accepted by multip
powers firearms training corp,Powers Firearms Training Corp,https://www.getcarryclass.com/instructors/powers-firearms-training-corp-b92aa297ae,powers-firearms-training-corp-b92aa297ae,exact,indexed,1,mono,84,3,1,288,1,0.8255,2,"Powers Firearms Training Corp is a family-owned business serving Kern County for over 50 years, now operated by Craig and Becky Powers. They offer specialized courses including CCW permits (initial, r"
california and nevada ccw,California and Nevada CCW,https://www.getcarryclass.com/instructors/california-and-nevada-ccw-3e0c7984b8,california-and-nevada-ccw-3e0c7984b8,exact,not_indexed,1,mono,70,3,1,127,1,0.3244,5,"Concealed Carry Nevada, LLC operates as a comprehensive firearms training provider serving Nevada and Northern California, led by NRA Certified Instructor Keith Chesnut. They offer CCW permit courses "
safe and tactical firearms training,Safe and Tactical Firearms Training,https://www.getcarryclass.com/instructors/safe-and-tactical-firearms-training-524ab127b9,safe-and-tactical-firearms-training-524ab127b9,exact,not_indexed,1,mono,68,3,1,314,1,0.2473,5,"Safe and Tactical Firearms Training is located in Bridgeport, CA and offers CCW safety classes for California, Nevada, Arizona, Utah, and Oregon with reciprocity providing concealed carry privileges i"
guns4us,Guns4US,https://www.getcarryclass.com/instructors/guns4us-6b3ceed763,guns4us-6b3ceed763,exact,not_indexed,1,mono,67,4,2,206,1,0.2631,5,"GUNS4US Inc. is a veteran-owned full-service gun store with over 450 guns in stock, specializing in estate sales of firearms, militaria and accessories with over 25 years of experience. They operate a"
u.s. lawshield,U.S. LawShield,https://www.getcarryclass.com/instructors/us-lawshield,us-lawshield,constructed,unknown,4,mono|plumas|san-benito|sierra,67,4,2,368,1,0.1952,5,"U.S. LawShield provides legal defense services for self-defense situations, offering members access to a nationwide network of attorneys, 24/7 emergency hotline, and legal representation for both crim"
"g4 firearms, llc","G4 Firearms, LLC",https://www.getcarryclass.com/instructors/g4-firearms-2452c960d8,g4-firearms-2452c960d8,fuzzy,indexed,1,napa,72,3,1,195,1,0.6217,3,"G4 Firearms, LLC is a full-service gun store in Sonoma County that offers CCW courses and firearms training for all skill levels. They provide comprehensive firearms training including CCW courses, wo"
the range,The Range,https://www.getcarryclass.com/instructors/the-range-798b8fa997,the-range-798b8fa997,exact,indexed,3,nevada|placer|sierra,78,3,1,356,1,0.2993,5,"The Range is Nevada County's only indoor rifle and pistol range, located in the foothills of the Sierra Nevada Mountains just outside Grass Valley. They feature a modern indoor shooting facility with "
weber firearms,Weber Firearms,https://www.getcarryclass.com/instructors/weber-firearms-0478ca0c3f,weber-firearms-0478ca0c3f,exact,indexed,1,nevada,72,3,1,380,1,0.2606,5,Weber Firearms Safety & CCW Instruction serves Nevada County with monthly concealed carry classes held at the Grange Hall in Grass Valley with shooting qualification at the Nevada County Sportsmen Clu
the gun range,The Gun Range,https://www.getcarryclass.com/instructors/the-gun-range-86a2708eb7,the-gun-range-86a2708eb7,exact,not_indexed,1,nevada,43,2,1,352,1,0.3774,5,"The Gun Range is an indoor shooting facility that offers CCW courses for 6 counties/3 cities, including 16-hour initial courses and 8-hour renewal courses. They provide various marksmanship classes an"
defensive triad,Defensive Triad,https://www.getcarryclass.com/instructors/defensive-triad-9585198f5e,defensive-triad-9585198f5e,exact,not_indexed,1,nevada,68,3,1,148,1,0.3982,5,"Defensive Triad is a firearms training company that offers comprehensive CCW courses and defensive handgun training at Placer Sporting Club in Roseville, CA. They provide 16-hour initial CCW courses s"
defensive accuracy llc,Defensive Accuracy LLC,https://www.getcarryclass.com/instructors/defensive-accuracy-llc-535d9771e5,defensive-accuracy-llc-535d9771e5,exact,indexed,1,nevada,40,2,1,142,1,0.7928,2,"Defensive Accuracy LLC provides California CCW training and firearms instruction services in the Bay Area and Central California. They offer initial CCW courses, renewals, modifications, and private C"
bad moon shooting,Bad Moon Shooting,https://www.getcarryclass.com/instructors/bad-moon-shooting-55c50389bf,bad-moon-shooting-55c50389bf,ambiguous_exact,not_indexed,3,nevada|placer|yuba,71,3,1,83,1,0.2947,5,Bad Moon Shooting is a firearms training company led by retired military instructors offering NRA certified CCW courses and personal protection training. They specialize in California SB2-compliant in
a best ccw training,A Best CCW Training,https://www.getcarryclass.com/instructors/a-best-ccw-training-8480f8608c,a-best-ccw-training-8480f8608c,exact,not_indexed,2,nevada|yuba,78,3,1,48,1,0.4766,4,"A Best CCW Training is a California-based firearms training company with instructors who have over 140 years of combined experience in law enforcement, CCW training, and NRA instruction. They offer 16"
nsp firearms instruction,NSP Firearms Instruction,https://www.getcarryclass.com/instructors/nsp-firearms-instruction-4939f1b184,nsp-firearms-instruction-4939f1b184,exact,not_indexed,2,nevada|placer,67,3,1,269,1,0.284,5,"NSP Firearms Instruction provides California CCW training and firearms education with certified instructors maintaining credentials through California DOJ, Utah BCI, NRA, and USCCA. They offer county-"
apex defensive strategies,Apex Defensive Strategies,https://www.getcarryclass.com/instructors/apex-defensive-strategies-3f3b24a027,apex-defensive-strategies-3f3b24a027,exact,not_indexed,1,orange,69,3,1,69,1,0.309,5,Apex Defensive Strategies is an OCSD-approved CCW training provider offering comprehensive two-day initial CCW certification courses and 8-hour renewal courses. They provide a wide range of firearms t
artifex firearms training,Artifex Firearms Training,https://www.getcarryclass.com/instructors/artifex-firearms-training-c6f676c6b8,artifex-firearms-training-c6f676c6b8,exact,not_indexed,1,orange,65,3,1,78,1,0.2386,5,"Artifex Firearms Training was founded by a British Special Forces veteran in 2012 to provide quality firearms training to civilian, law enforcement and military units. They are an OCSD approved CCW tr"
fortitude int'l firearm training,Fortitude Int'l Firearm Training,https://www.getcarryclass.com/instructors/fortitude-intl-firearm-training,fortitude-intl-firearm-training,constructed,unknown,1,orange,57,3,1,182,1,0.225,5,"Fortitude International LLC is a firearms training company focused on developing defense mindset, improving firearm skills, and achieving growth. They offer training in handgun, rifle, and shotgun dis"
semper safe,Semper Safe,https://www.getcarryclass.com/instructors/semper-safe-f68050e076,semper-safe-f68050e076,exact,indexed,2,orange|riverside,75,3,1,317,1,0.2829,5,"Semper Safe is a Marine Corps veteran-owned firearms training company that provides approved CCW training for Orange County Sheriff's Department, Riverside County Sheriff's Department, and Whittier Po"
"5150 heat, llc.","5150 Heat, LLC.",https://www.getcarryclass.com/instructors/5150-heat-llc,5150-heat-llc,constructed,unknown,1,orange,86,4,2,44,1,0.2323,5,"5150 HEAT, LLC is a Firearms Training Academy focusing on new shooters, good people who want to defend their home, and experienced civilians interested in obtaining or renewing their Concealed Carry ("
vip ccw services,VIP CCW Services,https://www.getcarryclass.com/instructors/vip-ccw-services,vip-ccw-services,constructed,unknown,2,orange|san-diego,82,3,1,37,2,0.6266,3,VIP CCW Services has been providing California CCW permit training since 2015 in adherence to CA Penal Code 26165. They offer modular formatted classes seven days a week with hybrid online/in-person t
be fast,Be Fast,https://www.getcarryclass.com/instructors/be-fast-cba2caf6f2,be-fast-cba2caf6f2,exact,not_indexed,1,orange,81,4,2,93,1,0.2619,5,"BE FAST is led by Lt. Mark Ojeda (Ret), an honorably retired police officer and Department of Justice CCW Instructor who serves as an Official Authorized Training Provider for the Orange County Sherif"
cal-patriot defense,Cal-Patriot Defense,https://www.getcarryclass.com/instructors/cal-patriot-defense-1cb2cd8646,cal-patriot-defense-1cb2cd8646,exact,not_indexed,1,orange,61,3,1,105,1,0.3261,5,Cal-Patriot Defense is an Orange County and Riverside County Sheriff-authorized CCW training provider led by a former police SWAT sniper with extensive instructor certifications. They offer concealed 
"safe insight, llc","Safe Insight, LLC",https://www.getcarryclass.com/instructors/safe-insight-39eb5c9de9,safe-insight-39eb5c9de9,fuzzy,not_indexed,1,orange,65,3,1,32,2,0.8392,2,Safe Insight offers sheriff-approved online CCW training that allows students to complete sections at their own pace without spending weekends in classroom settings. The company provides training with
eliteccw firearms training,EliteCCW Firearms Training,https://www.getcarryclass.com/instructors/firearms-training-e51d601167,firearms-training-e51d601167,fuzzy,not_indexed,1,orange,63,3,1,162,1,0.9056,2,"EliteCCW Firearms Training is the premiere training provider in Southern California, founded by a former Orange County Sheriff CCW Supervisor. They offer comprehensive CCW training for multiple jurisd"
magnaproducts,MagnaProducts,https://www.getcarryclass.com/instructors/magnaproducts-5cf761d733,magnaproducts-5cf761d733,exact,not_indexed,1,orange,47,3,1,247,1,0.3449,5,"MAGNA Products is a full-service gunsmithing shop that positions itself as the premium Southern California gun safety training provider. They offer NRA certification classes, CCW classes, and casual u"
"tap rack bang, llc","Tap Rack Bang, LLC",https://www.getcarryclass.com/instructors/tap-rack-bang-training-c8e3a90d09,tap-rack-bang-training-c8e3a90d09,fuzzy,not_indexed,1,orange,76,3,1,347,1,0.6738,2,"Tap Rack Bang, LLC is a professional firearms training company that serves as the full-time occupation of its instructors, with over 30+ combined years of experience training US Marines, law enforceme"
sentri institute inc.,Sentri Institute Inc.,https://www.getcarryclass.com/instructors/sentri-institute-inc-1512caf0e5,sentri-institute-inc-1512caf0e5,ambiguous_exact,not_indexed,1,orange,71,3,1,318,1,0.1868,5,"Sentri Institute Inc. is led by Byron Clark, a retired law enforcement supervisor with nearly three decades of public safety experience, offering CCW permit instruction focused on responsible conceale"
basic gun safety,Basic Gun Safety,https://www.getcarryclass.com/instructors/basic-gun-safety,basic-gun-safety,constructed,unknown,1,orange,73,4,2,86,1,0.7072,2,"Basic Gun Safety is operated by Roger Harvey, a POST Firearms Instructor, NRA Training Counselor, and coach of the U.S. Military Pentathlon Team who has trained numerous World Champions. The training "
defensive training oc,Defensive Training OC,https://www.getcarryclass.com/instructors/defensive-training-oc-420e805cba,defensive-training-oc-420e805cba,exact,not_indexed,1,orange,71,3,1,147,1,0.3659,5,Defensive Training Orange County provides official OCSD-approved CCW training with a hybrid format that allows students to complete the classroom portion 100% online at their own pace. They offer 16-h
hansen firearms training,Hansen Firearms Training,https://www.getcarryclass.com/instructors/hansen-firearms-training-a081954b67,hansen-firearms-training-a081954b67,exact,indexed,2,orange|san-diego,82,3,1,23,2,0.8023,2,"Hansen Firearms Training is Southern California's top rated firearms training company for concealed firearm permits, officially approved by Orange, San Diego, and Los Angeles Counties, plus cities of "
hot rods & handguns,Hot Rods & Handguns,https://www.getcarryclass.com/instructors/hot-rods-handguns-073ad60a9c,hot-rods-handguns-073ad60a9c,exact,not_indexed,1,orange,64,2,1,213,1,0.1987,5,"Hot Rods & Handguns is a members-only shooting and social club in Huntington Beach featuring a 40,000 sq ft facility with a two-story indoor shooting range, sports bar, outdoor deck, casual dining, cl"
mana group security and training,Mana Group Security and Training,https://www.getcarryclass.com/instructors/mana-group-security-and-training-2d67d969d4,mana-group-security-and-training-2d67d969d4,exact,not_indexed,1,orange,61,3,1,355,1,0.307,5,"The Mana Group offers security, firearm, and tactical medical training for professionals and civilians in Orange County, California. With over two decades of professional experience in private securit"
shootsafe academy,ShootSafe Academy,https://www.getcarryclass.com/instructors/shootsafe-academy-ce1b14c354,shootsafe-academy-ce1b14c354,exact,not_indexed,3,orange|riverside|san-diego,72,3,1,34,2,0.6274,3,"Shootsafe Academy has been providing professional firearms instruction to Orange County for over 13 years, recently expanding services to Riverside, Los Angeles, and San Diego counties. They specializ"
civilian arms training source,Civilian Arms Training Source,https://www.getcarryclass.com/instructors/civilian-arms-training-source-8f73ca1955,civilian-arms-training-source-8f73ca1955,exact,not_indexed,1,orange,72,3,1,120,1,0.1868,5,"Civilian Arms Training Source offers advanced tactical firearms training based on Center Axis Training Systems (CATS), a modern gunfighting method evolved from Paul Castle's original Center Axis Reloc"
application tactical,Application Tactical,https://www.getcarryclass.com/instructors/application-tactical-1cb5765271,application-tactical-1cb5765271,exact,not_indexed,1,orange,50,3,1,72,1,0.3077,5,Application Tactical offers Orange County Sheriff's Department approved CCW courses in Laguna Hills. They provide 16-hour initial CCW training and 8-hour renewal courses with range fees included in pr
on-target indoor shooting range,On-Target Indoor Shooting Range,https://www.getcarryclass.com/instructors/on-target-indoor-shooting-range-87d7431221,on-target-indoor-shooting-range-87d7431221,exact,indexed,1,orange,67,3,1,271,1,0.2767,5,"On Target Indoor Shooting Range is Orange County's premier indoor shooting range located in Laguna Niguel. They offer firearm training classes designed for real-world scenarios, with highly trained an"
artemis defense institute,Artemis Defense Institute,https://www.getcarryclass.com/instructors/artemis-defense-institute-d8ff6c52cb,artemis-defense-institute-d8ff6c52cb,exact,not_indexed,1,orange,83,3,1,77,1,0.2316,5,Artemis Defense Institute (ADI) is Orange County & Los Angeles County's premiere CCW training facility offering a unique blend of live-fire training with state-of-the-art indoor video simulations and 
not today self defense,Not Today Self Defense,https://www.getcarryclass.com/instructors/not-today-self-defense-6bd290043e,not-today-self-defense-6bd290043e,exact,not_indexed,1,orange,78,4,2,268,1,0.2936,5,"Not Today Self Defense & Firearms Training is led by Tom Durell, a California Department of Justice P.O.S.T. Certified Firearms Instructor with certifications from the NRA, USCCA, and American Red Cro"
ten-8 tactical firearms training,Ten-8 Tactical Firearms Training,https://www.getcarryclass.com/instructors/ten-8-tactical-firearms-training-0989b8fd76,ten-8-tactical-firearms-training-0989b8fd76,exact,not_indexed,2,orange|riverside,66,4,2,348,1,0.3796,5,Ten-8 Tactical Firearms Training is a CA P.O.S.T. certified firearms instructor and DOJ certified CCW instructor offering online CCW training for Orange County and Riverside County. They provide 24/7 
allsafe defense systems,AllSafe Defense Systems,https://www.getcarryclass.com/instructors/allsafe-defense-systems-427f608b4b,allsafe-defense-systems-427f608b4b,exact,not_indexed,1,orange,65,3,1,62,1,0.3112,5,AllSafe Defense Systems is an Orange County-based firearms training company offering NRA-certified courses and advanced tactical training. They specialize in the NRA Personal Protection Outside the Ho
evans gun world,Evans Gun World,https://www.getcarryclass.com/instructors/evans-gun-world-b408da7356,evans-gun-world-b408da7356,exact,not_indexed,1,orange,76,3,1,165,1,0.2582,5,"Evan's Gun World is a well-established shooting range and firearms retailer that has been serving the Orange County community since 1995. Known for their friendly and safe environment, they cater to a"
"forza defense training, llc","Forza Defense Training, LLC",https://www.getcarryclass.com/instructors/forza-defense-training-756514ead2,forza-defense-training-756514ead2,fuzzy,not_indexed,1,orange,78,3,1,185,1,0.5995,3,"Forza Defense Training, LLC is Orange County's premier concealed weapon training company, led by CEO and founder Gina who operates the business from a passion for competitive shooting rather than trad"
oc online gun certificate,OC Online Gun Certificate,https://www.getcarryclass.com/instructors/oc-online-gun-certificate-fc6f24fa9a,oc-online-gun-certificate-fc6f24fa9a,exact,not_indexed,1,orange,63,3,1,270,1,0.358,5,"OC Online Gun Certificate provides state-approved online CCW training for Orange County, California and out-of-state residents. Established in 2014, they offer a hybrid learning model combining online"
"archer firearms training, llc","Archer Firearms Training, LLC",https://www.getcarryclass.com/instructors/archer-firearms-training-llc-b24809869b,archer-firearms-training-llc-b24809869b,exact,indexed,1,orange,70,3,1,75,1,0.3758,5,"Archer Firearms Training is an Orange County CCW instructor offering comprehensive firearms training including NRA-certified courses, CCW qualification training, and personal protection instruction. R"
san clemente firearms training,San Clemente Firearms Training,https://www.getcarryclass.com/instructors/san-clemente-firearms-training-216a4fbff4,san-clemente-firearms-training-216a4fbff4,exact,not_indexed,1,orange,59,3,1,316,1,0.3205,5,"San Clemente Firearms Training LLC is an Orange County and San Diego County Sheriff Department's approved CCW training provider located in San Clemente. They offer initial and renewal CCW courses, mul"
aegis self defense,Aegis Self Defense,https://www.getcarryclass.com/instructors/aegis-self-defense-7960d80bac,aegis-self-defense-7960d80bac,exact,indexed,1,placer,62,3,1,59,1,0.2785,5,"Aegis Self Defense is a new, family-operated business in Roseville that specializes in CCW certification training and firearm instruction. They offer personalized, small class sizes for beginners thro"
alpha shield ccw,Alpha Shield CCW,https://www.getcarryclass.com/instructors/alpha-shield-ccw-3762d76848,alpha-shield-ccw-3762d76848,ambiguous_exact,not_indexed,1,placer,32,2,1,64,1,0.2593,5,"Alpha Shield CCW provides approved CCW instruction for Placer, Sacramento, Yolo, Sutter and Nevada Counties. They offer new CCW license training, renewal classes, and gun add-on qualifications with on"
basic to advanced firearms training,Basic to Advanced Firearms Training,https://www.getcarryclass.com/instructors/basic-to-advanced-firearms-training-d711431b2c,basic-to-advanced-firearms-training-d711431b2c,exact,not_indexed,1,placer,69,3,1,87,1,0.3431,5,"Basic to Advanced Firearms Training, LLC is a premier firearms training company serving Sacramento, Placer, and Yolo counties. They offer both initial 16-hour CCW training and 8-hour refresher courses"
clavin consulting,Clavin Consulting,https://www.getcarryclass.com/instructors/clavin-consulting-5d69e76738,clavin-consulting-5d69e76738,exact,not_indexed,1,placer,59,3,1,122,1,0.3214,5,"CLAVIN CONSULTING provides California CCW permit training through certified instructor Dan Clavin, who is approved by CA DOJ for Placer and Sacramento Counties. The company offers both initial 16-hour"
confidence safety academy,Confidence Safety Academy,https://www.getcarryclass.com/instructors/confidence-safety-academy-5975895a32,confidence-safety-academy-5975895a32,exact,not_indexed,1,placer,55,2,1,131,1,0.274,5,"Confidence Safety Academy is an NRA-certified firearms training provider offering CCW certification courses, basic handgun instruction, and specialized programs including home defense shotgun training"
dafast,Dafast,https://www.getcarryclass.com/instructors/dafast-24bf4d3ab0,dafast-24bf4d3ab0,ambiguous_exact,not_indexed,3,placer|sutter|yuba,87,4,2,136,1,0.2437,5,"DAFAST (Dee Adams Fire Arms Safety Training) is operated by Dee Adams, a retired application developer who specializes in concealed carry instruction with the latest legal updates and processes. She o"
dead eye dames,Dead Eye Dames,https://www.getcarryclass.com/instructors/dead-eye-dames-1ad320d87e,dead-eye-dames-1ad320d87e,exact,not_indexed,1,placer,17,1,1,138,1,0.2059,5,"Deadeye Dames offers shooting classes in a safe, friendly environment for those looking to learn firearms skills."
down-range logistics,Down-Range Logistics,https://www.getcarryclass.com/instructors/down-range-logistics-601d4c836e,down-range-logistics-601d4c836e,exact,not_indexed,1,placer,70,3,1,111,1,0.3341,5,Canopy Security Group Inc partners with Down-Range Logistics to provide CCW training and certifications following NRA CCW course standards that meet all California requirements. They offer comprehensi
eagle defense,Eagle Defense,https://www.getcarryclass.com/instructors/eagle-defense-f0b8e319f2,eagle-defense-f0b8e319f2,exact,indexed,1,placer,56,3,1,160,1,0.2963,5,Eagle Defense offers California concealed weapon permit training for Sacramento County and San Joaquin areas. They provide comprehensive 16-hour CCW courses that include range fees and allow training 
ewg guns,EWG Guns,https://www.getcarryclass.com/instructors/ewg-guns-90f5f67496,ewg-guns-90f5f67496,exact,not_indexed,2,placer|sierra,66,3,1,167,1,0.2626,5,"EWG Guns is a locally owned firearms shop serving Loomis and surrounding communities that specializes in buying, selling, and trading firearms, ammunition, and accessories. They offer professional fir"
family defense training llc,Family Defense Training LLC,https://www.getcarryclass.com/instructors/family-defense-training-llc-26ebc066fd,family-defense-training-llc-26ebc066fd,ambiguous_exact,not_indexed,1,placer,31,2,1,170,1,0.2379,5,"Family Defense Training LLC provides firearm safety and CCW training based in Plumas Lake, CA, designed for all experience levels. They serve the Yuba-Sutter area and the surrounding Sacramento region"
gunlady,Gunlady,https://www.getcarryclass.com/instructors/gunlady-755cd3d48d,gunlady-755cd3d48d,exact,not_indexed,1,placer,52,3,1,204,1,0.2951,5,Gunlady is a female-owned firearms training business specializing in CCW classes and defensive firearms training in Sacramento. They offer both 16-hour CCW initial classes and 8-hour renewal classes i
"jon kennedy consulting, inc.","Jon Kennedy Consulting, Inc.",https://www.getcarryclass.com/instructors/jon-kennedy-consulting-inc-cb64e12305,jon-kennedy-consulting-inc-cb64e12305,exact,not_indexed,1,placer,65,3,1,226,1,0.3122,5,"Kennedy Consulting provides firearms safety training and concealed carry certification courses in the Sacramento area. They are NRA certified as Training Counselors offering Basic and Advanced Pistol,"
knc firearms training,KNC Firearms Training,https://www.getcarryclass.com/instructors/knc-firearms-training-5a6746c051,knc-firearms-training-5a6746c051,exact,not_indexed,1,placer,90,3,1,230,1,0.2621,5,"KNC Firearms Training is dedicated to providing high-quality firearms instruction for all skill levels, from complete beginners to seasoned gun owners. Led by NRA Training Counselor Karl Nelson alongs"
kp protection consulting,KP Protection Consulting,https://www.getcarryclass.com/instructors/kp-protection-consulting-23b9977579,kp-protection-consulting-23b9977579,exact,indexed,1,placer,59,3,1,231,1,0.3212,5,KP Protection Consulting is a certified CCW and personal protection training company led by NRA-certified instructor Kevin Pool. They offer comprehensive 16-hour initial CCW courses and 8-hour renewal
"lagomarsino's firearms institute, inc.","Lagomarsino's Firearms Institute, Inc.",https://www.getcarryclass.com/instructors/lagomarsinos-firearms-institute-inc,lagomarsinos-firearms-institute-inc,constructed,unknown,1,placer,70,3,1,25,2,0.7398,2,"Lagomarsino's Firearms Institute is a Sacramento-based firearms training company led by instructor Wes Lagomarsino. They offer California initial and renewal CCW courses three times per month, as well"
liberty firearms training,Liberty Firearms Training,https://www.getcarryclass.com/instructors/liberty-firearms-training-9a5333f0e9,liberty-firearms-training-9a5333f0e9,exact,not_indexed,1,placer,60,3,1,240,1,0.2283,5,"Liberty Firearms Training has served Northern California since 2007, offering progressive shooting courses designed to make students more proficient, comfortable, and confident in gun handling. They p"
lock n load concealed carry,Lock N Load Concealed Carry,https://www.getcarryclass.com/instructors/lock-n-load-concealed-carry-030c3e6143,lock-n-load-concealed-carry-030c3e6143,exact,not_indexed,1,placer,77,5,2,26,2,0.8325,2,"Lock n Load Concealed Carry Training is operated by Dr. David Lungren, a California DOJ certified instructor approved to teach CCW courses for El Dorado, Placer, Sacramento, and Yolo counties. The com"
next threat solutions,Next Threat Solutions,https://www.getcarryclass.com/instructors/next-threat-solutions-e0c94c4161,next-threat-solutions-e0c94c4161,exact,not_indexed,1,placer,40,2,1,28,2,0.6304,3,Next Threat Solutions is a firearms training company that focuses on personal protection and individual resilience education. Their mission is to actively support the sustainment and growth of respons
"protection plus tactics, llc","Protection Plus Tactics, LLC",https://www.getcarryclass.com/instructors/protection-plus-tactics-llc-97fcd0e6fa,protection-plus-tactics-llc-97fcd0e6fa,exact,not_indexed,1,placer,82,3,1,297,1,0.7888,2,"Protection Plus Tactics, LLC is Northern California's elite gun shop and training academy located in Loomis, specializing in self-defense firearms sales, services, and training. They offer both privat"
"security & firearms training academy, inc.","Security & Firearms Training Academy, Inc.",https://www.getcarryclass.com/instructors/security-firearms-training-academy-inc-27d4cfd0bc,security-firearms-training-academy-inc-27d4cfd0bc,exact,not_indexed,1,placer,81,3,1,33,2,0.8691,2,"Security & Firearms Training Academy (SAFTA) is a 100% veteran-owned training academy founded by Marine Corps Veterans, retired law enforcement agents, and private security veterans. They offer CCW tr"
solidarity defense,Solidarity Defense,https://www.getcarryclass.com/instructors/solidarity-defense-4d33df72cd,solidarity-defense-4d33df72cd,exact,not_indexed,1,placer,55,3,1,331,1,0.2561,5,"Solidarity Defense provides professional firearms instruction throughout the Sacramento region, including Placer County, Sacramento County, and Yolo County CCW classes. They specialize in working with"
sure grip arms,Sure Grip Arms,https://www.getcarryclass.com/instructors/sure-grip-arms-d3f8456798,sure-grip-arms-d3f8456798,exact,not_indexed,1,placer,87,3,1,342,1,0.2118,5,"Sure Grip Arms is a 100% Black-Veteran-Owned small business specializing in integrated defensive training for CCW certification, advanced firearm tactics, non-lethal strategies, and trauma care. Their"
aao (american armed ordinance),AAO (American Armed Ordinance),https://www.getcarryclass.com/instructors/aao-american-armed-ordinances-28046d8347,aao-american-armed-ordinances-28046d8347,fuzzy,not_indexed,1,placer,52,3,1,50,1,0.3031,5,AAO (American Armed Ordinance) provides online California CCW training courses for both residents and non-residents. They offer DOJ-compliant 16-hour initial courses and 8-hour renewal courses that in
a2 firearms,A2 Firearms,https://www.getcarryclass.com/instructors/a2-firearms-9e33da3f27,a2-firearms-9e33da3f27,exact,not_indexed,1,riverside,54,3,1,49,1,0.2331,5,"A2 Defense offers CCW certification courses alongside comprehensive defensive training programs. They provide world-class courses designed for various skill levels, personalized practice through their"
alphaculture llc,AlphaCulture LLC,https://www.getcarryclass.com/instructors/alphaculture-llc,alphaculture-llc,constructed,unknown,1,riverside,42,3,1,8,2,0.7915,2,"Alpha Culture L.L.C. is a firearms training company that provides holistic training combining both field and classroom instruction. They offer USCCA courses, basic firearms training, and CPR & life su"
brothers & arms usa / riverside ccw training,Brothers & Arms USA / Riverside CCW Training,https://www.getcarryclass.com/instructors/brothers-arms-usa-riverside-ccw-training-ca858b33cb,brothers-arms-usa-riverside-ccw-training-ca858b33cb,exact,not_indexed,1,riverside,75,3,1,101,1,0.3671,5,Brothers & Arms USA / Riverside CCW Training is a Riverside County-based firearms training company voted 'Best Educational Consultant' by the City of Riverside for multiple years. They are NRA and POS
chambered defenses,Chambered Defenses,https://www.getcarryclass.com/instructors/chambered-defenses-60a604402e,chambered-defenses-60a604402e,exact,not_indexed,1,riverside,77,3,1,118,1,0.282,5,"Chambered Defenses offers comprehensive firearm defense training in California, including specialized courses in Concealed Carry Weapon (CCW) training. Their expert instructors provide hands-on experi"
clubb 1 investigations llc,Clubb 1 Investigations LLC,https://www.getcarryclass.com/instructors/clubb-1-investigations-llc-287cb947fd,clubb-1-investigations-llc-287cb947fd,exact,not_indexed,1,riverside,65,3,1,123,1,0.2963,5,"Clubb 1 Investigations is led by Tony Clubb, a retired law enforcement professional with over 24 years of experience in the Riverside County Probation Department. The company offers Riverside County C"
concealed coalition inc.,Concealed Coalition Inc.,https://www.getcarryclass.com/instructors/concealed-coalition-01614f9f3e,concealed-coalition-01614f9f3e,fuzzy,indexed,1,riverside,75,3,1,128,1,0.613,3,Concealed Coalition is a nationwide concealed carry training provider offering both online courses and in-person classes through a network of certified instructors. They focus on next-generation digit
"defensive tactics and firearms, llc","Defensive Tactics and Firearms, LLC",https://www.getcarryclass.com/instructors/defensive-tactics-and-firearms-llc-1aaf82f397,defensive-tactics-and-firearms-llc-1aaf82f397,exact,not_indexed,1,riverside,79,3,1,146,1,0.2708,5,"Defensive Tactics and Firearms, LLC provides innovative CCW training for Riverside and San Diego County, led by certified Use of Deadly Force Instructors with an evidence-based curriculum built by a f"
family and freedom defense,Family and Freedom Defense,https://www.getcarryclass.com/instructors/family-and-freedom-defense-f9b728aac1,family-and-freedom-defense-f9b728aac1,exact,indexed,2,riverside|san-diego,66,3,1,169,1,0.2952,5,"Family and Freedom Defense is a firearms training company founded by an instructor with over a decade of experience as a police officer, SWAT team firearms instructor, and active duty USMC officer. Th"
firearms academy,Firearms Academy,https://www.getcarryclass.com/instructors/firearms-academy-6a1dd8cc76,firearms-academy-6a1dd8cc76,exact,not_indexed,1,riverside,72,4,2,187,1,0.2904,5,"Founded over 30 years ago, Firearms Academy is a leading security training services company in Corona, CA, led by Chief Instructor Alex G. Delgadillo who holds multiple certifications including DOJ CC"
foley firearms training,Foley Firearms Training,https://www.getcarryclass.com/instructors/foley-firearms-training-899712bf00,foley-firearms-training-899712bf00,exact,not_indexed,1,riverside,52,3,1,179,1,0.3856,5,"Foley Firearms Training offers Basic, Intermediate, and Advanced courses for pistol, rifle, and shotgun training with both group and private sessions available. They provide the required 16-hour Initi"
force defensive firearms training,Force Defensive Firearms Training,https://www.getcarryclass.com/instructors/defensive-firearms-training-llc-016e5d1f51,defensive-firearms-training-llc-016e5d1f51,fuzzy,not_indexed,1,riverside,65,3,1,19,2,0.8086,2,"Force Defensive Firearms Training offers small group CCW classes, private lessons, and firearms training in Murrieta, CA. They are a POST CCW, DOJ CA approved vendor serving multiple sheriff's departm"
guardian training unit non-profit,Guardian Training Unit Non-Profit,https://www.getcarryclass.com/instructors/guardian-training-unit-non-profit-8b498d194d,guardian-training-unit-non-profit-8b498d194d,exact,indexed,1,riverside,77,5,2,201,1,0.2976,5,"Guardian SPCA is a nonprofit organization that offers CCW certification courses in Riverside County, with all proceeds supporting their animal cruelty prevention mission. They provide both initial CCW"
heavens betting on us,Heavens Betting on Us,https://www.getcarryclass.com/instructors/heavens-betting-on-us-952b8d3511,heavens-betting-on-us-952b8d3511,exact,not_indexed,1,riverside,62,3,1,211,1,0.3007,5,"Heavens Betting On Us is a firearms academy serving Los Angeles, San Fernando Valley, and Long Beach areas. They offer comprehensive training from basic firearms safety to advanced tactics, including "
"l & l firearms training, llc","L & L Firearms Training, LLC",https://www.getcarryclass.com/instructors/l-l-firearms-training-llc-6150f01936,l-l-firearms-training-llc-6150f01936,exact,not_indexed,1,riverside,68,3,1,234,1,0.3086,5,"L & L Firearms Training, LLC is a California Department of Justice approved CCW instructor serving Riverside County and several cities including Murrieta, Hemet, Menifee, Banning, and Beaumont. They p"
luna tactical,Luna Tactical,https://www.getcarryclass.com/instructors/luna-tactical-1a9460baa3,luna-tactical-1a9460baa3,exact,not_indexed,1,riverside,58,3,1,243,1,0.2821,5,"Luna Tactical provides defensive, tactical, and safety firearms training in Southern California, led by founder Oscar Luna. They offer CCW certification classes for initial and renewal permits in Oran"
medic up consulting llc,Medic Up Consulting LLC,https://www.getcarryclass.com/instructors/medic-up-consulting-llc-afdadc7abb,medic-up-consulting-llc-afdadc7abb,exact,not_indexed,1,riverside,59,3,1,27,2,0.7184,2,"Medic Up Consulting LLC is a deputy-led CCW training company serving Los Angeles, Orange, and San Bernardino counties. They provide SB2 compliant training that combines firearms instruction with medic"
millenia defense llc,Millenia Defense LLC,https://www.getcarryclass.com/instructors/millenia-defense-llc-fa54838c4e,millenia-defense-llc-fa54838c4e,exact,not_indexed,1,riverside,61,3,1,254,1,0.307,5,"Millennia Defense is a comprehensive training and consulting company offering firearms, medical, and defensive training for individuals and corporations. They provide CCW permit courses, combatives tr"
"non-sheep firearms & training, llc","NON-Sheep Firearms & Training, LLC",https://www.getcarryclass.com/instructors/non-sheep-firearms-training-llc-721327bd06,non-sheep-firearms-training-llc-721327bd06,exact,not_indexed,1,riverside,54,2,1,263,1,0.3923,5,"NON-Sheep Firearms & Training, LLC is led by Don Williamson, a 33-year retired law enforcement veteran with multiple certifications including FBI Instructor, CA DOJ Instructor, CA POST Instructor, NRA"
outlaw armory,Outlaw Armory,https://www.getcarryclass.com/instructors/outlaw-armory-ea8f931531,outlaw-armory-ea8f931531,exact,not_indexed,1,riverside,57,3,1,275,1,0.3449,5,Outlaws Armory of Canyon Lake is a firearms dealer and training facility offering CCW classes alongside firearms sales and gunsmithing services. They provide both initial CCW training and renewal cour
paragraph 2,Paragraph 2,https://www.getcarryclass.com/instructors/paragraph-2-cfe35d10b3,paragraph-2-cfe35d10b3,exact,indexed,2,riverside|san-diego,72,3,1,277,1,0.7091,2,"Paragraph 2 Firearm Training is an approved CCW instructor for Los Angeles, Orange, Riverside, and San Diego County Sheriff's Departments, offering comprehensive firearm training from beginner to expe"
personal protection academy,Personal Protection Academy,https://www.getcarryclass.com/instructors/personal-protection-academy-32490f50b5,personal-protection-academy-32490f50b5,exact,indexed,2,riverside|san-diego,83,3,1,280,1,0.3249,5,Personal Protection Academy is certified as an official CCW vendor by many Southern California municipalities and UT/AZ to administer both classroom and firing range portions of CCW initial or renewal
practical is tactical,Practical Is Tactical,https://www.getcarryclass.com/instructors/practical-is-tactical-49cf4bc0de,practical-is-tactical-49cf4bc0de,exact,not_indexed,1,riverside,82,3,1,291,1,0.2748,5,Practical Is Tactical provides Riverside and San Diego Sheriff-approved CCW training and firearms instruction in North San Diego County. Their outdoor shooting range creates a dynamic training environ
protector ccw & firearms,Protector CCW & Firearms,https://www.getcarryclass.com/instructors/protector-ccw-firearms-trng-6a023984e6,protector-ccw-firearms-trng-6a023984e6,fuzzy,not_indexed,1,riverside,57,3,1,31,2,0.7491,2,Protector CCW & Firearms Training provides 16-hour Initial and 8-hour Renewal CCW courses for Riverside and San Diego Counties. Their instructors bring over 26 years of actual field experience from fe
resounding arms,Resounding Arms,https://www.getcarryclass.com/instructors/resounding-arms-bae39736d1,resounding-arms-bae39736d1,exact,not_indexed,1,riverside,63,3,1,304,1,0.2562,5,"Resounding Arms provides CCW training and comprehensive home defense consulting services in Chino, CA. They are an approved training vendor for LAPD, Beverly Hills, and Riverside County CCW permits, a"
right 2 bear (r2b): firearm safety & education,Right 2 Bear (R2B): Firearm Safety & Education,https://www.getcarryclass.com/instructors/right-2-bear-r2b-firearm-safety-education-2f7c2896e3,right-2-bear-r2b-firearm-safety-education-2f7c2896e3,exact,not_indexed,1,riverside,74,3,1,305,1,0.2772,5,"Right 2 Bear, LLC is an approved concealed carry training vendor for Riverside and San Bernardino County Sheriff's Departments with over 7 years of experience and more than 6,500 satisfied students. T"
riverside county sheriff ben clark training center,Riverside County Sheriff Ben Clark Training Center,https://www.getcarryclass.com/instructors/riverside-county-sheriff-ben-clark-training-center-7531cd17f0,riverside-county-sheriff-ben-clark-training-center-7531cd17f0,exact,not_indexed,1,riverside,63,3,1,358,1,0.307,5,The Riverside County Sheriff Ben Clark Training Center is the official law enforcement training facility that offers CCW training courses for Riverside County permit applicants. They provide both 16-h
riverside indoor shooting range,Riverside Indoor Shooting Range,https://www.getcarryclass.com/instructors/riverside-indoor-shooting-range-eacad7c4c8,riverside-indoor-shooting-range-eacad7c4c8,exact,not_indexed,1,riverside,71,3,1,307,1,0.3774,5,Riverside Indoor Shooting Range bills itself as 'The Best Shooting Range In The Inland Empire' and offers comprehensive CCW training courses alongside their full-service indoor shooting facility. They
riverside sharpshooter,Riverside Sharpshooter,https://www.getcarryclass.com/instructors/riverside-sharpshooter-f19ae7c8dc,riverside-sharpshooter-f19ae7c8dc,exact,not_indexed,1,riverside,81,3,1,308,1,0.3004,5,"Riverside Sharpshooter is a firearms training company led by instructor Phillip Ashley, who brings 25 years of law enforcement and 4 years of military experience to his instruction. The company offers"
solutions group international,Solutions Group International,https://www.getcarryclass.com/instructors/solutions-group-international-a50082ca05,solutions-group-international-a50082ca05,exact,not_indexed,1,riverside,63,5,2,332,1,0.2353,5,"Solutions Group International is a specialized security and tactical training company serving law enforcement, military, government, and civilian sectors. They operate an 8,000 sq. ft. Regional Traini"
special enforcement,Special Enforcement,https://www.getcarryclass.com/instructors/special-enforcement-516525ba2d,special-enforcement-516525ba2d,exact,not_indexed,1,riverside,64,3,1,335,1,0.3074,5,"Special Enforcement is a security training company with roots in law enforcement and military service that offers CCW permits, firearms handling for all levels, guard cards, exposed carry licenses, an"
street safe defense firearms training program,Street Safe Defense Firearms Training Program,https://www.getcarryclass.com/instructors/street-safe-defense-firearms-training-program-5278b68a3c,street-safe-defense-firearms-training-program-5278b68a3c,exact,not_indexed,1,riverside,64,2,1,340,1,0.3347,5,"Street Safe Defense is a veteran-owned firearms training company serving Riverside County, offering CCW permit instruction and firearms safety training across Menifee, Perris, Riverside, and Corona. T"
5 arrows tactical,5 Arrows Tactical,https://www.getcarryclass.com/instructors/5-arrows-tactical,5-arrows-tactical,constructed,unknown,1,riverside,95,3,1,43,1,0.2994,5,"5 Arrows Tactical Training provides comprehensive firearms training for civilians, military, and law enforcement with instructors who are former military and/or law enforcement and NRA certified. They"
azone defense llc,Azone Defense LLC,https://www.getcarryclass.com/instructors/azone-defense-llc-d1e431c3aa,azone-defense-llc-d1e431c3aa,exact,indexed,1,riverside,86,3,1,81,1,0.3982,5,"Azone Defense LLC is a comprehensive firearms training company in Hemet, CA that offers expert instruction from a CA-DOJ certified CCW instructor with multiple NRA and USCCA certifications. They provi"
ca outdoors,CA Outdoors,https://www.getcarryclass.com/instructors/ca-outdoors-18105daec5,ca-outdoors-18105daec5,exact,not_indexed,1,riverside,67,3,1,104,1,0.3796,5,CA Outdoors is a San Bernardino County Sheriff Department and Riverside County Sheriff's Office approved CCW training vendor located in Fontana. They partner with West End Gun Club to provide professi
docking bay 94 armory,Docking Bay 94 Armory,https://www.getcarryclass.com/instructors/docking-bay-94-armory-eb6c6cfc78,docking-bay-94-armory-eb6c6cfc78,exact,not_indexed,1,riverside,64,3,1,155,1,0.2658,5,"Docking Bay 94 Armory is a firearms training provider in Yorba Linda, CA that offers CCW courses satisfying California state-mandated training for initial CCW applicants in Orange County. They provide"
fortune firearms,Fortune Firearms,https://www.getcarryclass.com/instructors/fortune-firearms-9aef421a61,fortune-firearms-9aef421a61,exact,not_indexed,2,riverside|san-diego,69,3,1,183,1,0.3034,5,Fortune Firearms is a firearms dealer and training facility located near Temecula Wine Country that serves both seasoned enthusiasts and newcomers. They offer CCW qualification courses meeting Riversi
prevailing tactics,Prevailing Tactics,https://www.getcarryclass.com/instructors/prevailing-tactics-17e8923bec,prevailing-tactics-17e8923bec,exact,not_indexed,1,riverside,76,3,1,295,1,0.3004,5,Prevailing Tactics is a tactical firearms training company led by an instructor with over 25 years of experience as a law enforcement officer and executive protection agent. They offer comprehensive 1
rising phoenix academy,Rising Phoenix Academy,https://www.getcarryclass.com/instructors/rising-phoenix-academy-80f723a08c,rising-phoenix-academy-80f723a08c,exact,not_indexed,1,riverside,58,3,1,306,1,0.3235,5,"Rising Phoenix Academy is a premier firearms academy located in Murrieta that provides certified firearms and safety training to individuals, couples, and groups. They offer beginner to advanced firea"
tap rack bang training,Tap Rack Bang Training,https://www.getcarryclass.com/instructors/tap-rack-bang-training-c8e3a90d09,tap-rack-bang-training-c8e3a90d09,exact,not_indexed,1,riverside,65,3,1,345,1,0.6564,2,"Tap Rack Bang Training is a full-time firearms training company with over 30 combined years of experience training US Marines, law enforcement, and civilians. They offer CCW courses, private training "
the beaumont indoor shooting range,The Beaumont Indoor Shooting Range,https://www.getcarryclass.com/instructors/the-beaumont-indoor-shooting-range-4c20ccba81,the-beaumont-indoor-shooting-range-4c20ccba81,exact,not_indexed,1,riverside,66,3,1,349,1,0.2836,5,"The Beaumont Indoor Shooting Range is a family-owned range offering both pistol and rifle lanes, with nine 50' pistol lanes and five 75' rifle lanes accommodating up to 30-06 caliber. They provide CCW"
the right 2 ccw,The Right 2 CCW,https://www.getcarryclass.com/instructors/the-right-2-ccw-15d634f6f2,the-right-2-ccw-15d634f6f2,exact,not_indexed,1,riverside,77,3,1,357,1,0.351,5,"The Right 2 CCW is a firearms training company operated by a retired law enforcement officer with extensive certifications including California P.O.S.T., NRA, USCCA, and county-specific CCW instructor"
unity of arms,Unity of Arms,https://www.getcarryclass.com/instructors/unity-of-arms-28d376417c,unity-of-arms-28d376417c,exact,not_indexed,1,riverside,60,3,1,369,1,0.2632,5,"Unity of Arms is a firearms training company in Banning, CA that offers Riverside County CCW classes and private training sessions. They focus on empowering individuals with the knowledge, skills, and"
veteran's training group,Veteran's Training Group,https://www.getcarryclass.com/instructors/veterans-training-group,veterans-training-group,constructed,unknown,1,riverside,66,3,1,375,1,0.268,5,"Veterans Training Group is a Southern California firearms training academy serving Los Angeles, Orange County, Riverside, and San Bernardino counties. Led by combat veteran and former Army officer Ste"
alpha tango operations group,Alpha Tango Operations Group,https://www.getcarryclass.com/instructors/alpha-tango-operations-group-5d05465ddc,alpha-tango-operations-group-5d05465ddc,exact,not_indexed,1,riverside,54,3,1,65,1,0.3312,5,"Alpha Tango Operations Group is a veteran-owned business specializing in training and preparedness for everyone. They offer CCW certification courses, private firearms training, medical training inclu"
b2b training,B2B Training,https://www.getcarryclass.com/instructors/b2b-training-a1ec0834fc,b2b-training-a1ec0834fc,exact,not_indexed,1,riverside,68,3,1,82,1,0.2796,5,"Back Two Basics offers practical, certified CCW training in Riverside County from experienced instructor Ruben Rosas, formerly with the Department of Corrections. They provide comprehensive 16-hour CC"
defensive firearms solutions,Defensive Firearms Solutions,https://www.getcarryclass.com/instructors/defensive-firearms-solutions-959e8aa04a,defensive-firearms-solutions-959e8aa04a,exact,not_indexed,1,riverside,46,3,1,144,1,0.282,5,"Defensive Firearm Solutions is a firearms training company serving the Coachella Valley that focuses on safety, accuracy, and fundamentals. They provide instruction and resources to help individuals h"
draken armory,Draken Armory,https://www.getcarryclass.com/instructors/draken-armory-45a29744f6,draken-armory-45a29744f6,exact,not_indexed,1,riverside,54,3,1,157,1,0.2346,5,"Draken Armory Colton is a veteran-owned gun store that opened in November 2022, serving the Inland Empire. Their staff includes NRA and DOJ certified instructors with experience in firearms, training,"
fight or flight,Fight or Flight,https://www.getcarryclass.com/instructors/fight-or-flight-41d3ad7a3b,fight-or-flight-41d3ad7a3b,exact,not_indexed,1,riverside,66,3,1,172,1,0.3137,5,"Fight or Flight is a leading firearms training provider in Morongo Valley, California serving Riverside and San Bernardino County. They are certified vendors for both Riverside and San Bernardino Sher"
focal point academy,Focal Point Academy,https://www.getcarryclass.com/instructors/focal-point-academy-e336656467,focal-point-academy-e336656467,exact,not_indexed,2,riverside|san-diego,73,3,1,178,1,0.3169,5,"Focal Point Academy is a licensed BSIS firearms training center serving the San Diego County area including Vista, Murrieta, and Temecula. They offer beginner-friendly firearms courses designed to be "
"guns of distinction, llc","Guns of Distinction, LLC",https://www.getcarryclass.com/instructors/guns-of-distinction-llc-5533c59f3f,guns-of-distinction-llc-5533c59f3f,exact,not_indexed,1,riverside,46,3,1,205,1,0.2609,5,"Guns of Distinction is a full-service firearms dealer in Palm Desert staffed by former law enforcement officers. They offer CCW classes alongside firearm sales, transfers, and California compliance se"
"johnnie b. wood, llc. security training","Johnnie B. Wood, LLC. Security Training",https://www.getcarryclass.com/instructors/johnnie-b-wood-llc-security-training-9fc89c84d4,johnnie-b-wood-llc-security-training-9fc89c84d4,exact,not_indexed,1,riverside,73,3,1,220,1,0.4759,4,"Johnnie B Woods Security Training specializes in home/self defense, security guard training and certification, as well as firearm training and certification courses including California CCW classes. L"
taking flight firearm training,Taking Flight Firearm Training,https://www.getcarryclass.com/instructors/taking-flight-firearm-training-d55ec2d2c8,taking-flight-firearm-training-d55ec2d2c8,exact,not_indexed,1,riverside,68,3,1,343,1,0.3137,5,"Taking Flight Firearms Training provides CCW certification courses for both Riverside and San Bernardino counties, operating as a certified vendor for both sheriff's departments. They offer both initi"
the training center,The Training Center,https://www.getcarryclass.com/instructors/the-training-center-92d43df394,the-training-center-92d43df394,exact,not_indexed,1,riverside,66,3,1,360,1,0.3077,5,The Training Center operates three locations in California providing defensive and tactical firearms instruction along with shooting ranges. They offer comprehensive CCW training including 16-hour ini
willis home defense,Willis Home Defense,https://www.getcarryclass.com/instructors/willis-home-defense-ea3962c567,willis-home-defense-ea3962c567,exact,not_indexed,1,riverside,55,3,1,383,1,0.3856,5,Willis Home Defense is a certified firearms instructor offering training from beginners to advanced levels. They provide the legal required 16-hour CCW course for Riverside County and 8-hour renewal t
6th nation gun club,6th Nation Gun Club,https://www.getcarryclass.com/instructors/6th-nation-gun-club-95cc6f9cd5,6th-nation-gun-club-95cc6f9cd5,exact,not_indexed,1,san-benito,67,3,1,47,1,0.2376,5,"6th Nation Gun Club is owned by Dane and Dana Hanson, who collectively bring over 17 years of experience in defensive shooting with 8 years dedicated to teaching. They are NRA certified in pistol, rif"
bay area firearms,Bay Area Firearms,https://www.getcarryclass.com/instructors/bay-area-firearms-4be4bd730b,bay-area-firearms-4be4bd730b,exact,not_indexed,1,san-benito,88,3,1,186,1,0.3162,5,"Founded in 2002, Bay Area Firearms Training Group is an NRA and multi-agency certified firearms training organization serving the Bay Area, authorized to teach California CCW courses in San Benito, Al"
kysmet services,Kysmet Services,https://www.getcarryclass.com/instructors/kysmet-services-1033fd3a6c,kysmet-services-1033fd3a6c,exact,not_indexed,1,san-benito,60,3,1,233,1,0.2308,5,KYSMET Services provides comprehensive CCW courses for both new applicants and recertification in Monterey and San Benito counties. Their team consists of approved instructors who deliver quality educ
hard focus firearms training,Hard Focus Firearms Training,https://www.getcarryclass.com/instructors/hard-focus-firearms-training-llc-78f8b158d7,hard-focus-firearms-training-llc-78f8b158d7,fuzzy,not_indexed,3,san-benito|stanislaus|tuolumne,68,3,1,0,4,0.8464,2,Hard Focus Firearms Training is dedicated to providing effective techniques in defensive shooting to protect students and their loved ones. They pride themselves on exceeding minimum standards by prov
saber tactics,Saber Tactics,https://www.getcarryclass.com/instructors/saber-tactics-bcc0091c3f,saber-tactics-bcc0091c3f,exact,not_indexed,4,san-benito|santa-clara|santa-cruz|tuolumne,75,3,1,312,1,0.3745,5,"Saber Tactics is a Bay Area firearms training company led by instructors with extensive law enforcement experience, including over 16 years each and specialized SWAT team backgrounds. They offer compr"
asp security tactics,ASP Security Tactics,https://www.getcarryclass.com/instructors/asp-security-tactics-38474e8890,asp-security-tactics-38474e8890,exact,not_indexed,1,san-benito,100,4,2,79,1,0.3347,5,"ASP Firearms Training offers a diverse and highly experienced team of instructors covering a wide range of backgrounds including competitive shooting, law enforcement, military, and civilian self-defe"
executech inc.,Executech Inc.,https://www.getcarryclass.com/instructors/executech-inc,executech-inc,constructed,unknown,1,san-benito,68,3,1,17,2,0.9486,2,Executech Security Solutions is a California-based security corporation headquartered in the San Francisco Bay Area that specializes in investigative and protective solutions. They offer CCW training 
california ccw courses,California CCW Courses,https://www.getcarryclass.com/instructors/california-ccw-courses-3ccd51f34e,california-ccw-courses-3ccd51f34e,exact,not_indexed,1,san-benito,58,3,1,106,1,0.3397,5,California CCW Courses provides online CCW training for both California residents and non-residents seeking concealed carry permits. They offer DOJ-compliant 16-hour initial courses and 8-hour renewal
mcgrew & associates inc.,McGrew & Associates Inc.,https://www.getcarryclass.com/instructors/mcgrew-associates-inc-f75201d271,mcgrew-associates-inc-f75201d271,exact,not_indexed,1,san-benito,79,4,2,3,3,0.7197,2,"McGrew & Associates, Inc. is a highly qualified investigative and security consulting firm located in San Jose, CA, with over 100 years of combined experience in law enforcement, security and investig"
bay area tactical (bat),Bay Area Tactical (BAT),https://www.getcarryclass.com/instructors/bay-area-tactical-group-bat-tactical-4903e3cbaa,bay-area-tactical-group-bat-tactical-4903e3cbaa,fuzzy,not_indexed,1,san-joaquin,77,3,1,90,1,0.7677,2,"Bay Area Tactical Group (BAT) is the premier destination for tactical and firearms training in the Bay Area, led by certified and experienced instructors. They offer a comprehensive range of courses f"
defensive accuracy firearms training,Defensive Accuracy Firearms Training,https://www.getcarryclass.com/instructors/defensive-firearms-training-llc-016e5d1f51,defensive-firearms-training-llc-016e5d1f51,fuzzy,not_indexed,1,san-joaquin,46,3,1,140,1,0.7928,2,"Defensive Accuracy Firearms Training provides California CCW instruction and training services in the Bay Area and Central California region. They offer initial CCW courses, renewals, modifications, p"
elite armory plus,Elite Armory Plus,https://www.getcarryclass.com/instructors/elite-armory-plus-8259faa779,elite-armory-plus-8259faa779,exact,not_indexed,1,san-joaquin,56,3,1,16,2,0.4834,4,Elite Armory offers online CCW courses including 16-hour initial and 8-hour renewal courses that allow students to go at their own pace according to their schedule. Upon completion of the online porti
hammerhead institute of training,Hammerhead Institute of Training,https://www.getcarryclass.com/instructors/hammerhead-institute-of-training-8666f64f1b,hammerhead-institute-of-training-8666f64f1b,exact,not_indexed,1,san-joaquin,63,3,1,208,1,0.267,5,"Hammerhead Institute of Training is a BSIS-approved training facility based in Stockton, CA that offers comprehensive CCW training and security guard certification courses. They provide a 16-hour CCW "
linden gun range,Linden Gun Range,https://www.getcarryclass.com/instructors/linden-gun-range-038a1ce22b,linden-gun-range-038a1ce22b,exact,not_indexed,1,san-joaquin,59,3,1,241,1,0.2619,5,Linden Gun Range is a public outdoor shooting facility in San Joaquin County featuring pistol and rifle ranges from 7.5 to 200 yards. They offer the LGR Academy for certified firearms training and ope
valley defensive solutions,Valley Defensive Solutions,https://www.getcarryclass.com/instructors/valley-defensive-solutions-3eb47cf3df,valley-defensive-solutions-3eb47cf3df,exact,not_indexed,2,san-joaquin|santa-clara,62,3,1,373,1,0.2959,5,"Valley Defensive Solutions offers California CCW training courses for residents in Sacramento, San Joaquin, Placer, Contra Costa, and Santa Clara counties. They provide CCW initial courses, renewals, "
elite armory,Elite Armory,https://www.getcarryclass.com/instructors/elite-armory-plus-8259faa779,elite-armory-plus-8259faa779,fuzzy,not_indexed,1,san-joaquin,56,3,1,16,2,0.4834,4,"Elite Armory offers online CCW courses including 16-hour initial and 8-hour renewal courses that students can complete at their own pace. They provide custom AR-15 builds, Glock armorer services, and "
advantage personal defense & tactics,Advantage Personal Defense & Tactics,https://www.getcarryclass.com/instructors/advantage-personal-defense-tactics-39bbf6cd04,advantage-personal-defense-tactics-39bbf6cd04,exact,not_indexed,1,san-luis-obispo,69,3,1,57,1,0.1932,5,"Advantage Personal Defense & Tactics has been providing CCW training in San Luis Obispo County since 2006, founded to address inadequate preparation of concealed carry permitees. The company has expan"
gryphon gun works,Gryphon Gun Works,https://www.getcarryclass.com/instructors/gryphon-gun-works-807bbe375b,gryphon-gun-works-807bbe375b,exact,not_indexed,1,san-luis-obispo,51,3,1,200,1,0.2532,5,"Gryphon Gun Works operates through Uncle Ed's Outfitters in Atascadero, serving as a selected CCW training provider for SLO County. They offer firearms training classes and work in partnership with ot"
peacekeeper specialized training institute,Peacekeeper Specialized Training Institute,https://www.getcarryclass.com/instructors/peacekeeper-specialized-training-institute-d5f8749011,peacekeeper-specialized-training-institute-d5f8749011,exact,not_indexed,1,san-luis-obispo,74,3,1,279,1,0.2674,5,Peacekeeper Specialized Training Institute is a California CCW training facility run by retired law enforcement officers with decades of experience. They offer a two-part 16-hour initial CCW course wi
the gun school,The Gun School,https://www.getcarryclass.com/instructors/the-gun-school-52147490e6,the-gun-school-52147490e6,exact,not_indexed,2,san-luis-obispo|tulare,74,4,2,353,1,0.2728,5,"The Gun School is a firearms training company owned and operated by Danny R. Wells, who has over 30 years of teaching experience and extensive qualifications with rifle, pistol, and shotgun. They offe"
"2nd a firearms training, llc","2nd A Firearms Training, LLC",https://www.getcarryclass.com/instructors/2nd-a-firearms-training-llc-fd9184f599,2nd-a-firearms-training-llc-fd9184f599,exact,not_indexed,1,san-diego,69,3,1,40,1,0.3984,5,"2nd A Firearms Training is a San Diego-based firearms training company that provides professional and affordable training in the safe, responsible and ethical use of firearms. They are staunch advocat"
ccw usa firearms training,CCW USA Firearms Training,https://www.getcarryclass.com/instructors/ccw-usa-firearms-training-3e05a40e77,ccw-usa-firearms-training-3e05a40e77,exact,indexed,1,san-diego,79,3,1,115,1,0.3333,5,"CCW USA Firearms Training provides professional CCW training, renewals, and multi-state permit courses for responsible gun owners in San Diego County. Led by instructor William Desy with over 30 years"
discount gun mart,Discount Gun Mart,https://www.getcarryclass.com/instructors/discount-gun-mart-cceee25333,discount-gun-mart-cceee25333,exact,not_indexed,1,san-diego,91,3,1,152,1,0.2307,5,"Discount Gun Mart is a well-established Southern California firearms institution with over 40 years in the business, offering both initial 16-hour and renewal 8-hour CCW permit courses at their two Sa"
practical defense systems,Practical Defense Systems,https://www.getcarryclass.com/instructors/practical-defense-systems-36383859f6,practical-defense-systems-36383859f6,exact,indexed,1,san-diego,76,3,1,290,1,0.2991,5,"Practical Defense Systems is a California state-certified training provider offering concealed carry courses for California, Utah, and Arizona, along with comprehensive security guard training and per"
the gunsmith guy,The Gunsmith Guy,https://www.getcarryclass.com/instructors/the-gunsmith-guy-1e13cf0a9f,the-gunsmith-guy-1e13cf0a9f,exact,not_indexed,1,san-diego,77,3,1,354,1,0.2585,5,"The Gunsmith Guy specializes in helping responsible, first-time gun owners and CCW holders build real confidence through practical instruction and simulated scenario training. They offer personalized "
poway weapons and gear,Poway Weapons and Gear,https://www.getcarryclass.com/instructors/poway-weapons-and-gear-ed1ee3f853,poway-weapons-and-gear-ed1ee3f853,exact,not_indexed,1,san-diego,68,3,1,287,1,0.4154,5,"Poway Weapons and Gear is a comprehensive training facility, shooting range, and retail store that has helped over 4,793 members secure their CCW permits. They offer the Concealed American 16-hour CCW"
mclaren defense,McLaren Defense,https://www.getcarryclass.com/instructors/mclaren-defense-aa22b288a3,mclaren-defense-aa22b288a3,exact,not_indexed,1,san-diego,65,3,1,250,1,0.3984,5,Mclaren Defense is a firearms training company that advocates for Constitutional rights while emphasizing responsibility through professional and affordable training. They provide comprehensive CCW tr
forza defense training,Forza Defense Training,https://www.getcarryclass.com/instructors/forza-defense-training-756514ead2,forza-defense-training-756514ead2,exact,not_indexed,1,san-diego,66,3,1,184,1,0.5995,3,"Forza Defense Training is Orange and San Diego County's premier concealed weapon training provider, led by CEO and founder Gina whose instructors are trained by NRA and USCCA. Their CCW courses are ac"
arc angel defense,ARC Angel Defense,https://www.getcarryclass.com/instructors/arc-angel-defense-40ff242f3a,arc-angel-defense-40ff242f3a,exact,not_indexed,1,san-diego,55,3,1,73,1,0.386,5,"Arc Angel Defense is a family, veteran owned and operated San Diego based business with 20+ years of security experience. They offer CCW training approved by the San Diego County Sheriff's Department,"
atlas defense group,Atlas Defense Group,https://www.getcarryclass.com/instructors/atlas-defense-group-b911e54d37,atlas-defense-group-b911e54d37,exact,not_indexed,1,san-diego,57,4,2,80,1,0.4433,5,"Atlas Defense Group, Inc. is a licensed training facility in San Diego that provides CCW training alongside security guard services. They offer both 16-hour initial CCW training (split into classroom "
"jrc consulting, inc.","JRC Consulting, Inc.",https://www.getcarryclass.com/instructors/jrc-consulting-inc-cff318fd4c,jrc-consulting-inc-cff318fd4c,exact,not_indexed,1,san-diego,61,2,1,223,1,0.2691,5,JRC Consulting is a professional security services company serving Southern California that offers comprehensive training programs including San Diego Sheriff's concealed carry training. They are one 
personal protection fire-arms training,Personal Protection Fire-Arms Training,https://www.getcarryclass.com/instructors/personal-protection-fire-arms-training-a182f05a5b,personal-protection-fire-arms-training-a182f05a5b,exact,indexed,1,san-diego,108,6,2,281,1,0.2765,5,"Personal Protection Firearms Training is owned and operated by James H. Murphy Jr., a San Diego-based firearms instructor whose background spans U.S. Marine Corps combat service in Vietnam, work as a "
west coast kinetic solutions,West Coast Kinetic Solutions,https://www.getcarryclass.com/instructors/west-coast-kinetic-solutions-b7835c723a,west-coast-kinetic-solutions-b7835c723a,exact,not_indexed,1,san-diego,58,3,1,381,1,0.3333,5,"West Coast Kinetic Solutions provides CCW firearms training and defensive shooting courses in San Diego, California. Led by instructor Matthew Hauff, the company brings special operations and law enfo"
nanpor security academy,Nanpor Security Academy,https://www.getcarryclass.com/instructors/nanpor-security-academy-7e5215913a,nanpor-security-academy-7e5215913a,exact,not_indexed,1,san-diego,64,3,1,258,1,0.3933,5,"NANPOR Security Academy is a veteran-owned business established in 1985 that provides comprehensive security training and services in San Diego County. They offer Guard Card, Firearm, CCW, Baton and p"
m&m firearms training,M&M Firearms Training,https://www.getcarryclass.com/instructors/firearms-training-e51d601167,firearms-training-e51d601167,fuzzy,not_indexed,1,san-diego,67,3,1,244,1,0.3461,5,"M&M Firearms Training is a veteran-owned and operated firearms training company serving the San Diego area. They offer CCW courses required for obtaining permits, including 16-hour initial classes and"
shoreshot shooting simulator,ShoreShot Shooting Simulator,https://www.getcarryclass.com/instructors/shoreshot-shooting-simulator-07d9e295fe,shoreshot-shooting-simulator-07d9e295fe,exact,not_indexed,1,san-diego,19,1,1,330,1,0.2038,5,"Simulated live-fire training facility in Oceanside offering CCW initial and renewal courses, private lessons, and range simulation sessions."
force defensive firearms trng,Force Defensive Firearms Trng,https://www.getcarryclass.com/instructors/force-defensive-firearms-trng-008acfd29f,force-defensive-firearms-trng-008acfd29f,exact,not_indexed,1,san-diego,67,3,1,19,2,0.8086,2,"Force Defensive Firearms Training offers small group CCW classes, in and out of state CCW training, private lessons, and pistol, rifle, and safety classes in Murrieta, CA. They are a POST CCW, DOJ CA "
"tap, rack, bang","Tap, Rack, Bang",https://www.getcarryclass.com/instructors/tap-rack-bang-training-c8e3a90d09,tap-rack-bang-training-c8e3a90d09,fuzzy,not_indexed,1,san-diego,67,3,1,344,1,0.6738,2,Tap Rack Bang is a full-time firearms training company that specializes in CCW training and civilian defense education. Led by instructors with over 30 combined years of experience training US Marines
fort harms,Fort Harms,https://www.getcarryclass.com/instructors/fort-harms-2caac89461,fort-harms-2caac89461,exact,not_indexed,1,san-diego,73,3,1,181,1,0.2912,5,"Fort Harms is a USMC Veteran owned firearms training business that provides San Diego County CCW certification, firearms training at all levels, Active Threat First Aid, and emergency preparedness edu"
vc firearms training,VC Firearms Training,https://www.getcarryclass.com/instructors/vc-firearms-training-b8ccfff29e,vc-firearms-training-b8ccfff29e,exact,not_indexed,1,san-diego,57,3,1,374,1,0.2938,5,"VC Firearms Training offers private and small group training classes for Concealed Carry (CCW), rifle and pistol in Valley Center and surrounding San Diego areas. They specialize in women-only classes"
protector ccw & firearms trng,Protector CCW & Firearms Trng,https://www.getcarryclass.com/instructors/protector-ccw-firearms-trng-6a023984e6,protector-ccw-firearms-trng-6a023984e6,exact,not_indexed,1,san-diego,59,3,1,31,2,0.7491,2,Protector CCW & Firearms Training provides 16-hour Initial and 8-hour Renewal CCW courses for Riverside and San Diego Counties. Their instructors are former USBP Law Enforcement with over 26 years of 
north county shooting center,North County Shooting Center,https://www.getcarryclass.com/instructors/north-county-shooting-center-04fc0da989,north-county-shooting-center-04fc0da989,exact,not_indexed,1,san-diego,67,3,1,266,1,0.2967,5,"North County Shooting Center is the premier full-service shooting range and retail gun store in San Diego County, located in Vista, CA. They offer professional CCW classes held several times a month w"
alpha culture,Alpha Culture,https://www.getcarryclass.com/instructors/alpha-culture-fd45da4492,alpha-culture-fd45da4492,exact,not_indexed,1,san-diego,51,4,2,8,2,0.7926,2,"Alpha Culture L.L.C. provides firearms training with a holistic approach combining in-field and classroom instruction. They offer USCCA courses, basic firearms training, and CPR & life support classes"
firearms training institute,Firearms Training Institute,https://www.getcarryclass.com/instructors/firearms-training-institute-35a8c70da9,firearms-training-institute-35a8c70da9,ambiguous_exact,not_indexed,2,santa-clara|santa-cruz,70,3,1,175,1,0.3118,5,"Firearms Training Institute offers comprehensive firearms training for students of all skill levels, including specialized courses taught by and designed for women only. They provide a wide range of N"
first priority security consulting llc,First Priority Security Consulting LLC,https://www.getcarryclass.com/instructors/first-priority-security-consulting-llc-69868f713a,first-priority-security-consulting-llc-69868f713a,exact,not_indexed,1,santa-clara,61,3,1,18,2,0.7585,2,First Priority Security Consulting LLC is a fully licensed FFL01/07 firearms business providing safe and affordable firearms training to citizens in San Joaquin and surrounding counties. They offer CC
friedman handgun training,Friedman Handgun Training,https://www.getcarryclass.com/instructors/friedman-handgun-training,friedman-handgun-training,constructed,unknown,1,santa-clara,62,3,1,192,1,0.9863,2,Friedman Handgun Training provides CCW training by appointment in compliance with new PC26165 SB2 requirements for both initial and renewal applications. They specialize in one-on-one training session
norcal med tac,NorCal Med Tac,https://www.getcarryclass.com/instructors/norcal-med-tac-1596ca2a69,norcal-med-tac-1596ca2a69,exact,not_indexed,1,santa-clara,57,3,1,265,1,0.2502,5,"NorCal MedTac is a mobile training company that delivers quality medical and defensive training to strengthen customers' ability to care for themselves and their communities. They serve individuals, b"
bay area tactical group,Bay Area Tactical Group,https://www.getcarryclass.com/instructors/bay-area-tactical-group-bat-tactical-4903e3cbaa,bay-area-tactical-group-bat-tactical-4903e3cbaa,fuzzy,not_indexed,1,santa-clara,81,3,1,10,2,0.7677,2,"Bay Area Tactical Group (BAT Tactical) is the premier destination for tactical and firearms training in the Bay Area, led by certified and experienced instructors. They offer a comprehensive range of "
coco firearms training,Coco Firearms Training,https://www.getcarryclass.com/instructors/firearms-training-e51d601167,firearms-training-e51d601167,fuzzy,not_indexed,1,santa-clara,57,3,1,1,3,0.8087,2,"Coco Firearm Training LLC is an approved CCW training vendor for numerous Bay Area law enforcement agencies including Alameda SO, Contra Costa SO, Sacramento SO, and many others. Based out of Oakley, "
silicon valley tactical,Silicon Valley Tactical,https://www.getcarryclass.com/instructors/silicon-valley-tactical-a754d9bb65,silicon-valley-tactical-a754d9bb65,exact,not_indexed,1,santa-clara,62,3,1,328,1,0.7659,2,"Silicon Valley Tactical (SVT) is a comprehensive firearm training company serving Campbell, CA offering programs from beginner to expert levels. They provide personalized CCW training including 16-hou"
bayprofs,BayProfs,https://www.getcarryclass.com/instructors/bayprofs-7f6e0d1b7b,bayprofs-7f6e0d1b7b,exact,not_indexed,1,santa-clara,67,3,1,92,1,0.2614,5,"Bayprofs is a 501(c)(3) non-profit corporation that has provided safe, quality firearms training in the San Francisco Bay Area for more than 35 years, having trained over two thousand people. They off"
"mcgrew & associates, inc","McGrew & Associates, Inc",https://www.getcarryclass.com/instructors/mcgrew-associates-inc-f75201d271,mcgrew-associates-inc-f75201d271,exact,not_indexed,1,santa-clara,66,4,2,3,3,0.8174,2,"McGrew & Associates, Inc. is a highly qualified investigative and security consulting firm in San Jose that specializes in security training including Guard Card, firearms, and CCW courses. They bring"
silicon valley tactical firearm instruction,Silicon Valley Tactical Firearm Instruction,https://www.getcarryclass.com/instructors/silicon-valley-tactical-firearm-instruction,silicon-valley-tactical-firearm-instruction,constructed,unknown,1,santa-cruz,70,3,1,329,1,0.7659,2,"Silicon Valley Tactical (SVT) provides comprehensive firearm training programs from beginner to expert levels in Campbell, CA. They offer personalized learning experiences with friendly and experience"
executech security solutions inc.,Executech Security Solutions Inc.,https://www.getcarryclass.com/instructors/executech-security-solutions-inc-b5e8b18853,executech-security-solutions-inc-b5e8b18853,exact,not_indexed,1,santa-cruz,65,3,1,17,2,0.9486,2,Executech Security Solutions is a California-based corporation headquartered in the San Francisco Bay Area that specializes in investigative and protective solutions. The company offers CCW training f
bat tactical (bay area tactical group),BAT Tactical (Bay Area Tactical Group),https://www.getcarryclass.com/instructors/bay-area-tactical-group-bat-tactical-4903e3cbaa,bay-area-tactical-group-bat-tactical-4903e3cbaa,fuzzy,not_indexed,1,santa-cruz,68,3,1,88,1,0.7597,2,BAT Tactical (Bay Area Tactical Group) is the premier destination for tactical and firearms training in the Bay Area. Their expert certified instructors provide comprehensive programs from basic handg
"mcgrew & associates, inc.","McGrew & Associates, Inc.",https://www.getcarryclass.com/instructors/mcgrew-associates-inc-f75201d271,mcgrew-associates-inc-f75201d271,exact,not_indexed,1,santa-cruz,62,4,2,3,3,0.8174,2,"McGrew & Associates, Inc. is a highly qualified investigative and security consulting firm in San Jose that offers California CCW courses among other security training services. The company brings ove"
bullseye tactical firearms,Bullseye Tactical Firearms,https://www.getcarryclass.com/instructors/bullseye-tactical-firearms-360da88bb6,bullseye-tactical-firearms-360da88bb6,exact,not_indexed,1,shasta,60,4,2,11,2,0.575,3,"Bullseye Tactical Firearms Training provides CCW permit classes and tactical firearms training in the Redding, Shasta County, Mt. Shasta, and Siskiyou County area of California. They offer small class"
nice shot,Nice Shot,https://www.getcarryclass.com/instructors/nice-shot-fa4f19a363,nice-shot-fa4f19a363,exact,not_indexed,2,shasta|sierra,75,3,1,262,1,0.2967,5,Nice Shot is a premier indoor shooting range and firearms training facility in Redding featuring twelve shooting lanes and extensive rental firearm options. They offer CCW permit training for multiple
state of jefferson firearms,State of Jefferson Firearms,https://www.getcarryclass.com/instructors/state-of-jefferson-firearms-training-ebaf684940,state-of-jefferson-firearms-training-ebaf684940,fuzzy,not_indexed,1,shasta,65,3,1,35,2,0.6297,3,"State of Jefferson Firearms Training is a certified CCW training center serving North State California residents across multiple counties including Tehama, Shasta, Glenn, Trinity, Lassen, and Siskiyou"
jones fort,Jones Fort,https://www.getcarryclass.com/instructors/jones-fort-cb9d340ee2,jones-fort-cb9d340ee2,exact,not_indexed,2,shasta|siskiyou,48,3,1,222,1,0.6196,3,"Jones' Fort is a gun shop serving Redding since 1962, offering firearms sales, transfers, and California regulatory compliance assistance. They buy, sell, and trade new and used firearms with a 1-Year"
shasta defense,Shasta Defense,https://www.getcarryclass.com/instructors/shasta-defense-add7bf03a4,shasta-defense-add7bf03a4,exact,not_indexed,2,shasta|tehama,63,3,1,319,1,0.3305,5,"Shasta Defense provides CCW instruction in Shingletown, California, with Sheriff permits valid for all of California. Nathan Zeliff, a California Attorney at Law and certified DOJ and NRA firearms ins"
k2 defense academy,K2 Defense Academy,https://www.getcarryclass.com/instructors/k2-defense-academy-d48f34557e,k2-defense-academy-d48f34557e,exact,not_indexed,2,shasta|tehama,70,3,1,224,1,0.3212,5,"K2 Defense Academy provides professional, family-friendly firearms training by NRA and DOJ certified instructors in Northern California. They offer CCW certification classes for both initial certifica"
twin cities rod & gun,Twin Cities Rod & Gun,https://www.getcarryclass.com/instructors/twin-cities-rod-and-gun-club-88132675d0,twin-cities-rod-and-gun-club-88132675d0,fuzzy,not_indexed,1,sierra,53,2,1,5,3,0.3487,4,Twin Cities Rod and Gun Club is a recreational shooting club in Yuba City that maintains two active ranges and offers CCW classes accepted by Sutter and Yuba Counties. The club's mission includes prov
bullseye tactical firearms training,Bullseye Tactical Firearms Training,https://www.getcarryclass.com/instructors/bullseye-tactical-firearms-360da88bb6,bullseye-tactical-firearms-360da88bb6,fuzzy,not_indexed,1,siskiyou,77,4,2,102,1,0.6657,2,"Bullseye Tactical Firearms Training provides convenient CCW permit classes, tactical handgun training, and tactical rifle training in the Redding, Shasta County, Mt. Shasta, and Siskiyou County area o"
29 outdoor gear,29 Outdoor Gear,https://www.getcarryclass.com/instructors/29-outdoor-gear,29-outdoor-gear,constructed,unknown,1,solano,46,2,1,39,1,0.1642,5,"29 Outdoor Gear is a firearms retailer located in American Canyon, California, founded in 2014 by Jerry Kunzman and David Lang, two local Napa Area residents and firearms enthusiasts. The shop is situ"
bay area tactical,Bay Area Tactical,https://www.getcarryclass.com/instructors/bay-area-tactical,bay-area-tactical,constructed,unknown,1,solano,76,3,1,91,1,0.7597,2,Bay Area Tactical Group is a premier tactical and firearms training company serving the Bay Area with expert instructors providing education and support for all skill levels. They offer a wide range o
blue ridge consulting and firearms,Blue Ridge Consulting and Firearms,https://www.getcarryclass.com/instructors/blue-ridge-consulting-and-firearms-6aa57f6c02,blue-ridge-consulting-and-firearms-6aa57f6c02,exact,not_indexed,1,solano,128,4,2,99,1,0.2792,5,"Blue Ridge Consulting and Firearms is led by Dave Adams, who brings an exceptional level of real-world experience to firearms instruction, having served 37 years in the U.S. Army Reserves — retiring a"
dobbs firearm training,Dobbs Firearm Training,https://www.getcarryclass.com/instructors/dobbs-firearm-training-decade8294,dobbs-firearm-training-decade8294,exact,not_indexed,2,contra-costa|solano,48,3,1,153,1,0.6223,3,"Dobbs Firearm Training provides California CCW training courses, specializing in 8-hour SB2 training requirements for permit renewals. They serve multiple counties including Calaveras, Contra Costa, S"
"shields defense, llc","Shields Defense, LLC",https://www.getcarryclass.com/instructors/shields-defense-llc-f12ffe6ee8,shields-defense-llc-f12ffe6ee8,exact,not_indexed,1,solano,63,3,1,320,1,0.25,5,Shields Defense is a black-owned company founded by two brothers with expertise in firearms training and emergency medical services. They offer CCW qualification courses for both Solano County and Con
split fire firearms training,Split Fire Firearms Training,https://www.getcarryclass.com/instructors/split-fire-firearms-training-48a08dac60,split-fire-firearms-training-48a08dac60,exact,not_indexed,1,solano,72,4,2,336,1,0.3554,5,"Split Fire Firearms Training is an approved training company serving Northern California since 2010, specializing in CCW certifications for most North Bay area counties along with Alameda, Napa and Sa"
2nd amendment firearms academy,2nd AMENDMENT FIREARMS ACADEMY,https://www.getcarryclass.com/instructors/2nd-amendment-firearms-academy,2nd-amendment-firearms-academy,constructed,unknown,2,contra-costa|sonoma,70,4,2,6,2,0.7361,2,2A Firearms Academy is a Bay Area-based firearms training company founded by U.S. Army veteran Doug Kevilus and co-founder Ryan Lewis. The academy specializes in California CCW certification and defen
titan protective training,Titan Protective Training,https://www.getcarryclass.com/instructors/titan-protective-training-9992fec950,titan-protective-training-9992fec950,exact,not_indexed,1,sonoma,71,3,1,361,1,0.3631,5,"Titan Protective Services & Training is owned and operated by Jammey Feith, a retired Sonoma County Sheriff's Office officer with over 27 years of firearms expertise. Located in Sonoma County, they of"
ferguson arms llc,Ferguson Arms LLC,https://www.getcarryclass.com/instructors/ferguson-arms-llc-d139dbb1ec,ferguson-arms-llc-d139dbb1ec,exact,not_indexed,1,sonoma,52,3,1,171,1,0.3676,5,Ferguson Arms LLC is a Santa Rosa-based firearms dealer and training provider operating by appointment only. They offer 16-hour initial concealed carry courses for Sonoma County at $325 and 8-hour ren
g4 firearms,G4 Firearms,https://www.getcarryclass.com/instructors/g4-firearms-2452c960d8,g4-firearms-2452c960d8,exact,indexed,1,sonoma,50,3,1,194,1,0.6217,3,"G4 Firearms is a full-service gun store and training facility serving Sonoma County. They offer firearms courses for every skill level including CCW training, women's handgun safety, home defense, and"
trident firearms academy,Trident Firearms Academy,https://www.getcarryclass.com/instructors/trident-firearms-academy-343bb3b65b,trident-firearms-academy-343bb3b65b,exact,not_indexed,1,stanislaus,80,3,1,365,1,0.2474,5,"Trident Firearms Academy is the Central Valley's premier firearms training organization that empowers civilians, security and military personnel, and law enforcement officers with comprehensive traini"
"valley defense consulting, inc.","Valley Defense Consulting, Inc.",https://www.getcarryclass.com/instructors/valley-defense-consulting-3dbeda9c8b,valley-defense-consulting-3dbeda9c8b,fuzzy,not_indexed,1,stanislaus,54,3,1,371,1,0.5127,4,"Valley Defense Consulting offers comprehensive firearms training for civilians and law enforcement in Modesto, California. Their instructors have served in local law enforcement and have been trained "
fred's firearms,Fred's Firearms,https://www.getcarryclass.com/instructors/freds-firearms,freds-firearms,constructed,unknown,1,stanislaus,66,3,1,188,1,0.3034,5,Fred's Firearms Training is a family business owned by Fred and Jennifer that provides professional CCW training programs in Stanislaus County. They offer a comprehensive 16-hour initial CCW course wi
"hammer stryke self-reliance training, inc","Hammer Stryke Self-Reliance Training, Inc",https://www.getcarryclass.com/instructors/hammer-stryke-self-reliance-training-inc-a768c788f7,hammer-stryke-self-reliance-training-inc-a768c788f7,exact,indexed,1,stanislaus,64,3,1,22,2,0.7981,2,"Hammer Stryke Self-Reliance Training is a California Corporation providing advanced firearms training with facilities in Mariposa and Merced Counties. Their instructors have backgrounds in military, l"
rosengarten firearms trainings,Rosengarten Firearms Trainings,https://www.getcarryclass.com/instructors/rosengarten-firearms-trainings-7c11aff3ed,rosengarten-firearms-trainings-7c11aff3ed,exact,not_indexed,1,stanislaus,63,3,1,309,1,0.5349,4,"Rosengarten Firearms Training has been providing CCW instruction since 1998, led by certified instructors including retired law enforcement officers. They offer 16-hour CCW classes accepted by multipl"
kiwi's custom guns inc.,Kiwi's Custom Guns Inc.,https://www.getcarryclass.com/instructors/kiwis-custom-guns-inc,kiwis-custom-guns-inc,constructed,unknown,1,stanislaus,59,4,2,229,1,0.7756,2,Kiwi's Custom Guns Inc. operates a state-of-the-art climate controlled indoor shooting range with five 25-yard lanes capable of handling calibers up to .50BMG. The facility features advanced Action Ta
stage stop sporting goods,Stage Stop Sporting Goods,https://www.getcarryclass.com/instructors/stage-stop-sporting-goods,stage-stop-sporting-goods,constructed,unknown,1,stanislaus,103,5,2,337,1,0.4982,4,"Stage Stop Gun Shop is a family-owned firearm and archery retailer with two Central California locations in Mariposa and Atwater, offering both initial and renewal CCW permit courses alongside a full "
twin cities rod and gun,Twin Cities Rod and Gun,https://www.getcarryclass.com/instructors/twin-cities-rod-and-gun-club-88132675d0,twin-cities-rod-and-gun-club-88132675d0,fuzzy,not_indexed,1,sutter,55,3,1,5,3,0.667,2,"Twin Cities Rod and Gun Club offers monthly concealed carry weapon classes taught by NRA certified instructors. Classes meet training requirements for Yuba, Sutter & Colusa County residents and are he"
conseale,Conseale,https://www.getcarryclass.com/instructors/conseale-05c18e1e2d,conseale-05c18e1e2d,exact,not_indexed,2,sutter|yuba,57,3,1,132,1,0.2985,5,"Conseale is operated by John Green, a DOJ Certified Pistol Instructor and NRA Instructor for Personal Protection Inside and Outside the Home. They offer SB2 compliant 16-hour CCW permit classes and 8-"
nor-cal tactical,Nor-Cal Tactical,https://www.getcarryclass.com/instructors/nor-cal-tactical,nor-cal-tactical,constructed,unknown,1,sutter,48,3,1,29,2,0.5076,4,"NorCal Tactical is a firearms retailer and training provider located in Sutter, California. They offer concealed carry courses including initial and renewal classes, as well as basic firearm training."
shooter's paradise of yuba city,Shooter's Paradise of Yuba City,https://www.getcarryclass.com/instructors/shooter-s-paradise-of-yuba-city-c4a5980224,shooter-s-paradise-of-yuba-city-c4a5980224,fuzzy,indexed,1,sutter,59,3,1,324,1,0.853,2,Shooter's Paradise of Yuba City is a veteran-owned and operated indoor shooting range and gun shop featuring the only public indoor range in the Yuba/Sutter area. They carry name brands including Spri
sierra tactical training and active response,Sierra Tactical Training and Active Response,https://www.getcarryclass.com/instructors/sierra-tactical-training-and-active-response-9979afae8d,sierra-tactical-training-and-active-response-9979afae8d,exact,not_indexed,1,sutter,80,3,1,4,3,0.6553,2,"Sierra Tactical Training and Active Response Resources is located in Bishop, California and provides certified CCW classes for Inyo and Mono Counties. They offer both initial 16-hour CCW certification"
greco's firearm sales,Greco's Firearm Sales,https://www.getcarryclass.com/instructors/grecos-firearm-sales,grecos-firearm-sales,constructed,unknown,1,tehama,68,3,1,198,1,0.2743,5,"Greco's Firearm Sales is a full-service firearms dealer and CCW training provider operated by instructor Rick Greco in Redding, California. The business combines firearm sales, custom AR-15 builds, an"
jones' fort gun shop,Jones' Fort Gun Shop,https://www.getcarryclass.com/instructors/jones-fort-gun-shop,jones-fort-gun-shop,constructed,unknown,1,tehama,60,3,1,221,1,0.6196,3,Jones' Fort Gun Shop has been serving Redding since 1962 as a full-service firearms dealer offering new and used guns with a 1-year warranty. Their qualified staff provides first-hand knowledge to hel
michigan firearm and cpl training llc,Michigan Firearm and CPL Training LLC,https://www.getcarryclass.com/instructors/michigan-firearm-and-cpl-training-llc-8b9a5c9c2e,michigan-firearm-and-cpl-training-llc-8b9a5c9c2e,exact,not_indexed,1,tehama,54,3,1,251,1,0.5334,4,"Michigan Firearm and CPL Training LLC operates nationally, teaching California CCW and Michigan CPL classes with a focus on safety and defensive skills. The company specializes in training beginners a"
star crossed firearms,Star Crossed Firearms,https://www.getcarryclass.com/instructors/crossed-star-firearms-19d51aa5d6,crossed-star-firearms-19d51aa5d6,fuzzy,not_indexed,1,tehama,71,3,1,2,3,0.8949,2,Crossed Star Firearms is a Northern California firearms instructor offering CCW classes and firearms training for all levels of shooters. They provide approved CCW courses for residents of multiple co
zombie arms & ammuntion,Zombie Arms & Ammuntion,https://www.getcarryclass.com/instructors/zombie-arms-ammuntion-ef7c3e06b8,zombie-arms-ammuntion-ef7c3e06b8,exact,not_indexed,1,tehama,64,3,1,385,1,0.3759,5,Zombie Arms & Ammunition is a veteran owned and operated company that provides firearms training and CCW courses in Northern California. They offer Two Day Initial and One Day Renewal CCW courses taug
morgan dant,Morgan Dant,https://www.getcarryclass.com/instructors/morgan-dant,morgan-dant,constructed,unknown,1,trinity,60,2,1,2,3,0.8949,2,"Crossed Star Firearms is a Northern California firearms instructor offering CCW classes approved for residents from multiple counties including Butte, Contra Costa, Glenn, Lassen, Modoc, Nevada, Place"
galardo firearms training,Galardo Firearms Training,https://www.getcarryclass.com/instructors/firearms-training-e51d601167,firearms-training-e51d601167,fuzzy,not_indexed,1,tulare,61,3,1,21,2,0.5874,3,"Gallardo Firearms Training is operated by two military veteran brothers, Jesus and Adolfo Gallardo, who provide CCW training in Tulare and Kings counties. They offer both initial and renewal CCW class"
triple threat solutions,Triple Threat Solutions,https://www.getcarryclass.com/instructors/triple-threat-solutions-ca839b3a12,triple-threat-solutions-ca839b3a12,exact,not_indexed,1,tulare,66,3,1,366,1,0.2912,5,"Triple Threat Solutions is a veteran-owned and operated training company that provides CCW training courses including initial and renewal certifications, as well as advanced CCW courses. They offer tr"
hard focus firearm training,Hard Focus Firearm Training,https://www.getcarryclass.com/instructors/hard-focus-firearms-training-llc-78f8b158d7,hard-focus-firearms-training-llc-78f8b158d7,fuzzy,not_indexed,1,tulare,58,3,1,0,4,0.9667,2,Hard Focus Firearms Training is dedicated to providing effective defensive shooting techniques to protect yourself and loved ones. They pride themselves on going above and beyond minimum standards by 
tactical 360 firearms training,Tactical 360 Firearms Training,https://www.getcarryclass.com/instructors/tactical-360-firearms-training-23d712e2c3,tactical-360-firearms-training-23d712e2c3,exact,not_indexed,1,tulare,65,3,1,36,2,0.6731,2,"Tactical 360 is a firearms training company located in Bakersfield, California, led by certified instructor Chris Martinez with over 30 years of experience. They specialize in training law enforcement"
police science institute and range pistol club,Police Science Institute and Range Pistol Club,https://www.getcarryclass.com/instructors/police-science-institute-and-range-pistol-club-20fcdaa066,police-science-institute-and-range-pistol-club-20fcdaa066,exact,not_indexed,1,tulare,62,3,1,285,1,0.5664,3,Police Science Institute and Range Pistol Club has been the Valley's premier independent school for security and law enforcement training since 1991. The facility combines a full-service indoor firear
premier tactical training,Premier Tactical Training,https://www.getcarryclass.com/instructors/premier-tactical-training-2c12bc858a,premier-tactical-training-2c12bc858a,ambiguous_exact,not_indexed,1,tulare,60,4,2,7,2,0.5796,3,"559CCW provides online and in-person California CCW training led by a U.S. Marine Corps veteran and DOJ-certified instructor. They offer flexible online courses with automatic progress saving, serving"
rankin field,Rankin Field,https://www.getcarryclass.com/instructors/rankin-field-5283afad11,rankin-field-5283afad11,exact,not_indexed,1,tulare,59,3,1,299,1,0.5844,3,"Rankin Field Weapons Range is a public shooting facility in Central California offering multiple pistol ranges, a 100-yard rifle range, and firearms training classes. They provide CCW permit courses a"
kimes firearms training,Kimes Firearms Training,https://www.getcarryclass.com/instructors/kimes-firearms-training-dccbe07c92,kimes-firearms-training-dccbe07c92,exact,not_indexed,1,tulare,27,2,1,228,1,0.2059,5,Kimes Firearms Training offers firearms instruction and CCW classes for Tulare County residents. They also provide guidance for those interested in getting involved in competition shooting sports.
shooter ready,Shooter Ready,https://www.getcarryclass.com/instructors/shooter-ready-84ff1f605f,shooter-ready-84ff1f605f,ambiguous_exact,not_indexed,1,tulare,56,3,1,322,1,0.2511,5,"Shooter Ready is a veteran-owned and operated gun store in Visalia, California that specializes in home defense firearms, ammunition, holsters, and accessories. They are committed to responsible gun o"
tactical firearms training institute,Tactical Firearms Training Institute,https://www.getcarryclass.com/instructors/tactical-firearms-training-institute-021e7325b6,tactical-firearms-training-institute-021e7325b6,exact,not_indexed,1,ventura,69,3,1,359,1,0.3005,5,"The Tactical Firearms Training Institute specializes in police law enforcement instructor training and civilian firearms training across Los Angeles, Ventura, Santa Barbara, Kern, Riverside, Orange, S"
california tactical academy,California Tactical Academy,https://www.getcarryclass.com/instructors/california-tactical-academy-28db0fbfbb,california-tactical-academy-28db0fbfbb,exact,not_indexed,1,ventura,51,3,1,109,1,0.345,5,"California Tactical Academy is a 1,500+ acre outdoor shooting facility in Los Angeles offering tactical and competition training courses for beginners, intermediate and advanced shooters. They provide"
ventura ccw,Ventura CCW,https://www.getcarryclass.com/instructors/ventura-ccw-2148f8fb45,ventura-ccw-2148f8fb45,exact,not_indexed,1,ventura,88,2,1,12,2,0.4617,4,"Cal Guns Training is led by Shawn, a former deputy with 8 years in law enforcement and over 15 years of teaching experience, offering initial 16-hour and renewal 8-hour CCW courses for Ventura and Los"
mv tactical & firearms,MV Tactical & Firearms,https://www.getcarryclass.com/instructors/mv-tactical-firearms-afab8d3eb2,mv-tactical-firearms-afab8d3eb2,exact,not_indexed,1,ventura,61,3,1,256,1,0.5301,4,MV Tactical & Firearms Training is a tactical firearms training company serving the Los Angeles and Ventura County areas. They offer comprehensive courses from basic defensive pistol to advanced tacti
critical advantage consulting,Critical Advantage Consulting,https://www.getcarryclass.com/instructors/critical-advantage-consulting,critical-advantage-consulting,constructed,unknown,1,ventura,56,3,1,134,1,0.6884,2,Critical Advantage Consulting is a veteran and honorably retired law enforcement owned training company founded in 2019 with 53 years of combined law enforcement experience. They specialize in safety 
action firearms training,Action Firearms Training,https://www.getcarryclass.com/instructors/action-firearms-training-3e2c8a1aa8,action-firearms-training-3e2c8a1aa8,exact,not_indexed,1,ventura,58,3,1,55,1,0.6884,2,Action Firearms Training is a veteran and honorably retired law enforcement owned company founded in 2019 with 53 years of combined law enforcement experience. They specialize in safety and firearms t
true aim ccw certification,True Aim CCW Certification,https://www.getcarryclass.com/instructors/true-aim-ccw-certification-d2d763a779,true-aim-ccw-certification-d2d763a779,exact,not_indexed,1,ventura,70,3,1,367,1,0.243,5,"True Aim CCW Certification is a family-owned firearms training business serving Ventura and Los Angeles County for two generations. They provide NRA certified pistol, rifle and shotgun classes as well"
covered 6,Covered 6,https://www.getcarryclass.com/instructors/covered-6-d236fa0fa2,covered-6-d236fa0fa2,exact,not_indexed,1,ventura,71,3,1,133,1,0.3262,5,"Covered 6 is a full-service professional private security company providing security services globally, with specialized training programs for first responders and protective services personnel. They "
308 tactical,308 Tactical,https://www.getcarryclass.com/instructors/308-tactical,308-tactical,constructed,unknown,1,ventura,67,3,1,42,1,0.482,4,"308 Tactical provides firearms training including CCW courses for Los Angeles and Ventura County residents seeking California CCW permits. As an officially LAPD and LASD approved provider, their cours"
home grown safety,Home Grown Safety,https://www.getcarryclass.com/instructors/home-grown-safety-188eff72a8,home-grown-safety-188eff72a8,exact,not_indexed,1,ventura,71,3,1,212,1,0.2299,5,"Home Grown Safety is operated by Brandy Lengning, a Ventura County CCW Sheriff Approved Instructor who approaches firearms training from a civilian perspective rather than law enforcement or military "
tim trinh,Tim Trinh,https://www.getcarryclass.com/instructors/tim-trinh-ca2a297402,tim-trinh-ca2a297402,exact,not_indexed,1,ventura,47,3,1,107,1,0.3805,5,California Concealed Carry Workshop provides self-defense education and training for residents throughout Southern California. Their highly qualified instructors come from diverse backgrounds includin
martin rudzinski,Martin Rudzinski,https://www.getcarryclass.com/instructors/martin-rudzinski-c5eb691011,martin-rudzinski-c5eb691011,exact,not_indexed,1,ventura,71,3,1,74,1,0.2653,5,"Archangel Tactics is a Phoenix University-certified firearm instruction agency founded in 2004 in Camarillo, CA, with additional NRA certifications. Owner Martin Rudzinski is a decorated Marine with o"
victor charlie armory,Victor Charlie Armory,https://www.getcarryclass.com/instructors/victor-charlie-armory-fb88042277,victor-charlie-armory-fb88042277,exact,not_indexed,1,ventura,64,3,1,376,1,0.2428,5,"Victor Charlie Armory is Ventura County's premier firearms dealer and training facility, offering elite firearms training, ammunition sales, and gunsmithing services. They provide state-of-the-art tra"
api academy,API Academy,https://www.getcarryclass.com/instructors/api-academy-03903c33f1,api-academy-03903c33f1,exact,not_indexed,1,yuba,67,3,1,71,1,0.3254,5,API Academy is a California-based training facility that provides professional security and firearms training in compliance with Bureau of Security and Investigative Services (BSIS) requirements. They
precision firearms training solutions,Precision Firearms Training Solutions,https://www.getcarryclass.com/instructors/precision-firearms-training-solutions-7f3a0c6fed,precision-firearms-training-solutions-7f3a0c6fed,exact,not_indexed,1,yuba,59,3,1,294,1,0.2638,5,"Precision Firearms Training Solutions provides comprehensive firearms education and training for personal protection, recreation, and professional development. They offer courses including Basic Pisto"
shooters paradise,Shooters Paradise,https://www.getcarryclass.com/instructors/shooters-paradise,shooters-paradise,constructed,unknown,1,yuba,71,3,1,323,1,0.853,2,"Shooter's Paradise is a veteran-owned and operated indoor shooting range and gun shop in Yuba City, serving as the only public indoor shooting range in the Yuba/Sutter area. They offer a 9-lane indoor"
sttarr,STTARR,https://www.getcarryclass.com/instructors/sttarr,sttarr,constructed,unknown,1,yuba,64,3,1,4,3,0.6858,2,"Sierra Tactical Training and Active Response Resources (STTARR) is located in Bishop, California and provides certified CCW training for Inyo and Mono Counties. They offer both online and in-person co"
twin cities rod and gun club,Twin Cities Rod and Gun Club,https://www.getcarryclass.com/instructors/twin-cities-rod-and-gun-club-88132675d0,twin-cities-rod-and-gun-club-88132675d0,exact,not_indexed,1,yuba,65,3,1,5,3,0.667,2,"Twin Cities Rod and Gun Club offers monthly concealed carry weapon classes taught by NRA certified instructors. The club serves Yuba, Sutter, and Colusa County residents with state-approved training c"
friedman firearms training,Friedman Firearms Training,https://www.getcarryclass.com/instructors/friedman-firearms-training-bd155757da,friedman-firearms-training-bd155757da,exact,not_indexed,1,contra-costa,60,3,1,191,1,0.9863,2,Friedman Firearms Training provides CCW training by appointment in compliance with PC26165 SB2 requirements for both initial and renewal applications. They specialize in one-on-one training sessions r
delta tactical training group,Delta Tactical Training Group,https://www.getcarryclass.com/instructors/delta-tactical-training-group-5892efd380,delta-tactical-training-group-5892efd380,exact,not_indexed,1,contra-costa,67,3,1,151,1,0.2935,5,"Delta Tactical Training Group is a veteran-owned, civilian firearms and self-defense training company established in 2011 in the San Francisco Bay Area. They offer CCW courses, basic and intermediate "
gun kraft,Gun Kraft,https://www.getcarryclass.com/instructors/gun-kraft-0c5bb4e008,gun-kraft-0c5bb4e008,exact,indexed,1,contra-costa,74,3,1,202,1,0.2316,5,"Gun Kraft provides comprehensive CCW training at the San Leandro Rifle & Pistol Range, focusing on practical self-defense skills beyond shooting. Their curriculum covers situational awareness, Califor"
"leo defensive concepts, llc","LEO Defensive Concepts, LLC",https://www.getcarryclass.com/instructors/leo-defensive-concepts-llc-4d24bcaaa6,leo-defensive-concepts-llc-4d24bcaaa6,exact,not_indexed,1,contra-costa,77,3,1,239,1,0.2299,5,"LEO Defensive Concepts, LLC is a defensive firearms training company founded by law enforcement and medical professionals. Led by retired officers Joe Leonardo (29 years LE, 20 years SWAT) and Archie "
dapper defense,Dapper Defense,https://www.getcarryclass.com/instructors/dapper-defense-0db9d25704,dapper-defense-0db9d25704,exact,not_indexed,1,contra-costa,56,3,1,137,1,0.3923,5,"Dapper Defense provides CCW training and NRA-certified firearms instruction in the East Bay area. The instructor holds multiple certifications including NRA Certified Instructor (Pistol, Shotgun, CCW,"
